Dst Port,Protocol,Timestamp,Flow Duration,Tot Fwd Pkts,Tot Bwd Pkts,TotLen Fwd Pkts,TotLen Bwd Pkts,Fwd Pkt Len Max,Fwd Pkt Len Min,Fwd Pkt Len Mean,Fwd Pkt Len Std,Bwd Pkt Len Max,Bwd Pkt Len Min,Bwd Pkt Len Mean,Bwd Pkt Len Std,Flow Byts/s,Flow Pkts/s,Flow IAT Mean,Flow IAT Std,Flow IAT Max,Flow IAT Min,Fwd IAT Tot,Fwd IAT Mean,Fwd IAT Std,Fwd IAT Max,Fwd IAT Min,Bwd IAT Tot,Bwd IAT Mean,Bwd IAT Std,Bwd IAT Max,Bwd IAT Min,Fwd PSH Flags,Bwd PSH Flags,Fwd URG Flags,Bwd URG Flags,Fwd Header Len,Bwd Header Len,Fwd Pkts/s,Bwd Pkts/s,Pkt Len Min,Pkt Len Max,Pkt Len Mean,Pkt Len Std,Pkt Len Var,FIN Flag Cnt,SYN Flag Cnt,RST Flag Cnt,PSH Flag Cnt,ACK Flag Cnt,URG Flag Cnt,CWE Flag Count,ECE Flag Cnt,Down/Up Ratio,Pkt Size Avg,Fwd Seg Size Avg,Bwd Seg Size Avg,Fwd Byts/b Avg,Fwd Pkts/b Avg,Fwd Blk Rate Avg,Bwd Byts/b Avg,Bwd Pkts/b Avg,Bwd Blk Rate Avg,Subflow Fwd Pkts,Subflow Fwd Byts,Subflow Bwd Pkts,Subflow Bwd Byts,Init Fwd Win Byts,Init Bwd Win Byts,Fwd Act Data Pkts,Fwd Seg Size Min,Active Mean,Active Std,Active Max,Active Min,Idle Mean,Idle Std,Idle Max,Idle Min,Label,source,is_attack,attack_type
22,6,22/02/2018 10:57:10,1692719,16,16,1096,2261,272,0,68.5,81.3568272079,976,0,141.3125,302.9998281078,1983.1998104824,18.9044962572,54603.8387096774,65025.0785866995,165646,18,1691849,112789.933333333,53750.6623367386,167419,39,1692701,112846.733333333,64642.150898473,240999,18,0,0,0,0,332,332,9.4522481286,9.4522481286,0,976,101.7272727273,218.6251461874,47796.9545454545,0,0,0,1,0,0,0,0,1,104.90625,68.5,141.3125,0,0,0,0,0,0,16,1096,16,2261,14600,227,11,20,0.0,0.0,0,0,0.0,0.0,0,0,Benign,Thursday,False,Normal
80,6,22/02/2018 11:23:11,5008209,5,3,646,364,646,0,129.2,288.899982693,364,0,121.3333333333,210.155497985,201.6689,1.5973774257,715458.428571429,1868985.63475216,4953704,16,5008209,1252052.25,2467892.7019164,4953704,386,3289,1644.5,597.5052301026,2067,1222,0,0,0,0,112,72,0.9983608911,0.5990165347,0,646,112.2222222222,233.5774913052,54558.4444444445,0,0,1,1,0,0,0,1,0,126.25,129.2,121.3333333333,0,0,0,0,0,0,5,646,3,364,8192,221,1,20,0.0,0.0,0,0,0.0,0.0,0,0,Brute Force -Web,Thursday,True,Brute Force-Web
24260,6,22/02/2018 01:24:32,311643,6,5,3488,672,1168,0,581.3333333333,495.1907376624,560,0,134.4,239.6263758437,13348.6072204413,35.2967979387,31164.3,34298.1073985464,90249,22,311643,62328.6,67543.8210112516,151630,22,229246,57311.5,43778.3527061796,96095,15319,1,0,0,0,120,100,19.2527988756,16.043999063,0,1168,408.0,438.7884145317,192535.272727273,0,1,0,0,1,0,0,0,0,445.0909090909,581.3333333333,134.4,0,0,0,0,0,0,6,3488,5,672,256,252,3,20,0.0,0.0,0,0,0.0,0.0,0,0,Benign,Thursday,False,Normal
443,6,22/02/2018 10:39:04,168,2,0,0,0,0,0,0.0,0.0,0,0,0.0,0.0,0.0,11904.7619047619,168.0,0.0,168,168,168,168.0,0.0,168,168,0,0.0,0.0,0,0,0,0,0,0,40,0,11904.7619047619,0.0,0,0,0.0,0.0,0.0,0,0,0,0,1,0,0,0,0,0.0,0.0,0.0,0,0,0,0,0,0,2,0,0,0,63275,-1,0,20,0.0,0.0,0,0,0.0,0.0,0,0,Benign,Thursday,False,Normal
80,6,22/02/2018 12:02:37,53952065,2,0,0,0,0,0,0.0,0.0,0,0,0.0,0.0,0.0,0.0370699435,53952065.0,0.0,53952065,53952065,53952065,53952065.0,0.0,53952065,53952065,0,0.0,0.0,0,0,0,0,0,0,40,0,0.0370699435,0.0,0,0,0.0,0.0,0.0,0,0,0,0,1,0,0,0,0,0.0,0.0,0.0,0,0,0,0,0,0,2,0,0,0,279,-1,0,20,0.0,0.0,0,0,0.0,0.0,0,0,Benign,Thursday,False,Normal
53,17,22/02/2018 11:22:36,290,1,1,31,63,31,31,31.0,0.0,63,63,63.0,0.0,324137.931034483,6896.5517241379,290.0,0.0,290,290,0,0.0,0.0,0,0,0,0.0,0.0,0,0,0,0,0,0,8,8,3448.275862069,3448.275862069,31,63,41.6666666667,18.4752086141,341.3333333333,0,0,0,0,0,0,0,0,1,62.5,31.0,63.0,0,0,0,0,0,0,1,31,1,63,-1,-1,0,8,0.0,0.0,0,0,0.0,0.0,0,0,Benign,Thursday,False,Normal
443,6,22/02/2018 01:26:23,115674307,21,19,1206,5314,848,0,57.4285714286,187.4557471588,1460,0,279.6842105263,519.6667791994,56.3651528943,0.345798484,2966007.87179487,4552403.02996849,10010922,1,115674307,5783715.35,4941836.6308915,10015421,18,110220457,6123358.72222222,5021171.84457383,10022432,1,0,0,0,0,432,524,0.1815442041,0.1642542799,0,1460,159.0243902439,389.9493228488,152060.474390244,0,0,0,1,0,0,0,0,0,163.0,57.4285714286,279.6842105263,0,0,0,0,0,0,21,1206,19,5314,8192,116,15,20,15177.8333333333,12790.1851350119,55792,11438,9624346.25,1316975.91271285,10010922,5442391,Benign,Thursday,False,Normal
53,17,22/02/2018 02:27:06,1188,1,1,42,58,42,42,42.0,0.0,58,58,58.0,0.0,84175.0841750842,1683.5016835017,1188.0,0.0,1188,1188,0,0.0,0.0,0,0,0,0.0,0.0,0,0,0,0,0,0,8,8,841.7508417508,841.7508417508,42,58,47.3333333333,9.237604307,85.3333333333,0,0,0,0,0,0,0,0,1,71.0,42.0,58.0,0,0,0,0,0,0,1,42,1,58,-1,-1,0,8,0.0,0.0,0,0,0.0,0.0,0,0,Benign,Thursday,False,Normal
443,6,22/02/2018 05:06:56,61148656,15,15,1186,5636,859,0,79.0666666667,223.2895195118,1460,0,375.7333333333,585.0628130706,111.5641854827,0.4906076758,2108574.34482759,4106541.73731448,10008273,9,61148656,4367761.14285714,5133803.67361138,10093533,260,61063252,4361660.85714286,5151695.35729106,10093578,18,0,0,0,0,312,384,0.2453038379,0.2453038379,0,1460,220.064516129,454.6177834536,206677.329032258,0,0,0,1,0,0,0,0,1,227.4,79.0666666667,375.7333333333,0,0,0,0,0,0,15,1186,15,5636,8192,116,9,20,115103.666666667,73072.8568475783,264263,85241,10007903.6666667,787.1801996154,10008273,10006298,Benign,Thursday,False,Normal
53,17,22/02/2018 05:06:55,34747,2,2,84,216,42,42,42.0,0.0,108,108,108.0,0.0,8633.8388925663,115.1178519009,11582.3333333333,11011.1059541416,22385,374,34373,34373.0,0.0,34373,34373,22759,22759.0,0.0,22759,22759,0,0,0,0,16,16,57.5589259504,57.5589259504,42,108,68.4,36.1496887953,1306.8,0,0,0,0,0,0,0,0,1,85.5,42.0,108.0,0,0,0,0,0,0,2,84,2,216,-1,-1,1,8,0.0,0.0,0,0,0.0,0.0,0,0,Benign,Thursday,False,Normal
53,17,22/02/2018 12:25:46,89313,2,2,88,212,44,44,44.0,0.0,106,106,106.0,0.0,3358.9734976991,44.7863133027,29771.0,27087.0591057796,53016,25,53016,53016.0,0.0,53016,53016,25,25.0,0.0,25,25,0,0,0,0,16,16,22.3931566513,22.3931566513,44,106,68.8,33.9587985653,1153.2,0,0,0,0,0,0,0,0,1,86.0,44.0,106.0,0,0,0,0,0,0,2,88,2,212,-1,-1,1,8,0.0,0.0,0,0,0.0,0.0,0,0,Benign,Thursday,False,Normal
53,17,22/02/2018 01:59:55,96822,2,2,80,204,40,40,40.0,0.0,102,102,102.0,0.0,2933.217657144,41.3129247485,32274.0,33328.3974562234,66566,1,30255,30255.0,0.0,30255,30255,1,1.0,0.0,1,1,0,0,0,0,16,16,20.6564623743,20.6564623743,40,102,64.8,33.9587985653,1153.2,0,0,0,0,0,0,0,0,1,81.0,40.0,102.0,0,0,0,0,0,0,2,80,2,204,-1,-1,1,8,0.0,0.0,0,0,0.0,0.0,0,0,Benign,Thursday,False,Normal
53,17,22/02/2018 09:30:17,302,1,1,52,68,52,52,52.0,0.0,68,68,68.0,0.0,397350.993377483,6622.5165562914,302.0,0.0,302,302,0,0.0,0.0,0,0,0,0.0,0.0,0,0,0,0,0,0,8,8,3311.2582781457,3311.2582781457,52,68,57.3333333333,9.237604307,85.3333333333,0,0,0,0,0,0,0,0,1,86.0,52.0,68.0,0,0,0,0,0,0,1,52,1,68,-1,-1,0,8,0.0,0.0,0,0,0.0,0.0,0,0,Benign,Thursday,False,Normal
3389,6,22/02/2018 11:56:06,1581611,8,7,1148,1581,677,0,143.5,228.129662379,1173,0,225.8571428571,430.0986044197,1725.4558801121,9.4840008068,112972.214285714,246002.085061263,953303,64,1581611,225944.428571429,388836.054286747,1104037,64,1487862,247977.0,346251.794212824,953303,94657,0,0,0,0,172,152,5.0581337636,4.4258670432,0,1173,170.5625,319.433241591,102037.595833333,0,0,0,1,0,0,0,0,0,181.9333333333,143.5,225.8571428571,0,0,0,0,0,0,8,1148,7,1581,8192,62852,5,20,0.0,0.0,0,0,0.0,0.0,0,0,Benign,Thursday,False,Normal
53,17,22/02/2018 12:35:36,104347,2,2,78,110,39,39,39.0,0.0,55,55,55.0,0.0,1801.680929974,38.333636808,34782.3333333333,43141.6424389862,83074,47,21226,21226.0,0.0,21226,21226,47,47.0,0.0,47,47,0,0,0,0,16,16,19.166818404,19.166818404,39,55,45.4,8.7635609201,76.8,0,0,0,0,0,0,0,0,1,56.75,39.0,55.0,0,0,0,0,0,0,2,78,2,110,-1,-1,1,8,0.0,0.0,0,0,0.0,0.0,0,0,Benign,Thursday,False,Normal
53,17,22/02/2018 05:00:11,300,1,1,33,193,33,33,33.0,0.0,193,193,193.0,0.0,753333.333333333,6666.6666666667,300.0,0.0,300,300,0,0.0,0.0,0,0,0,0.0,0.0,0,0,0,0,0,0,8,8,3333.3333333333,3333.3333333333,33,193,86.3333333333,92.3760430703,8533.3333333333,0,0,0,0,0,0,0,0,1,129.5,33.0,193.0,0,0,0,0,0,0,1,33,1,193,-1,-1,0,8,0.0,0.0,0,0,0.0,0.0,0,0,Benign,Thursday,False,Normal
3389,6,22/02/2018 05:28:33,2523414,8,7,1148,1581,677,0,143.5,228.129662379,1173,0,225.8571428571,430.0986044197,1081.471371721,5.9443278035,180243.857142857,249787.901130557,953313,91,2523414,360487.714285714,423646.831222546,1313534,151223,2213172,368862.0,291401.499825241,953313,168573,0,0,0,0,168,148,3.1703081619,2.7740196416,0,1173,170.5625,319.433241591,102037.595833333,0,0,0,1,0,0,0,0,0,181.9333333333,143.5,225.8571428571,0,0,0,0,0,0,8,1148,7,1581,8192,62852,5,20,0.0,0.0,0,0,0.0,0.0,0,0,Benign,Thursday,False,Normal
53,17,22/02/2018 05:13:37,379,1,1,42,74,42,42,42.0,0.0,74,74,74.0,0.0,306068.601583113,5277.0448548813,379.0,0.0,379,379,0,0.0,0.0,0,0,0,0.0,0.0,0,0,0,0,0,0,8,8,2638.5224274406,2638.5224274406,42,74,52.6666666667,18.4752086141,341.3333333333,0,0,0,0,0,0,0,0,1,79.0,42.0,74.0,0,0,0,0,0,0,1,42,1,74,-1,-1,0,8,0.0,0.0,0,0,0.0,0.0,0,0,Benign,Thursday,False,Normal
53,17,22/02/2018 02:53:01,14138,1,1,41,120,41,41,41.0,0.0,120,120,120.0,0.0,11387.7493280521,141.4627245721,14138.0,0.0,14138,14138,0,0.0,0.0,0,0,0,0.0,0.0,0,0,0,0,0,0,8,8,70.731362286,70.731362286,41,120,67.3333333333,45.610671266,2080.3333333333,0,0,0,0,0,0,0,0,1,101.0,41.0,120.0,0,0,0,0,0,0,1,41,1,120,-1,-1,0,8,0.0,0.0,0,0,0.0,0.0,0,0,Benign,Thursday,False,Normal
53,17,22/02/2018 02:00:05,91067,2,2,68,100,34,34,34.0,0.0,50,50,50.0,0.0,1844.7955900601,43.9237045252,30355.6666666667,29830.1213932048,59632,1,31434,31434.0,0.0,31434,31434,1,1.0,0.0,1,1,0,0,0,0,16,16,21.9618522626,21.9618522626,34,50,40.4,8.7635609201,76.8,0,0,0,0,0,0,0,0,1,50.5,34.0,50.0,0,0,0,0,0,0,2,68,2,100,-1,-1,1,8,0.0,0.0,0,0,0.0,0.0,0,0,Benign,Thursday,False,Normal
53,17,22/02/2018 12:32:21,280,1,1,37,53,37,37,37.0,0.0,53,53,53.0,0.0,321428.571428571,7142.8571428572,280.0,0.0,280,280,0,0.0,0.0,0,0,0,0.0,0.0,0,0,0,0,0,0,8,8,3571.4285714286,3571.4285714286,37,53,42.3333333333,9.237604307,85.3333333333,0,0,0,0,0,0,0,0,1,63.5,37.0,53.0,0,0,0,0,0,0,1,37,1,53,-1,-1,0,8,0.0,0.0,0,0,0.0,0.0,0,0,Benign,Thursday,False,Normal
445,6,22/02/2018 08:45:11,1132175,6,5,1453,338,1084,0,242.1666666667,417.1380666718,145,0,67.6,69.7588704037,1581.9109236646,9.7158124848,113217.5,133471.327286467,267122,67,1066787,213357.4,119224.524667956,267189,83,1132108,283027.0,32660.8109819704,332013,266218,0,0,0,0,132,112,5.2995340826,4.4162784022,0,1084,149.25,301.0430730281,90626.9318181818,0,0,0,1,0,0,0,0,0,162.8181818182,242.1666666667,67.6,0,0,0,0,0,0,6,1453,5,338,8192,253,4,20,0.0,0.0,0,0,0.0,0.0,0,0,Benign,Thursday,False,Normal
80,6,22/02/2018 09:15:28,5566702,4,4,97,231,97,0,24.25,48.5,231,0,57.75,115.5,58.9217816941,1.4371166267,795243.142857143,2081304.50887205,5515002,39,51700,17233.3333333333,29585.779444411,51396,102,5566539,1855513.0,3213413.241958,5566043,194,0,0,0,0,92,92,0.7185583133,0.7185583133,0,231,36.4444444444,79.6996096463,6352.0277777778,0,0,0,1,0,0,0,0,1,41.0,24.25,57.75,0,0,0,0,0,0,4,97,4,231,8192,141,1,20,0.0,0.0,0,0,0.0,0.0,0,0,Benign,Thursday,False,Normal
80,6,22/02/2018 09:33:18,83,2,0,0,0,0,0,0.0,0.0,0,0,0.0,0.0,0.0,24096.3855421687,83.0,0.0,83,83,83,83.0,0.0,83,83,0,0.0,0.0,0,0,0,0,0,0,40,0,24096.3855421687,0.0,0,0,0.0,0.0,0.0,0,0,0,0,1,0,0,0,0,0.0,0.0,0.0,0,0,0,0,0,0,2,0,0,0,279,-1,0,20,0.0,0.0,0,0,0.0,0.0,0,0,Benign,Thursday,False,Normal
80,6,22/02/2018 09:58:33,54887130,2,0,0,0,0,0,0.0,0.0,0,0,0.0,0.0,0.0,0.0364384146,54887130.0,0.0,54887130,54887130,54887130,54887130.0,0.0,54887130,54887130,0,0.0,0.0,0,0,0,0,0,0,40,0,0.0364384146,0.0,0,0,0.0,0.0,0.0,0,0,0,0,1,0,0,0,0,0.0,0.0,0.0,0,0,0,0,0,0,2,0,0,0,279,-1,0,20,0.0,0.0,0,0,0.0,0.0,0,0,Benign,Thursday,False,Normal
443,6,22/02/2018 09:57:06,116483407,15,15,1184,4986,534,0,78.9333333333,141.6950783835,1430,0,332.4,497.6376765709,52.9689177103,0.2575474119,4016669.20689655,14947352.9150431,57998739,1,116483407,8320243.35714286,21050269.647033,58015020,156,116421229,8315802.07142857,21056989.0271928,58061081,1,0,0,0,0,312,312,0.1287737059,0.1287737059,0,1430,199.0322580645,377.3091114609,142362.165591398,0,0,0,1,0,0,0,0,1,205.6666666667,78.9333333333,332.4,0,0,0,0,0,0,15,1184,15,4986,8192,180,8,20,229216.0,236032.24356007,396116,62316,57981358.5,24579.7388208256,57998739,57963978,Benign,Thursday,False,Normal
0,0,22/02/2018 10:39:20,60462455,2,0,0,0,0,0,0.0,0.0,0,0,0.0,0.0,0.0,0.033078379,60462455.0,0.0,60462455,60462455,60462455,60462455.0,0.0,60462455,60462455,0,0.0,0.0,0,0,0,0,0,0,0,0,0.033078379,0.0,0,0,0.0,0.0,0.0,0,0,0,0,0,0,0,0,0,0.0,0.0,0.0,0,0,0,0,0,0,2,0,0,0,-1,-1,0,0,0.0,0.0,0,0,60462455.0,0.0,60462455,60462455,Benign,Thursday,False,Normal
443,6,22/02/2018 12:05:23,5286286,8,5,589,2672,342,0,73.625,127.6400491337,1460,0,534.4,707.4738864439,616.8792229554,2.4591934678,440523.833333333,1466398.24909165,5096570,1,5286286,755183.714285714,1914580.87879364,5096570,38,108853,27213.25,34632.9585354279,74602,1,0,0,0,0,172,108,1.5133498263,0.9458436415,0,1460,232.9285714286,466.3955838763,217524.840659341,0,0,0,1,0,0,0,0,0,250.8461538462,73.625,534.4,0,0,0,0,0,0,8,589,5,2672,8192,4916,3,20,189678.0,0.0,189678,189678,5096570.0,0.0,5096570,5096570,Benign,Thursday,False,Normal
80,6,22/02/2018 12:05:30,5280490,4,4,97,231,97,0,24.25,48.5,231,0,57.75,115.5,62.1154476194,1.5150109175,754355.714285714,1973590.5192306,5229840,39,50650,16883.3333333333,28976.9653403067,50343,103,5280325,1760108.33333333,3048164.04770631,5279825,211,0,0,0,0,92,92,0.7575054588,0.7575054588,0,231,36.4444444444,79.6996096463,6352.0277777778,0,0,0,1,0,0,0,0,1,41.0,24.25,57.75,0,0,0,0,0,0,4,97,4,231,8192,141,1,20,0.0,0.0,0,0,0.0,0.0,0,0,Benign,Thursday,False,Normal
443,6,22/02/2018 12:32:19,117118409,40,54,1800,48284,575,0,45.0,131.7193987232,1460,0,894.1481481481,663.6477926825,427.6355905757,0.8026065313,1259337.7311828,3271221.69672111,10007328,1,117118409,3003036.12820513,4538317.65699444,10015408,17,111632354,2106270.83018868,4088998.0092859,10018683,1,0,0,0,0,812,1224,0.3415346942,0.4610718371,0,1460,527.2,659.3768754133,434777.863829787,0,0,0,1,0,0,0,0,1,532.8085106383,45.0,894.1481481481,0,0,0,0,0,0,40,1800,54,48284,8192,294,17,20,133012.083333333,421439.435046659,1471262,11280,9626853.16666667,1307567.75609171,10007328,5474769,Benign,Thursday,False,Normal
51200,6,22/02/2018 12:34:25,0,2,0,31,0,31,0,15.5,21.9203102168,0,0,0.0,0.0,788.1881481705,46.3644477415,0.0,0.0,0,0,0,0.0,0.0,0,0,0,0.0,0.0,0,0,1,0,0,0,40,0,0.0,0.0,0,31,20.6666666667,17.8978583449,320.3333333333,0,1,0,0,1,0,0,0,0,31.0,15.5,0.0,0,0,0,0,0,0,2,31,0,0,946,-1,0,20,0.0,0.0,0,0,0.0,0.0,0,0,Benign,Thursday,False,Normal
53,17,22/02/2018 10:10:33,1857,1,1,28,95,28,28,28.0,0.0,95,95,95.0,0.0,66235.8642972536,1077.0059235326,1857.0,0.0,1857,1857,0,0.0,0.0,0,0,0,0.0,0.0,0,0,0,0,0,0,8,8,538.5029617663,538.5029617663,28,95,50.3333333333,38.6824680357,1496.3333333333,0,0,0,0,0,0,0,0,1,75.5,28.0,95.0,0,0,0,0,0,0,1,28,1,95,-1,-1,0,8,0.0,0.0,0,0,0.0,0.0,0,0,Benign,Thursday,False,Normal
443,6,22/02/2018 01:13:01,355432,9,6,512,4403,194,0,56.8888888889,83.4826994719,1430,0,733.8333333333,710.5587707338,13828.242814378,42.2021652524,25388.0,40790.0917795562,95752,0,355432,44429.0,47445.0668156644,95996,29,259142,51828.4,70870.0973140294,154884,0,0,0,0,0,192,132,25.3212991515,16.880866101,0,1430,307.1875,537.3138398553,288706.1625,0,0,0,1,0,0,0,0,0,327.6666666667,56.8888888889,733.8333333333,0,0,0,0,0,0,9,512,6,4403,8192,172,4,20,0.0,0.0,0,0,0.0,0.0,0,0,Benign,Thursday,False,Normal
445,6,22/02/2018 01:14:19,793267,7,5,364,582,103,0,52.0,49.2172056636,409,0,116.4,167.0353256051,1192.5366868911,15.1273152671,72115.1818181818,81786.498777999,160221,36,793267,132211.166666667,64586.3382161171,160971,421,633010,158252.5,2145.5309366215,161391,156729,0,0,0,0,152,112,8.8242672392,6.303048028,0,409,72.7692307692,109.5332170669,11997.5256410256,0,0,0,1,0,0,0,0,0,78.8333333333,52.0,116.4,0,0,0,0,0,0,7,364,5,582,8192,255,4,20,0.0,0.0,0,0,0.0,0.0,0,0,Benign,Thursday,False,Normal
443,6,22/02/2018 01:49:24,1068,3,0,77,0,46,0,25.6666666667,23.4591844132,0,0,0.0,0.0,72097.3782771536,2808.988764045,534.0,732.5626253093,1052,16,1068,534.0,732.5626253093,1052,16,0,0.0,0.0,0,0,1,0,0,0,60,0,2808.988764045,0.0,0,46,30.75,21.6852484422,470.25,0,1,0,0,1,0,0,0,0,41.0,25.6666666667,0.0,0,0,0,0,0,0,3,77,0,0,258,-1,1,20,0.0,0.0,0,0,0.0,0.0,0,0,Benign,Thursday,False,Normal
53,17,22/02/2018 12:45:50,1172,1,1,48,64,48,48,48.0,0.0,64,64,64.0,0.0,95563.1399317406,1706.4846416382,1172.0,0.0,1172,1172,0,0.0,0.0,0,0,0,0.0,0.0,0,0,0,0,0,0,8,8,853.2423208191,853.2423208191,48,64,53.3333333333,9.237604307,85.3333333333,0,0,0,0,0,0,0,0,1,80.0,48.0,64.0,0,0,0,0,0,0,1,48,1,64,-1,-1,0,8,0.0,0.0,0,0,0.0,0.0,0,0,Benign,Thursday,False,Normal
54132,6,22/02/2018 09:19:46,168,2,0,0,0,0,0,0.0,0.0,0,0,0.0,0.0,0.0,11904.7619047619,168.0,0.0,168,168,168,168.0,0.0,168,168,0,0.0,0.0,0,0,0,0,0,0,40,0,11904.7619047619,0.0,0,0,0.0,0.0,0.0,0,0,0,0,1,0,0,0,0,0.0,0.0,0.0,0,0,0,0,0,0,2,0,0,0,257,-1,0,20,0.0,0.0,0,0,0.0,0.0,0,0,Benign,Thursday,False,Normal
60186,6,22/02/2018 08:32:18,41,2,0,0,0,0,0,0.0,0.0,0,0,0.0,0.0,0.0,48780.4878048781,41.0,0.0,41,41,41,41.0,0.0,41,41,0,0.0,0.0,0,0,0,0,0,0,40,0,48780.4878048781,0.0,0,0,0.0,0.0,0.0,0,0,0,0,1,0,0,0,0,0.0,0.0,0.0,0,0,0,0,0,0,2,0,0,0,260,-1,0,20,0.0,0.0,0,0,0.0,0.0,0,0,Benign,Thursday,False,Normal
54251,6,22/02/2018 12:18:26,151,2,0,0,0,0,0,0.0,0.0,0,0,0.0,0.0,0.0,13245.0331125828,151.0,0.0,151,151,151,151.0,0.0,151,151,0,0.0,0.0,0,0,0,0,0,0,40,0,13245.0331125828,0.0,0,0,0.0,0.0,0.0,0,0,0,0,1,0,0,0,0,0.0,0.0,0.0,0,0,0,0,0,0,2,0,0,0,64676,-1,0,20,0.0,0.0,0,0,0.0,0.0,0,0,Benign,Thursday,False,Normal
53,17,22/02/2018 02:27:06,294,1,1,35,131,35,35,35.0,0.0,131,131,131.0,0.0,564625.850340136,6802.7210884354,294.0,0.0,294,294,0,0.0,0.0,0,0,0,0.0,0.0,0,0,0,0,0,0,8,8,3401.3605442177,3401.3605442177,35,131,67.0,55.4256258422,3072.0,0,0,0,0,0,0,0,0,1,100.5,35.0,131.0,0,0,0,0,0,0,1,35,1,131,-1,-1,0,8,0.0,0.0,0,0,0.0,0.0,0,0,Benign,Thursday,False,Normal
53,17,22/02/2018 12:32:20,18642,1,1,33,65,33,33,33.0,0.0,65,65,65.0,0.0,5256.9466795408,107.2846261131,18642.0,0.0,18642,18642,0,0.0,0.0,0,0,0,0.0,0.0,0,0,0,0,0,0,8,8,53.6423130565,53.6423130565,33,65,43.6666666667,18.4752086141,341.3333333333,0,0,0,0,0,0,0,0,1,65.5,33.0,65.0,0,0,0,0,0,0,1,33,1,65,-1,-1,0,8,0.0,0.0,0,0,0.0,0.0,0,0,Benign,Thursday,False,Normal
80,6,22/02/2018 08:23:18,32537,1,1,0,0,0,0,0.0,0.0,0,0,0.0,0.0,0.0,61.4684820358,32537.0,0.0,32537,32537,0,0.0,0.0,0,0,0,0.0,0.0,0,0,0,0,0,0,20,20,30.7342410179,30.7342410179,0,0,0.0,0.0,0.0,0,0,0,0,1,1,0,0,1,0.0,0.0,0.0,0,0,0,0,0,0,1,0,1,0,256,946,0,20,0.0,0.0,0,0,0.0,0.0,0,0,Benign,Thursday,False,Normal
80,6,22/02/2018 09:39:06,903,3,4,148,243,148,0,49.3333333333,85.4478398401,243,0,60.75,121.5,433001.107419712,7751.9379844961,150.5,107.4350966863,289,1,502,251.0,128.693434176,342,160,614,204.6666666667,192.6559973978,384,1,0,0,0,0,72,92,3322.2591362126,4429.6788482835,0,243,48.875,93.9930658537,8834.6964285714,0,0,0,1,0,0,0,0,1,55.8571428571,49.3333333333,60.75,0,0,0,0,0,0,3,148,4,243,8192,149,1,20,0.0,0.0,0,0,0.0,0.0,0,0,Benign,Thursday,False,Normal
80,6,22/02/2018 09:39:06,82,2,0,0,0,0,0,0.0,0.0,0,0,0.0,0.0,0.0,24390.243902439,82.0,0.0,82,82,82,82.0,0.0,82,82,0,0.0,0.0,0,0,0,0,0,0,40,0,24390.243902439,0.0,0,0,0.0,0.0,0.0,0,0,0,0,1,0,0,0,0,0.0,0.0,0.0,0,0,0,0,0,0,2,0,0,0,278,-1,0,20,0.0,0.0,0,0,0.0,0.0,0,0,Benign,Thursday,False,Normal
445,6,22/02/2018 10:43:36,171211,3,1,0,0,0,0,0.0,0.0,0,0,0.0,0.0,0.0,23.3629848549,57070.3333333333,97495.8965512566,169646,83,171211,85605.5,118968.594614293,169729,1482,0,0.0,0.0,0,0,0,0,0,0,72,32,17.5222386412,5.8407462137,0,0,0.0,0.0,0.0,0,0,0,1,0,0,0,0,0,0.0,0.0,0.0,0,0,0,0,0,0,3,0,1,0,8192,8192,0,20,0.0,0.0,0,0,0.0,0.0,0,0,Benign,Thursday,False,Normal
3389,6,22/02/2018 10:48:45,210328,4,2,42,19,42,0,10.5,21.0,19,0,9.5,13.4350288425,290.0232018561,28.5268723137,42065.6,56552.441156859,104081,3,210328,70109.3333333333,60724.5955304219,106304,3,106161,106161.0,0.0,106161,106161,0,0,0,0,92,52,19.0179148758,9.5089574379,0,42,8.7142857143,16.2963624337,265.5714285714,0,0,1,1,0,0,0,1,0,10.1666666667,10.5,9.5,0,0,0,0,0,0,4,42,2,19,8192,63958,1,20,0.0,0.0,0,0,0.0,0.0,0,0,Benign,Thursday,False,Normal
80,6,22/02/2018 11:09:32,4852544,4,4,97,231,97,0,24.25,48.5,231,0,57.75,115.5,67.5934107965,1.6486197755,693220.571428572,1811838.63642718,4801868,39,50676,16892.0,28996.3056784826,50374,101,4852382,1617460.66666667,2801099.7017208,4851892,207,0,0,0,0,92,92,0.8243098878,0.8243098878,0,231,36.4444444444,79.6996096463,6352.0277777778,0,0,0,1,0,0,0,0,1,41.0,24.25,57.75,0,0,0,0,0,0,4,97,4,231,8192,141,1,20,0.0,0.0,0,0,0.0,0.0,0,0,Benign,Thursday,False,Normal
80,6,22/02/2018 11:51:59,5399926,4,2,0,0,0,0,0.0,0.0,0,0,0.0,0.0,0.0,1.1111263377,1079985.2,1903570.89345241,4398011,32,5399926,1799975.33333333,2302880.06063805,4398011,10127,991781,991781.0,0.0,991781,991781,0,0,0,0,104,64,0.7407508918,0.3703754459,0,0,0.0,0.0,0.0,0,0,0,1,0,0,0,0,0,0.0,0.0,0.0,0,0,0,0,0,0,4,0,2,0,8192,29200,0,20,0.0,0.0,0,0,0.0,0.0,0,0,Benign,Thursday,False,Normal
52128,6,22/02/2018 02:22:23,0,2,0,0,0,0,0,0.0,0.0,0,0,0.0,0.0,788.1881481705,46.3644477415,0.0,0.0,0,0,0,0.0,0.0,0,0,0,0.0,0.0,0,0,0,0,0,0,40,0,0.0,0.0,0,0,0.0,0.0,0.0,0,0,0,0,1,0,0,0,0,0.0,0.0,0.0,0,0,0,0,0,0,2,0,0,0,5131,-1,0,20,0.0,0.0,0,0,0.0,0.0,0,0,Benign,Thursday,False,Normal
52711,6,22/02/2018 03:29:53,1005,2,0,0,0,0,0,0.0,0.0,0,0,0.0,0.0,0.0,1990.0497512438,1005.0,0.0,1005,1005,1005,1005.0,0.0,1005,1005,0,0.0,0.0,0,0,0,0,0,0,40,0,1990.0497512438,0.0,0,0,0.0,0.0,0.0,0,0,0,0,1,0,0,0,0,0.0,0.0,0.0,0,0,0,0,0,0,2,0,0,0,123,-1,0,20,0.0,0.0,0,0,0.0,0.0,0,0,Benign,Thursday,False,Normal
53,17,22/02/2018 11:30:18,261,1,1,31,63,31,31,31.0,0.0,63,63,63.0,0.0,360153.256704981,7662.8352490422,261.0,0.0,261,261,0,0.0,0.0,0,0,0,0.0,0.0,0,0,0,0,0,0,8,8,3831.4176245211,3831.4176245211,31,63,41.6666666667,18.4752086141,341.3333333333,0,0,0,0,0,0,0,0,1,62.5,31.0,63.0,0,0,0,0,0,0,1,31,1,63,-1,-1,0,8,0.0,0.0,0,0,0.0,0.0,0,0,Benign,Thursday,False,Normal
53,17,22/02/2018 01:38:04,1928,1,1,51,161,51,51,51.0,0.0,161,161,161.0,0.0,109958.506224066,1037.3443983403,1928.0,0.0,1928,1928,0,0.0,0.0,0,0,0,0.0,0.0,0,0,0,0,0,0,8,8,518.6721991701,518.6721991701,51,161,87.6666666667,63.5085296109,4033.3333333333,0,0,0,0,0,0,0,0,1,131.5,51.0,161.0,0,0,0,0,0,0,1,51,1,161,-1,-1,0,8,0.0,0.0,0,0,0.0,0.0,0,0,Benign,Thursday,False,Normal
53,17,22/02/2018 12:32:00,443,1,1,37,53,37,37,37.0,0.0,53,53,53.0,0.0,203160.270880361,4514.6726862303,443.0,0.0,443,443,0,0.0,0.0,0,0,0,0.0,0.0,0,0,0,0,0,0,8,8,2257.3363431151,2257.3363431151,37,53,42.3333333333,9.237604307,85.3333333333,0,0,0,0,0,0,0,0,1,63.5,37.0,53.0,0,0,0,0,0,0,1,37,1,53,-1,-1,0,8,0.0,0.0,0,0,0.0,0.0,0,0,Benign,Thursday,False,Normal
53,17,22/02/2018 11:04:37,365,1,1,51,99,51,51,51.0,0.0,99,99,99.0,0.0,410958.904109589,5479.4520547945,365.0,0.0,365,365,0,0.0,0.0,0,0,0,0.0,0.0,0,0,0,0,0,0,8,8,2739.7260273973,2739.7260273973,51,99,67.0,27.7128129211,768.0,0,0,0,0,0,0,0,0,1,100.5,51.0,99.0,0,0,0,0,0,0,1,51,1,99,-1,-1,0,8,0.0,0.0,0,0,0.0,0.0,0,0,Benign,Thursday,False,Normal
53,17,22/02/2018 12:14:24,31517,2,2,82,206,41,41,41.0,0.0,103,103,103.0,0.0,9137.9255639814,126.9156328331,10505.6666666667,13556.9679623924,25817,28,25817,25817.0,0.0,25817,25817,28,28.0,0.0,28,28,0,0,0,0,16,16,63.4578164165,63.4578164165,41,103,65.8,33.9587985653,1153.2,0,0,0,0,0,0,0,0,1,82.25,41.0,103.0,0,0,0,0,0,0,2,82,2,206,-1,-1,1,8,0.0,0.0,0,0,0.0,0.0,0,0,Benign,Thursday,False,Normal
0,0,22/02/2018 11:20:19,112637264,3,0,0,0,0,0,0.0,0.0,0,0,0.0,0.0,0.0,0.0266341697,56318632.0,15.5563491861,56318643,56318621,112637264,56318632.0,15.5563491861,56318643,56318621,0,0.0,0.0,0,0,0,0,0,0,0,0,0.0266341697,0.0,0,0,0.0,0.0,0.0,0,0,0,0,0,0,0,0,0,0.0,0.0,0.0,0,0,0,0,0,0,3,0,0,0,-1,-1,0,0,0.0,0.0,0,0,56318632.0,15.5563491861,56318643,56318621,Benign,Thursday,False,Normal
50275,6,22/02/2018 11:33:31,1070,2,0,0,0,0,0,0.0,0.0,0,0,0.0,0.0,0.0,1869.1588785047,1070.0,0.0,1070,1070,1070,1070.0,0.0,1070,1070,0,0.0,0.0,0,0,0,0,0,0,40,0,1869.1588785047,0.0,0,0,0.0,0.0,0.0,0,0,0,0,1,0,0,0,0,0.0,0.0,0.0,0,0,0,0,0,0,2,0,0,0,29200,-1,0,20,0.0,0.0,0,0,0.0,0.0,0,0,Benign,Thursday,False,Normal
80,6,22/02/2018 11:42:26,75,2,0,0,0,0,0,0.0,0.0,0,0,0.0,0.0,0.0,26666.6666666667,75.0,0.0,75,75,75,75.0,0.0,75,75,0,0.0,0.0,0,0,0,0,0,0,40,0,26666.6666666667,0.0,0,0,0.0,0.0,0.0,0,0,0,0,1,0,0,0,0,0.0,0.0,0.0,0,0,0,0,0,0,2,0,0,0,278,-1,0,20,0.0,0.0,0,0,0.0,0.0,0,0,Benign,Thursday,False,Normal
53,17,22/02/2018 10:37:34,70236,2,2,60,238,30,30,30.0,0.0,119,119,119.0,0.0,4242.8384304345,56.9508514152,23412.0,21601.3054466622,42623,29,27584,27584.0,0.0,27584,27584,29,29.0,0.0,29,29,0,0,0,0,16,16,28.4754257076,28.4754257076,30,119,65.6,48.747307618,2376.3,0,0,0,0,0,0,0,0,1,82.0,30.0,119.0,0,0,0,0,0,0,2,60,2,238,-1,-1,1,8,0.0,0.0,0,0,0.0,0.0,0,0,Benign,Thursday,False,Normal
80,6,22/02/2018 03:33:06,1438,4,3,161,488,161,0,40.25,80.5,488,0,162.6666666667,281.7469313645,451321.279554937,4867.8720445063,239.6666666667,192.3763672249,556,63,1438,479.3333333333,368.9990966565,863,127,950,475.0,114.5512985522,556,394,0,0,0,0,92,72,2781.6411682893,2086.230876217,0,488,81.125,173.7875858627,30202.125,0,0,0,1,0,0,0,0,0,92.7142857143,40.25,162.6666666667,0,0,0,0,0,0,4,161,3,488,8192,149,1,20,0.0,0.0,0,0,0.0,0.0,0,0,Benign,Thursday,False,Normal
80,6,22/02/2018 03:36:32,6279445,4,4,97,231,97,0,24.25,48.5,231,0,57.75,115.5,52.2339155769,1.2739979409,897063.571428571,2346192.86654038,6217479,40,61966,20655.3333333333,35473.8606911249,61617,140,6279276,2093092.0,3624799.55726824,6278650,270,0,0,0,0,92,92,0.6369989705,0.6369989705,0,231,36.4444444444,79.6996096463,6352.0277777778,0,0,0,1,0,0,0,0,1,41.0,24.25,57.75,0,0,0,0,0,0,4,97,4,231,8192,141,1,20,0.0,0.0,0,0,0.0,0.0,0,0,Benign,Thursday,False,Normal
80,6,22/02/2018 04:02:40,1013,3,4,148,243,148,0,49.3333333333,85.4478398401,243,0,60.75,121.5,385982.230997038,6910.1678183613,168.8333333333,101.1225329324,307,28,557,278.5,152.0279579551,386,171,706,235.3333333333,215.963731523,459,28,0,0,0,0,72,92,2961.5004935834,3948.6673247779,0,243,48.875,93.9930658537,8834.6964285714,0,0,0,1,0,0,0,0,1,55.8571428571,49.3333333333,60.75,0,0,0,0,0,0,3,148,4,243,8192,149,1,20,0.0,0.0,0,0,0.0,0.0,0,0,Benign,Thursday,False,Normal
80,6,22/02/2018 05:05:09,996,3,4,161,488,161,0,53.6666666667,92.9533933395,488,0,122.0,244.0,651606.425702811,7028.1124497992,166.0,114.8599146787,326,29,527,263.5,166.1700935788,381,146,670,223.3333333333,179.1824024098,382,29,0,0,0,0,72,92,3012.0481927711,4016.0642570281,0,488,81.125,173.7875858627,30202.125,0,0,0,1,0,0,0,0,1,92.7142857143,53.6666666667,122.0,0,0,0,0,0,0,3,161,4,488,8192,149,1,20,0.0,0.0,0,0,0.0,0.0,0,0,Benign,Thursday,False,Normal
3389,6,22/02/2018 11:33:45,1841100,8,7,1128,1581,661,0,141.0,222.62332056,1173,0,225.8571428571,430.0986044197,1471.4029656184,8.1473032426,131507.142857143,244879.95299451,950986,67,1841100,263014.285714286,390308.231032737,1140177,67,1703530,283921.666666667,327368.813936005,950986,138245,0,0,0,0,172,152,4.3452283961,3.8020748466,0,1173,169.3125,317.7312740352,100953.1625,0,0,1,1,0,0,0,1,0,180.6,141.0,225.8571428571,0,0,0,0,0,0,8,1128,7,1581,8192,62872,5,20,0.0,0.0,0,0,0.0,0.0,0,0,Benign,Thursday,False,Normal
3389,6,22/02/2018 09:55:46,2257489,9,9,1191,1600,677,0,132.3333333333,216.0092590608,1173,0,177.7777777778,384.5298355712,1236.3293907523,7.9734607788,132793.470588235,256201.053484153,953140,41,2257489,282186.125,389417.675156284,1121939,9295,2150412,268801.5,331960.551290145,953140,41346,0,0,0,0,192,204,3.9867303894,3.9867303894,0,1173,146.8947368421,297.0461794882,88236.432748538,0,0,0,1,0,0,0,0,1,155.0555555556,132.3333333333,177.7777777778,0,0,0,0,0,0,9,1191,9,1600,8192,62852,6,20,0.0,0.0,0,0,0.0,0.0,0,0,Benign,Thursday,False,Normal
53,17,22/02/2018 11:58:31,11294,1,1,43,59,43,43,43.0,0.0,59,59,59.0,0.0,9031.3440765008,177.0851779706,11294.0,0.0,11294,11294,0,0.0,0.0,0,0,0,0.0,0.0,0,0,0,0,0,0,8,8,88.5425889853,88.5425889853,43,59,48.3333333333,9.237604307,85.3333333333,0,0,0,0,0,0,0,0,1,72.5,43.0,59.0,0,0,0,0,0,0,1,43,1,59,-1,-1,0,8,0.0,0.0,0,0,0.0,0.0,0,0,Benign,Thursday,False,Normal
53,17,22/02/2018 01:06:04,52324,2,2,72,136,36,36,36.0,0.0,68,68,68.0,0.0,3975.2312514334,76.4467548353,17441.3333333333,29405.6045224942,51396,458,51854,51854.0,0.0,51854,51854,51866,51866.0,0.0,51866,51866,0,0,0,0,16,16,38.2233774176,38.2233774176,36,68,48.8,17.5271218402,307.2,0,0,0,0,0,0,0,0,1,61.0,36.0,68.0,0,0,0,0,0,0,2,72,2,136,-1,-1,1,8,0.0,0.0,0,0,0.0,0.0,0,0,Benign,Thursday,False,Normal
53,17,22/02/2018 04:15:05,273,1,1,42,139,42,42,42.0,0.0,139,139,139.0,0.0,663003.663003663,7326.0073260073,273.0,0.0,273,273,0,0.0,0.0,0,0,0,0.0,0.0,0,0,0,0,0,0,8,8,3663.0036630037,3663.0036630037,42,139,74.3333333333,56.0029761114,3136.3333333333,0,0,0,0,0,0,0,0,1,111.5,42.0,139.0,0,0,0,0,0,0,1,42,1,139,-1,-1,0,8,0.0,0.0,0,0,0.0,0.0,0,0,Benign,Thursday,False,Normal
3389,6,22/02/2018 09:04:33,3426408,10,7,1148,1581,677,0,114.8,210.0924664153,1173,0,225.8571428571,430.0986044197,796.4609001613,4.9614640171,214150.5,345877.938202868,1179533,74,3426408,380712.0,469572.957401456,1209944,74,3218441,536406.833333333,558524.518320697,1496683,137976,0,0,0,0,212,152,2.9185082454,2.0429557718,0,1173,151.6111111111,305.0826578234,93075.4281045752,0,0,1,1,0,0,0,1,0,160.5294117647,114.8,225.8571428571,0,0,0,0,0,0,10,1148,7,1581,8192,62852,5,20,0.0,0.0,0,0,0.0,0.0,0,0,Benign,Thursday,False,Normal
53,17,22/02/2018 03:34:38,152158,2,2,70,164,35,35,35.0,0.0,82,82,82.0,0.0,1537.8751035108,26.2884633079,50719.3333333333,62863.4938921894,121051,0,31107,31107.0,0.0,31107,31107,0,0.0,0.0,0,0,0,0,0,0,16,16,13.1442316539,13.1442316539,35,82,53.8,25.7429602027,662.7,0,0,0,0,0,0,0,0,1,67.25,35.0,82.0,0,0,0,0,0,0,2,70,2,164,-1,-1,1,8,0.0,0.0,0,0,0.0,0.0,0,0,Benign,Thursday,False,Normal
80,6,22/02/2018 09:55:38,5848377,4,4,97,231,97,0,24.25,48.5,231,0,57.75,115.5,56.0839357654,1.3679008723,835482.428571429,2183207.10992757,5786261,41,62116,20705.3333333333,35551.8104227244,61757,138,5848197,1949399.0,3375919.44447079,5847575,293,0,0,0,0,92,92,0.6839504362,0.6839504362,0,231,36.4444444444,79.6996096463,6352.0277777778,0,0,0,1,0,0,0,0,1,41.0,24.25,57.75,0,0,0,0,0,0,4,97,4,231,8192,141,1,20,0.0,0.0,0,0,0.0,0.0,0,0,Benign,Thursday,False,Normal
80,6,22/02/2018 11:42:20,85,2,0,0,0,0,0,0.0,0.0,0,0,0.0,0.0,0.0,23529.4117647059,85.0,0.0,85,85,85,85.0,0.0,85,85,0,0.0,0.0,0,0,0,0,0,0,40,0,23529.4117647059,0.0,0,0,0.0,0.0,0.0,0,0,0,0,1,0,0,0,0,0.0,0.0,0.0,0,0,0,0,0,0,2,0,0,0,278,-1,0,20,0.0,0.0,0,0,0.0,0.0,0,0,Benign,Thursday,False,Normal
3389,6,22/02/2018 12:25:13,1692429,9,7,1279,1581,773,0,142.1111111111,246.0997990879,1173,0,225.8571428571,430.0986044197,1689.8788664104,9.4538677841,112828.6,238621.356405858,953140,0,1692429,211553.625,372949.258519148,1125542,0,1582549,263758.166666667,339932.051289911,953140,104872,0,0,0,0,192,152,5.3178006286,4.1360671555,0,1173,168.2352941176,321.3367644333,103257.316176471,0,0,1,1,0,0,0,1,0,178.75,142.1111111111,225.8571428571,0,0,0,0,0,0,9,1279,7,1581,8192,62758,6,20,0.0,0.0,0,0,0.0,0.0,0,0,Benign,Thursday,False,Normal
80,6,22/02/2018 01:55:43,53956,3,4,436,859,436,0,145.3333333333,251.7247173667,859,0,214.75,429.5,24001.0378827193,129.7353399066,8992.6666666667,11586.7689485321,23633,41,30019,15009.5,12253.4534111817,23674,6345,30323,10107.6666666667,17227.5829509927,30000,57,0,0,0,0,72,92,55.60085996,74.1344799466,0,859,161.875,320.3455444628,102621.267857143,0,0,0,1,0,0,0,0,1,185.0,145.3333333333,214.75,0,0,0,0,0,0,3,436,4,859,8192,31,1,20,0.0,0.0,0,0,0.0,0.0,0,0,Benign,Thursday,False,Normal
51994,6,22/02/2018 04:02:57,363909,2,0,0,0,0,0,0.0,0.0,0,0,0.0,0.0,0.0,5.4958794644,363909.0,0.0,363909,363909,363909,363909.0,0.0,363909,363909,0,0.0,0.0,0,0,0,0,0,0,40,0,5.4958794644,0.0,0,0,0.0,0.0,0.0,0,0,0,0,1,1,0,0,0,0.0,0.0,0.0,0,0,0,0,0,0,2,0,0,0,60,-1,0,20,0.0,0.0,0,0,0.0,0.0,0,0,Benign,Thursday,False,Normal
443,6,22/02/2018 05:02:17,53468183,5,1,123,46,46,0,24.6,23.2765976895,46,46,46.0,0.0,3.1607582401,0.1122162689,10693636.6,23824470.783127,53312083,33,53468183,13367045.75,26630125.7367732,53312083,33,0,0.0,0.0,0,0,1,0,0,0,100,20,0.0935135574,0.0187027115,0,46,30.7142857143,21.6849739506,470.2380952381,0,1,0,0,1,0,0,0,0,35.8333333333,24.6,46.0,0,0,0,0,0,0,5,123,1,46,258,201,2,20,155707.0,0.0,155707,155707,53312083.0,0.0,53312083,53312083,Benign,Thursday,False,Normal
53,17,22/02/2018 04:13:02,56825,1,1,34,139,34,34,34.0,0.0,139,139,139.0,0.0,3044.4346678399,35.1957765068,56825.0,0.0,56825,56825,0,0.0,0.0,0,0,0,0.0,0.0,0,0,0,0,0,0,8,8,17.5978882534,17.5978882534,34,139,69.0,60.6217782649,3675.0,0,0,0,0,0,0,0,0,1,103.5,34.0,139.0,0,0,0,0,0,0,1,34,1,139,-1,-1,0,8,0.0,0.0,0,0,0.0,0.0,0,0,Benign,Thursday,False,Normal
53,17,22/02/2018 01:10:42,331,1,1,47,63,47,47,47.0,0.0,63,63,63.0,0.0,332326.283987915,6042.2960725076,331.0,0.0,331,331,0,0.0,0.0,0,0,0,0.0,0.0,0,0,0,0,0,0,8,8,3021.1480362538,3021.1480362538,47,63,52.3333333333,9.237604307,85.3333333333,0,0,0,0,0,0,0,0,1,78.5,47.0,63.0,0,0,0,0,0,0,1,47,1,63,-1,-1,0,8,0.0,0.0,0,0,0.0,0.0,0,0,Benign,Thursday,False,Normal
53,17,22/02/2018 02:04:43,12425,1,1,47,132,47,47,47.0,0.0,132,132,132.0,0.0,14406.4386317907,160.9657947686,12425.0,0.0,12425,12425,0,0.0,0.0,0,0,0,0.0,0.0,0,0,0,0,0,0,8,8,80.4828973843,80.4828973843,47,132,75.3333333333,49.0747728811,2408.3333333333,0,0,0,0,0,0,0,0,1,113.0,47.0,132.0,0,0,0,0,0,0,1,47,1,132,-1,-1,0,8,0.0,0.0,0,0,0.0,0.0,0,0,Benign,Thursday,False,Normal
3389,6,22/02/2018 04:45:58,2838149,10,7,1144,1581,677,0,114.4,209.8969059112,1173,0,225.8571428571,430.0986044197,960.1328189605,5.989819421,177384.3125,280774.451668172,937581,3,2838149,315349.888888889,375678.03426453,1109602,3,2732472,455412.0,401030.325225412,954820,107631,0,0,0,0,212,152,3.5234231888,2.4663962322,0,1173,151.3888888889,305.0398506056,93049.3104575164,0,0,1,1,0,0,0,1,0,160.2941176471,114.4,225.8571428571,0,0,0,0,0,0,10,1144,7,1581,8192,62856,5,20,0.0,0.0,0,0,0.0,0.0,0,0,Benign,Thursday,False,Normal
47322,6,22/02/2018 12:27:05,88440974,2,0,0,0,0,0,0.0,0.0,0,0,0.0,0.0,0.0,0.0226139527,88440974.0,0.0,88440974,88440974,88440974,88440974.0,0.0,88440974,88440974,0,0.0,0.0,0,0,0,0,0,0,40,0,0.0226139527,0.0,0,0,0.0,0.0,0.0,0,0,0,0,1,0,0,0,0,0.0,0.0,0.0,0,0,0,0,0,0,2,0,0,0,62721,-1,0,20,0.0,0.0,0,0,88440974.0,0.0,88440974,88440974,Benign,Thursday,False,Normal
445,6,22/02/2018 12:53:26,808167,6,5,455,338,140,0,75.8333333333,62.9362110924,145,0,67.6,69.7588704037,981.2328392523,13.6110482116,80816.7,104240.641894982,205811,4,808113,161622.6,90418.2314735253,205855,4,808123,202030.75,4266.2874082743,206083,196325,0,0,0,0,128,108,7.4242081154,6.1868400962,0,145,66.0833333333,63.40269328,4019.9015151515,0,0,0,1,0,0,0,0,0,72.0909090909,75.8333333333,67.6,0,0,0,0,0,0,6,455,5,338,8192,0,4,20,0.0,0.0,0,0,0.0,0.0,0,0,Benign,Thursday,False,Normal
3389,6,22/02/2018 03:50:40,3262828,11,7,1132,1581,661,0,102.9090909091,197.7723208872,1173,0,225.8571428571,430.0986044197,831.4872864889,5.5166867515,191931.058823529,461661.008094477,1756981,89,3262828,326282.8,588529.140569154,1756981,427,3245050,540841.666666667,713939.281575588,1823087,20080,0,0,0,0,232,152,3.3713085704,2.1453781811,0,1173,142.7894736842,296.9505344044,88179.619883041,0,0,1,1,0,0,0,1,0,150.7222222222,102.9090909091,225.8571428571,0,0,0,0,0,0,11,1132,7,1581,8192,62868,5,20,0.0,0.0,0,0,0.0,0.0,0,0,Benign,Thursday,False,Normal
5355,17,22/02/2018 12:47:29,419289,2,0,44,0,22,22,22.0,0.0,0,0,0.0,0.0,104.9395524328,4.769979656,419289.0,0.0,419289,419289,419289,419289.0,0.0,419289,419289,0,0.0,0.0,0,0,0,0,0,0,16,0,4.769979656,0.0,22,22,22.0,0.0,0.0,0,0,0,0,0,0,0,0,0,33.0,22.0,0.0,0,0,0,0,0,0,2,44,0,0,-1,-1,1,8,0.0,0.0,0,0,0.0,0.0,0,0,Benign,Thursday,False,Normal
80,6,22/02/2018 08:32:14,19284,1,1,0,0,0,0,0.0,0.0,0,0,0.0,0.0,0.0,103.7129226302,19284.0,0.0,19284,19284,0,0.0,0.0,0,0,0,0.0,0.0,0,0,0,0,0,0,20,20,51.8564613151,51.8564613151,0,0,0.0,0.0,0.0,0,0,0,0,1,1,0,0,1,0.0,0.0,0.0,0,0,0,0,0,0,1,0,1,0,256,237,0,20,0.0,0.0,0,0,0.0,0.0,0,0,Benign,Thursday,False,Normal
80,6,22/02/2018 08:32:14,19307,1,1,0,0,0,0,0.0,0.0,0,0,0.0,0.0,0.0,103.5893717305,19307.0,0.0,19307,19307,0,0.0,0.0,0,0,0,0.0,0.0,0,0,0,0,0,0,20,20,51.7946858652,51.7946858652,0,0,0.0,0.0,0.0,0,0,0,0,1,1,0,0,1,0.0,0.0,0.0,0,0,0,0,0,0,1,0,1,0,256,237,0,20,0.0,0.0,0,0,0.0,0.0,0,0,Benign,Thursday,False,Normal
80,6,22/02/2018 08:45:44,5640125,4,4,97,231,97,0,24.25,48.5,231,0,57.75,115.5,58.1547394783,1.41840828,805732.142857143,2104480.39038171,5577963,37,62162,20720.6666666667,35642.4468903768,61877,108,5639985,1879995.0,3255813.84555751,5639485,207,0,0,0,0,92,92,0.70920414,0.70920414,0,231,36.4444444444,79.6996096463,6352.0277777778,0,0,0,1,0,0,0,0,1,41.0,24.25,57.75,0,0,0,0,0,0,4,97,4,231,8192,141,1,20,0.0,0.0,0,0,0.0,0.0,0,0,Benign,Thursday,False,Normal
50104,6,22/02/2018 09:13:28,116,3,1,31,0,31,0,10.3333333333,17.8978583449,0,0,0.0,0.0,267241.379310345,34482.7586206897,38.6666666667,43.615746392,89,12,116,58.0,43.8406204336,89,27,0,0.0,0.0,0,0,0,0,0,0,60,20,25862.0689655172,8620.6896551724,0,31,6.2,13.8636214605,192.2,0,0,0,0,1,0,0,0,0,7.75,10.3333333333,0.0,0,0,0,0,0,0,3,31,1,0,32438,0,1,20,0.0,0.0,0,0,0.0,0.0,0,0,Benign,Thursday,False,Normal
8051,6,22/02/2018 09:35:57,4069545,9,12,1731,1439,1179,0,192.3333333333,386.0744746807,725,0,119.9166666667,202.3904679454,778.9568612707,5.1602820463,203477.25,276782.680504679,938018,100,3969298,496162.25,394572.745571623,1004740,100,3964696,360426.909090909,383916.164960908,1251788,40952,0,0,0,0,204,240,2.2115494484,2.9487325979,0,1179,144.0909090909,283.8284037417,80558.5627705628,0,0,1,1,0,0,0,1,1,150.9523809524,192.3333333333,119.9166666667,0,0,0,0,0,0,9,1731,12,1439,8192,256,5,20,0.0,0.0,0,0,0.0,0.0,0,0,Benign,Thursday,False,Normal
3389,6,22/02/2018 12:16:06,1988762,10,7,675,301,187,0,67.5,67.9660863143,197,0,43.0,74.6681547471,490.7575667677,8.5480313884,124297.625,210274.156505224,701641,4,1988762,220973.555555556,262531.83345316,701641,4,1405118,234186.333333333,337914.309399094,914704,280,0,0,0,0,212,152,5.0282537579,3.5197776305,0,197,54.2222222222,68.8609473167,4741.8300653595,0,0,1,1,0,0,0,1,0,57.4117647059,67.5,43.0,0,0,0,0,0,0,10,675,7,301,8192,63325,6,20,0.0,0.0,0,0,0.0,0.0,0,0,Benign,Thursday,False,Normal
51876,6,22/02/2018 12:23:23,64,3,0,31,0,31,0,10.3333333333,17.8978583449,0,0,0.0,0.0,484375.0,46875.0,32.0,43.8406204336,63,1,64,32.0,43.8406204336,63,1,0,0.0,0.0,0,0,0,0,0,0,60,0,46875.0,0.0,0,31,7.75,15.5,240.25,0,0,0,0,1,0,0,0,0,10.3333333333,10.3333333333,0.0,0,0,0,0,0,0,3,31,0,0,64,-1,1,20,0.0,0.0,0,0,0.0,0.0,0,0,Benign,Thursday,False,Normal
3389,6,22/02/2018 12:49:13,1930337,10,7,673,301,187,0,67.3,68.0392860371,197,0,43.0,74.6681547471,504.5751078698,8.8067523961,120646.0625,193457.622967742,743438,24,1930337,214481.888888889,249291.17798342,795128,65,1186804,197800.666666667,181312.744483852,448232,299,0,0,0,0,212,152,5.1804425859,3.6263098102,0,197,54.1111111111,68.8766065374,4743.9869281046,0,0,1,1,0,0,0,1,0,57.2941176471,67.3,43.0,0,0,0,0,0,0,10,673,7,301,8192,63327,6,20,0.0,0.0,0,0,0.0,0.0,0,0,Benign,Thursday,False,Normal
53,17,22/02/2018 09:35:00,61466,2,2,60,264,30,30,30.0,0.0,132,132,132.0,0.0,5271.2068460612,65.0766277292,20488.6666666667,22021.5746560806,43806,45,43806,43806.0,0.0,43806,43806,45,45.0,0.0,45,45,0,0,0,0,16,16,32.5383138646,32.5383138646,30,132,70.8,55.8677008655,3121.2,0,0,0,0,0,0,0,0,1,88.5,30.0,132.0,0,0,0,0,0,0,2,60,2,264,-1,-1,1,8,0.0,0.0,0,0,0.0,0.0,0,0,Benign,Thursday,False,Normal
52765,6,22/02/2018 01:31:11,776,3,0,31,0,31,0,10.3333333333,17.8978583449,0,0,0.0,0.0,39948.4536082474,3865.9793814433,388.0,547.3006486384,775,1,776,388.0,547.3006486384,775,1,0,0.0,0.0,0,0,0,0,0,0,60,0,3865.9793814433,0.0,0,31,7.75,15.5,240.25,0,0,0,0,1,0,0,0,0,10.3333333333,10.3333333333,0.0,0,0,0,0,0,0,3,31,0,0,31510,-1,1,20,0.0,0.0,0,0,0.0,0.0,0,0,Benign,Thursday,False,Normal
443,6,22/02/2018 01:32:05,683,3,0,77,0,46,0,25.6666666667,23.4591844132,0,0,0.0,0.0,112737.920937042,4392.3865300146,341.5,454.669660303,663,20,683,341.5,454.669660303,663,20,0,0.0,0.0,0,0,1,0,0,0,60,0,4392.3865300146,0.0,0,46,30.75,21.6852484422,470.25,0,1,0,0,1,0,0,0,0,41.0,25.6666666667,0.0,0,0,0,0,0,0,3,77,0,0,257,-1,1,20,0.0,0.0,0,0,0.0,0.0,0,0,Benign,Thursday,False,Normal
53,17,22/02/2018 09:34:04,329,1,1,36,84,36,36,36.0,0.0,84,84,84.0,0.0,364741.641337386,6079.0273556231,329.0,0.0,329,329,0,0.0,0.0,0,0,0,0.0,0.0,0,0,0,0,0,0,8,8,3039.5136778116,3039.5136778116,36,84,52.0,27.7128129211,768.0,0,0,0,0,0,0,0,0,1,78.0,36.0,84.0,0,0,0,0,0,0,1,36,1,84,-1,-1,0,8,0.0,0.0,0,0,0.0,0.0,0,0,Benign,Thursday,False,Normal
53,17,22/02/2018 09:37:00,287,1,1,45,61,45,45,45.0,0.0,61,61,61.0,0.0,369337.979094077,6968.6411149826,287.0,0.0,287,287,0,0.0,0.0,0,0,0,0.0,0.0,0,0,0,0,0,0,8,8,3484.3205574913,3484.3205574913,45,61,50.3333333333,9.237604307,85.3333333333,0,0,0,0,0,0,0,0,1,75.5,45.0,61.0,0,0,0,0,0,0,1,45,1,61,-1,-1,0,8,0.0,0.0,0,0,0.0,0.0,0,0,Benign,Thursday,False,Normal
20133,6,22/02/2018 08:57:13,86267533,2,0,0,0,0,0,0.0,0.0,0,0,0.0,0.0,0.0,0.023183693,86267533.0,0.0,86267533,86267533,86267533,86267533.0,0.0,86267533,86267533,0,0.0,0.0,0,0,0,0,0,0,40,0,0.023183693,0.0,0,0,0.0,0.0,0.0,0,0,0,0,1,0,0,0,0,0.0,0.0,0.0,0,0,0,0,0,0,2,0,0,0,62559,-1,0,20,0.0,0.0,0,0,86267533.0,0.0,86267533,86267533,Benign,Thursday,False,Normal
23871,6,22/02/2018 12:38:23,88234250,2,0,0,0,0,0,0.0,0.0,0,0,0.0,0.0,0.0,0.0226669349,88234250.0,0.0,88234250,88234250,88234250,88234250.0,0.0,88234250,88234250,0,0.0,0.0,0,0,0,0,0,0,40,0,0.0226669349,0.0,0,0,0.0,0.0,0.0,0,0,0,0,1,0,0,0,0,0.0,0.0,0.0,0,0,0,0,0,0,2,0,0,0,63324,-1,0,20,0.0,0.0,0,0,88234250.0,0.0,88234250,88234250,Benign,Thursday,False,Normal
59528,6,22/02/2018 10:20:03,86321552,2,0,0,0,0,0,0.0,0.0,0,0,0.0,0.0,0.0,0.0231691849,86321552.0,0.0,86321552,86321552,86321552,86321552.0,0.0,86321552,86321552,0,0.0,0.0,0,0,0,0,0,0,40,0,0.0231691849,0.0,0,0,0.0,0.0,0.0,0,0,0,0,1,0,0,0,0,0.0,0.0,0.0,0,0,0,0,0,0,2,0,0,0,62561,-1,0,20,0.0,0.0,0,0,86321552.0,0.0,86321552,86321552,Benign,Thursday,False,Normal
28535,6,22/02/2018 12:20:29,88036214,2,0,0,0,0,0,0.0,0.0,0,0,0.0,0.0,0.0,0.0227179238,88036214.0,0.0,88036214,88036214,88036214,88036214.0,0.0,88036214,88036214,0,0.0,0.0,0,0,0,0,0,0,40,0,0.0227179238,0.0,0,0,0.0,0.0,0.0,0,0,0,0,1,0,0,0,0,0.0,0.0,0.0,0,0,0,0,0,0,2,0,0,0,63325,-1,0,20,0.0,0.0,0,0,88036214.0,0.0,88036214,88036214,Benign,Thursday,False,Normal
10236,6,22/02/2018 11:52:16,88136046,2,0,0,0,0,0,0.0,0.0,0,0,0.0,0.0,0.0,0.0226921911,88136046.0,0.0,88136046,88136046,88136046,88136046.0,0.0,88136046,88136046,0,0.0,0.0,0,0,0,0,0,0,40,0,0.0226921911,0.0,0,0,0.0,0.0,0.0,0,0,0,0,1,0,0,0,0,0.0,0.0,0.0,0,0,0,0,0,0,2,0,0,0,63324,-1,0,20,0.0,0.0,0,0,88136046.0,0.0,88136046,88136046,Benign,Thursday,False,Normal
53,17,22/02/2018 11:26:27,65396,2,2,60,262,30,30,30.0,0.0,131,131,131.0,0.0,4923.8485534284,61.1658205395,21798.6666666667,20490.4268948534,40728,41,24627,24627.0,0.0,24627,24627,41,41.0,0.0,41,41,0,0,0,0,16,16,30.5829102697,30.5829102697,30,131,70.4,55.319978308,3060.3,0,0,0,0,0,0,0,0,1,88.0,30.0,131.0,0,0,0,0,0,0,2,60,2,262,-1,-1,1,8,0.0,0.0,0,0,0.0,0.0,0,0,Benign,Thursday,False,Normal
3389,6,22/02/2018 11:15:50,2815802,10,7,1148,1581,677,0,114.8,210.0924664153,1173,0,225.8571428571,430.0986044197,969.1732586311,6.0373563198,175987.625,319930.87660178,1009747,78,2815802,312866.888888889,420924.606158111,1090003,78,2727789,454631.5,468404.009446439,1137338,89714,0,0,0,0,212,152,3.5513860705,2.4859702493,0,1173,151.6111111111,305.0826578234,93075.4281045752,0,0,1,1,0,0,0,1,0,160.5294117647,114.8,225.8571428571,0,0,0,0,0,0,10,1148,7,1581,8192,62852,5,20,0.0,0.0,0,0,0.0,0.0,0,0,Benign,Thursday,False,Normal
55415,6,22/02/2018 12:17:12,88364075,2,0,0,0,0,0,0.0,0.0,0,0,0.0,0.0,0.0,0.0226336325,88364075.0,0.0,88364075,88364075,88364075,88364075.0,0.0,88364075,88364075,0,0.0,0.0,0,0,0,0,0,0,40,0,0.0226336325,0.0,0,0,0.0,0.0,0.0,0,0,0,0,1,0,0,0,0,0.0,0.0,0.0,0,0,0,0,0,0,2,0,0,0,63327,-1,0,20,0.0,0.0,0,0,88364075.0,0.0,88364075,88364075,Benign,Thursday,False,Normal
53,17,22/02/2018 04:46:01,25115,2,2,86,198,43,43,43.0,0.0,99,99,99.0,0.0,11307.9832769261,159.2673700976,8371.6666666667,8751.5972446939,17460,1,17460,17460.0,0.0,17460,17460,1,1.0,0.0,1,1,0,0,0,0,16,16,79.6336850488,79.6336850488,43,99,65.4,30.6724632203,940.8,0,0,0,0,0,0,0,0,1,81.75,43.0,99.0,0,0,0,0,0,0,2,86,2,198,-1,-1,1,8,0.0,0.0,0,0,0.0,0.0,0,0,Benign,Thursday,False,Normal
52276,6,22/02/2018 12:46:32,88478465,2,0,0,0,0,0,0.0,0.0,0,0,0.0,0.0,0.0,0.0226043705,88478465.0,0.0,88478465,88478465,88478465,88478465.0,0.0,88478465,88478465,0,0.0,0.0,0,0,0,0,0,0,40,0,0.0226043705,0.0,0,0,0.0,0.0,0.0,0,0,0,0,1,0,0,0,0,0.0,0.0,0.0,0,0,0,0,0,0,2,0,0,0,63329,-1,0,20,0.0,0.0,0,0,88478465.0,0.0,88478465,88478465,Benign,Thursday,False,Normal
53,17,22/02/2018 02:57:59,342,1,1,33,65,33,33,33.0,0.0,65,65,65.0,0.0,286549.707602339,5847.9532163743,342.0,0.0,342,342,0,0.0,0.0,0,0,0,0.0,0.0,0,0,0,0,0,0,8,8,2923.9766081871,2923.9766081871,33,65,43.6666666667,18.4752086141,341.3333333333,0,0,0,0,0,0,0,0,1,65.5,33.0,65.0,0,0,0,0,0,0,1,33,1,65,-1,-1,0,8,0.0,0.0,0,0,0.0,0.0,0,0,Benign,Thursday,False,Normal
3389,6,22/02/2018 02:50:51,1652059,8,7,1148,1581,677,0,143.5,228.129662379,1173,0,225.8571428571,430.0986044197,1651.8780503602,9.079578877,118004.214285714,245670.705234961,953514,3,1652059,236008.428571429,391876.907164251,1120121,3,1546360,257726.666666667,341640.874196087,953514,105156,0,0,0,0,172,152,4.8424420677,4.2371368093,0,1173,170.5625,319.433241591,102037.595833333,0,0,1,1,0,0,0,1,0,181.9333333333,143.5,225.8571428571,0,0,0,0,0,0,8,1148,7,1581,8192,62852,5,20,0.0,0.0,0,0,0.0,0.0,0,0,Benign,Thursday,False,Normal
50470,6,22/02/2018 09:22:05,29,1,1,0,0,0,0,0.0,0.0,0,0,0.0,0.0,0.0,68965.5172413793,29.0,0.0,29,29,0,0.0,0.0,0,0,0,0.0,0.0,0,0,0,0,0,0,20,20,34482.7586206897,34482.7586206897,0,0,0.0,0.0,0.0,0,0,0,0,1,1,0,0,1,0.0,0.0,0.0,0,0,0,0,0,0,1,0,1,0,250,256,0,20,0.0,0.0,0,0,0.0,0.0,0,0,Benign,Thursday,False,Normal
53,17,22/02/2018 11:27:24,406,1,1,43,59,43,43,43.0,0.0,59,59,59.0,0.0,251231.527093596,4926.1083743842,406.0,0.0,406,406,0,0.0,0.0,0,0,0,0.0,0.0,0,0,0,0,0,0,8,8,2463.0541871921,2463.0541871921,43,59,48.3333333333,9.237604307,85.3333333333,0,0,0,0,0,0,0,0,1,72.5,43.0,59.0,0,0,0,0,0,0,1,43,1,59,-1,-1,0,8,0.0,0.0,0,0,0.0,0.0,0,0,Benign,Thursday,False,Normal
53,17,22/02/2018 12:20:31,130683,2,2,82,114,41,41,41.0,0.0,57,57,57.0,0.0,1499.8125234346,30.6084188456,43561.0,74896.4760385961,130044,307,130376,130376.0,0.0,130376,130376,130351,130351.0,0.0,130351,130351,0,0,0,0,16,16,15.3042094228,15.3042094228,41,57,47.4,8.7635609201,76.8,0,0,0,0,0,0,0,0,1,59.25,41.0,57.0,0,0,0,0,0,0,2,82,2,114,-1,-1,1,8,0.0,0.0,0,0,0.0,0.0,0,0,Benign,Thursday,False,Normal
1709,6,22/02/2018 12:48:07,88162394,2,0,0,0,0,0,0.0,0.0,0,0,0.0,0.0,0.0,0.0226854094,88162394.0,0.0,88162394,88162394,88162394,88162394.0,0.0,88162394,88162394,0,0.0,0.0,0,0,0,0,0,0,40,0,0.0226854094,0.0,0,0,0.0,0.0,0.0,0,0,0,0,1,0,0,0,0,0.0,0.0,0.0,0,0,0,0,0,0,2,0,0,0,63330,-1,0,20,0.0,0.0,0,0,88162394.0,0.0,88162394,88162394,Benign,Thursday,False,Normal
11332,6,22/02/2018 10:04:26,86284233,2,0,0,0,0,0,0.0,0.0,0,0,0.0,0.0,0.0,0.0231792059,86284233.0,0.0,86284233,86284233,86284233,86284233.0,0.0,86284233,86284233,0,0.0,0.0,0,0,0,0,0,0,40,0,0.0231792059,0.0,0,0,0.0,0.0,0.0,0,0,0,0,1,0,0,0,0,0.0,0.0,0.0,0,0,0,0,0,0,2,0,0,0,62559,-1,0,20,0.0,0.0,0,0,86284233.0,0.0,86284233,86284233,Benign,Thursday,False,Normal
53,17,22/02/2018 09:37:00,1898,1,1,43,102,43,43,43.0,0.0,102,102,102.0,0.0,76396.2065331928,1053.7407797682,1898.0,0.0,1898,1898,0,0.0,0.0,0,0,0,0.0,0.0,0,0,0,0,0,0,8,8,526.8703898841,526.8703898841,43,102,62.6666666667,34.0636658822,1160.3333333333,0,0,0,0,0,0,0,0,1,94.0,43.0,102.0,0,0,0,0,0,0,1,43,1,102,-1,-1,0,8,0.0,0.0,0,0,0.0,0.0,0,0,Benign,Thursday,False,Normal
23756,6,22/02/2018 10:40:29,86363236,2,0,0,0,0,0,0.0,0.0,0,0,0.0,0.0,0.0,0.0231580021,86363236.0,0.0,86363236,86363236,86363236,86363236.0,0.0,86363236,86363236,0,0.0,0.0,0,0,0,0,0,0,40,0,0.0231580021,0.0,0,0,0.0,0.0,0.0,0,0,0,0,1,0,0,0,0,0.0,0.0,0.0,0,0,0,0,0,0,2,0,0,0,62541,-1,0,20,0.0,0.0,0,0,86363236.0,0.0,86363236,86363236,Benign,Thursday,False,Normal
53,17,22/02/2018 10:46:31,305,1,1,22,54,22,22,22.0,0.0,54,54,54.0,0.0,249180.327868852,6557.3770491803,305.0,0.0,305,305,0,0.0,0.0,0,0,0,0.0,0.0,0,0,0,0,0,0,8,8,3278.6885245902,3278.6885245902,22,54,32.6666666667,18.4752086141,341.3333333333,0,0,0,0,0,0,0,0,1,49.0,22.0,54.0,0,0,0,0,0,0,1,22,1,54,-1,-1,0,8,0.0,0.0,0,0,0.0,0.0,0,0,Benign,Thursday,False,Normal
50977,6,22/02/2018 12:21:10,1,2,0,0,0,0,0,0.0,0.0,0,0,0.0,0.0,0.0,2000000.0,1.0,0.0,1,1,1,1.0,0.0,1,1,0,0.0,0.0,0,0,0,0,0,0,40,0,2000000.0,0.0,0,0,0.0,0.0,0.0,0,0,0,0,1,0,0,0,0,0.0,0.0,0.0,0,0,0,0,0,0,2,0,0,0,4969,-1,0,20,0.0,0.0,0,0,0.0,0.0,0,0,Benign,Thursday,False,Normal
443,6,22/02/2018 12:21:12,62246028,19,17,2063,8860,661,0,108.5789473684,217.0180012476,1460,0,521.1764705882,603.1621087334,175.4810764793,0.5783501559,1778457.94285714,3794458.23865699,10099327,1,62246028,3458112.66666667,4765927.02015578,10110816,290,62234442,3889652.625,4909950.91577987,10110852,1,0,0,0,0,392,412,0.3052403601,0.2731097959,0,1460,295.2162162162,479.7450211157,230155.285285285,0,0,0,1,0,0,0,0,0,303.4166666667,108.5789473684,521.1764705882,0,0,0,0,0,0,19,2063,17,8860,8192,125,10,20,385369.0,915811.796474145,2254762,11429,9988941.0,86976.1430117478,10099327,9830624,Benign,Thursday,False,Normal
443,6,22/02/2018 12:41:10,678956,8,9,353,5017,196,0,44.125,75.2869510606,1460,0,557.4444444444,689.9552723023,7909.2017744891,25.0384413718,42434.75,86598.1792437539,349067,0,646257,92322.4285714286,120369.476057204,349067,32,646456,80807.0,151209.046611447,437466,0,0,0,0,0,172,192,11.7827959396,13.2556454321,0,1460,298.3333333333,545.473782192,297541.647058824,0,0,0,1,0,0,0,0,1,315.8823529412,44.125,557.4444444444,0,0,0,0,0,0,8,353,9,5017,8192,237,3,20,0.0,0.0,0,0,0.0,0.0,0,0,Benign,Thursday,False,Normal
80,6,22/02/2018 12:43:33,812,3,4,161,488,161,0,53.6666666667,92.9533933395,488,0,122.0,244.0,799261.083743842,8620.6896551724,135.3333333333,87.8286209995,271,28,459,229.5,139.3000358938,328,131,541,180.3333333333,176.0009469672,373,28,0,0,0,0,72,92,3694.5812807882,4926.1083743842,0,488,81.125,173.7875858627,30202.125,0,0,0,1,0,0,0,0,1,92.7142857143,53.6666666667,122.0,0,0,0,0,0,0,3,161,4,488,8192,149,1,20,0.0,0.0,0,0,0.0,0.0,0,0,Benign,Thursday,False,Normal
80,6,22/02/2018 12:59:08,85,2,0,0,0,0,0,0.0,0.0,0,0,0.0,0.0,0.0,23529.4117647059,85.0,0.0,85,85,85,85.0,0.0,85,85,0,0.0,0.0,0,0,0,0,0,0,40,0,23529.4117647059,0.0,0,0,0.0,0.0,0.0,0,0,0,0,1,0,0,0,0,0.0,0.0,0.0,0,0,0,0,0,0,2,0,0,0,278,-1,0,20,0.0,0.0,0,0,0.0,0.0,0,0,Benign,Thursday,False,Normal
53,17,22/02/2018 11:58:24,310032,2,2,80,240,40,40,40.0,0.0,120,120,120.0,0.0,1032.1515198431,12.901893998,103344.0,111682.41674946,221838,25,88169,88169.0,0.0,88169,88169,25,25.0,0.0,25,25,0,0,0,0,16,16,6.450946999,6.450946999,40,120,72.0,43.8178046004,1920.0,0,0,0,0,0,0,0,0,1,90.0,40.0,120.0,0,0,0,0,0,0,2,80,2,240,-1,-1,1,8,0.0,0.0,0,0,0.0,0.0,0,0,Benign,Thursday,False,Normal
53,17,22/02/2018 09:52:31,299,1,1,44,60,44,44,44.0,0.0,60,60,60.0,0.0,347826.086956522,6688.9632107023,299.0,0.0,299,299,0,0.0,0.0,0,0,0,0.0,0.0,0,0,0,0,0,0,8,8,3344.4816053512,3344.4816053512,44,60,49.3333333333,9.237604307,85.3333333333,0,0,0,0,0,0,0,0,1,74.0,44.0,60.0,0,0,0,0,0,0,1,44,1,60,-1,-1,0,8,0.0,0.0,0,0,0.0,0.0,0,0,Benign,Thursday,False,Normal
53,17,22/02/2018 03:09:45,981,1,1,39,67,39,39,39.0,0.0,67,67,67.0,0.0,108053.007135576,2038.7359836901,981.0,0.0,981,981,0,0.0,0.0,0,0,0,0.0,0.0,0,0,0,0,0,0,8,8,1019.3679918451,1019.3679918451,39,67,48.3333333333,16.1658075373,261.3333333333,0,0,0,0,0,0,0,0,1,72.5,39.0,67.0,0,0,0,0,0,0,1,39,1,67,-1,-1,0,8,0.0,0.0,0,0,0.0,0.0,0,0,Benign,Thursday,False,Normal
443,6,22/02/2018 02:02:11,11154576,22,30,1062,35215,367,0,48.2727272727,113.9716680826,1460,0,1173.8333333333,548.6254977502,3252.2078831145,4.6617639254,218717.176470588,1402104.06123602,10001420,1,11154576,531170.285714286,2177556.60704095,10001420,30,10313236,355628.827586207,1857377.44837696,10011524,1,0,0,0,0,452,624,1.9722847377,2.6894791877,0,1460,684.4716981132,701.0804190614,491513.753991292,0,0,0,1,0,0,0,0,1,697.6346153846,48.2727272727,1173.8333333333,0,0,0,0,0,0,22,1062,30,35215,8192,127,5,20,311772.0,0.0,311772,311772,10001420.0,0.0,10001420,10001420,Benign,Thursday,False,Normal
3389,6,22/02/2018 02:45:41,5435883,11,8,1148,1600,677,0,104.3636363636,202.2944748268,1173,0,200.0,404.854471208,505.5296444018,3.4952923012,301993.5,760457.38940311,3210091,4,5435883,543588.3,988059.740499986,3210091,4,5353997,764856.714285714,1232390.89668075,3477205,44023,0,0,0,0,244,172,2.0235902796,1.4717020215,0,1173,137.4,291.8917246983,85200.7789473684,0,0,0,1,0,0,0,0,0,144.6315789474,104.3636363636,200.0,0,0,0,0,0,0,11,1148,8,1600,8192,62852,5,20,0.0,0.0,0,0,0.0,0.0,0,0,Benign,Thursday,False,Normal
53,17,22/02/2018 10:55:26,11069,1,1,37,102,37,37,37.0,0.0,102,102,102.0,0.0,12557.5932785256,180.6847953745,11069.0,0.0,11069,11069,0,0.0,0.0,0,0,0,0.0,0.0,0,0,0,0,0,0,8,8,90.3423976872,90.3423976872,37,102,58.6666666667,37.5277674973,1408.3333333333,0,0,0,0,0,0,0,0,1,88.0,37.0,102.0,0,0,0,0,0,0,1,37,1,102,-1,-1,0,8,0.0,0.0,0,0,0.0,0.0,0,0,Benign,Thursday,False,Normal
53,17,22/02/2018 10:37:24,327,1,1,88,216,88,88,88.0,0.0,216,216,216.0,0.0,929663.608562691,6116.2079510703,327.0,0.0,327,327,0,0.0,0.0,0,0,0,0.0,0.0,0,0,0,0,0,0,8,8,3058.1039755352,3058.1039755352,88,216,130.6666666667,73.9008344563,5461.3333333333,0,0,0,0,0,0,0,0,1,196.0,88.0,216.0,0,0,0,0,0,0,1,88,1,216,-1,-1,0,8,0.0,0.0,0,0,0.0,0.0,0,0,Benign,Thursday,False,Normal
53,17,22/02/2018 09:52:36,17483,1,1,88,170,88,88,88.0,0.0,170,170,170.0,0.0,14757.1927014814,114.3968426471,17483.0,0.0,17483,17483,0,0.0,0.0,0,0,0,0.0,0.0,0,0,0,0,0,0,8,8,57.1984213236,57.1984213236,88,170,115.3333333333,47.3427220735,2241.3333333333,0,0,0,0,0,0,0,0,1,173.0,88.0,170.0,0,0,0,0,0,0,1,88,1,170,-1,-1,0,8,0.0,0.0,0,0,0.0,0.0,0,0,Benign,Thursday,False,Normal
445,6,22/02/2018 09:09:25,217991,3,1,0,0,0,0,0.0,0.0,0,0,0.0,0.0,0.0,18.3493813965,72663.6666666667,124793.97484788,216762,77,217991,108995.5,152513.740313783,216839,1152,0,0.0,0.0,0,0,0,0,0,0,72,32,13.7620360474,4.5873453491,0,0,0.0,0.0,0.0,0,0,0,1,0,0,0,0,0,0.0,0.0,0.0,0,0,0,0,0,0,3,0,1,0,8192,8192,0,20,0.0,0.0,0,0,0.0,0.0,0,0,Benign,Thursday,False,Normal
445,6,22/02/2018 09:42:20,1167689,7,5,364,582,103,0,52.0,49.2172056636,409,0,116.4,167.0353256051,810.1472224197,10.2767089525,106153.545454545,121214.57767312,234782,2,1167689,194614.833333333,95357.6038277319,236475,2,935691,233922.75,2977.8944882808,238334,232012,0,0,0,0,152,112,5.9947468889,4.2819620635,0,409,72.7692307692,109.5332170669,11997.5256410256,0,0,0,1,0,0,0,0,0,78.8333333333,52.0,116.4,0,0,0,0,0,0,7,364,5,582,8192,256,4,20,0.0,0.0,0,0,0.0,0.0,0,0,Benign,Thursday,False,Normal
80,6,22/02/2018 09:52:15,5547551,4,4,97,231,97,0,24.25,48.5,231,0,57.75,115.5,59.1251887545,1.4420777745,792507.285714286,2069514.95135162,5485442,41,62109,20703.0,35533.1169333623,61733,106,5547322,1849107.33333333,3202214.37897236,5546706,244,0,0,0,0,92,92,0.7210388872,0.7210388872,0,231,36.4444444444,79.6996096463,6352.0277777778,0,0,0,1,0,0,0,0,1,41.0,24.25,57.75,0,0,0,0,0,0,4,97,4,231,8192,141,1,20,0.0,0.0,0,0,0.0,0.0,0,0,Benign,Thursday,False,Normal
80,6,22/02/2018 10:32:23,887,3,4,148,243,148,0,49.3333333333,85.4478398401,243,0,60.75,121.5,440811.724915445,7891.770011274,147.8333333333,95.1870089175,269,28,425,212.5,103.9446968344,286,139,655,218.3333333333,170.7346869659,358,28,0,0,0,0,72,92,3382.1871476888,4509.5828635851,0,243,48.875,93.9930658537,8834.6964285714,0,0,0,1,0,0,0,0,1,55.8571428571,49.3333333333,60.75,0,0,0,0,0,0,3,148,4,243,8192,149,1,20,0.0,0.0,0,0,0.0,0.0,0,0,Benign,Thursday,False,Normal
53,17,22/02/2018 10:39:31,279,1,1,33,49,33,33,33.0,0.0,49,49,49.0,0.0,293906.810035842,7168.458781362,279.0,0.0,279,279,0,0.0,0.0,0,0,0,0.0,0.0,0,0,0,0,0,0,8,8,3584.229390681,3584.229390681,33,49,38.3333333333,9.237604307,85.3333333333,0,0,0,0,0,0,0,0,1,57.5,33.0,49.0,0,0,0,0,0,0,1,33,1,49,-1,-1,0,8,0.0,0.0,0,0,0.0,0.0,0,0,Benign,Thursday,False,Normal
445,6,22/02/2018 12:25:43,92321,3,1,0,0,0,0,0.0,0.0,0,0,0.0,0.0,0.0,43.3270870116,30773.6666666667,53108.4341167515,92098,92,92321,46160.5,65150.6974981849,92229,92,0,0.0,0.0,0,0,0,0,0,0,72,32,32.4953152587,10.8317717529,0,0,0.0,0.0,0.0,0,0,0,1,0,0,0,0,0,0.0,0.0,0.0,0,0,0,0,0,0,3,0,1,0,8192,8192,0,20,0.0,0.0,0,0,0.0,0.0,0,0,Benign,Thursday,False,Normal
53,17,22/02/2018 10:37:19,1933,1,1,43,99,43,43,43.0,0.0,99,99,99.0,0.0,73460.9415416451,1034.6611484739,1933.0,0.0,1933,1933,0,0.0,0.0,0,0,0,0.0,0.0,0,0,0,0,0,0,8,8,517.3305742369,517.3305742369,43,99,61.6666666667,32.3316150746,1045.3333333333,0,0,0,0,0,0,0,0,1,92.5,43.0,99.0,0,0,0,0,0,0,1,43,1,99,-1,-1,0,8,0.0,0.0,0,0,0.0,0.0,0,0,Benign,Thursday,False,Normal
443,6,22/02/2018 02:11:06,117120290,21,19,750,5447,381,0,35.7142857143,93.7081335089,1460,0,286.6842105263,554.6314144078,52.9114127023,0.341529209,3003084.35897436,4516041.22520784,10001476,0,117120290,5856014.5,4833675.47130255,10015886,37,112007027,6222612.61111111,4908524.0142911,10015885,0,0,0,0,0,432,524,0.1793028347,0.1622263743,0,1460,151.1463414634,398.8863598179,159110.328048781,0,0,0,1,0,0,0,0,0,154.925,35.7142857143,286.6842105263,0,0,0,0,0,0,21,750,19,5447,8192,123,15,20,177279.916666667,563750.177364932,1967427,14368,9582741.16666667,1412413.81101412,10001476,5098861,Benign,Thursday,False,Normal
80,6,22/02/2018 03:42:04,89,2,0,0,0,0,0,0.0,0.0,0,0,0.0,0.0,0.0,22471.9101123596,89.0,0.0,89,89,89,89.0,0.0,89,89,0,0.0,0.0,0,0,0,0,0,0,40,0,22471.9101123596,0.0,0,0,0.0,0.0,0.0,0,0,0,0,1,0,0,0,0,0.0,0.0,0.0,0,0,0,0,0,0,2,0,0,0,279,-1,0,20,0.0,0.0,0,0,0.0,0.0,0,0,Benign,Thursday,False,Normal
0,0,22/02/2018 03:58:32,112642335,3,0,0,0,0,0,0.0,0.0,0,0,0.0,0.0,0.0,0.0266329706,56321167.5,24.7487373415,56321185,56321150,112642335,56321167.5,24.7487373415,56321185,56321150,0,0.0,0.0,0,0,0,0,0,0,0,0,0.0266329706,0.0,0,0,0.0,0.0,0.0,0,0,0,0,0,0,0,0,0,0.0,0.0,0.0,0,0,0,0,0,0,3,0,0,0,-1,-1,0,0,0.0,0.0,0,0,56321167.5,24.7487373415,56321185,56321150,Benign,Thursday,False,Normal
52578,6,22/02/2018 04:35:47,38,2,0,0,0,0,0,0.0,0.0,0,0,0.0,0.0,0.0,52631.5789473684,38.0,0.0,38,38,38,38.0,0.0,38,38,0,0.0,0.0,0,0,0,0,0,0,40,0,52631.5789473684,0.0,0,0,0.0,0.0,0.0,0,0,0,0,1,0,0,0,0,0.0,0.0,0.0,0,0,0,0,0,0,2,0,0,0,197,-1,0,20,0.0,0.0,0,0,0.0,0.0,0,0,Benign,Thursday,False,Normal
80,6,22/02/2018 05:02:00,94,2,0,0,0,0,0,0.0,0.0,0,0,0.0,0.0,0.0,21276.5957446809,94.0,0.0,94,94,94,94.0,0.0,94,94,0,0.0,0.0,0,0,0,0,0,0,40,0,21276.5957446809,0.0,0,0,0.0,0.0,0.0,0,0,0,0,1,0,0,0,0,0.0,0.0,0.0,0,0,0,0,0,0,2,0,0,0,279,-1,0,20,0.0,0.0,0,0,0.0,0.0,0,0,Benign,Thursday,False,Normal
53,17,22/02/2018 08:22:33,71298,1,1,42,123,42,42,42.0,0.0,123,123,123.0,0.0,2314.2304131953,28.0512777357,71298.0,0.0,71298,71298,0,0.0,0.0,0,0,0,0.0,0.0,0,0,0,0,0,0,8,8,14.0256388679,14.0256388679,42,123,69.0,46.7653718044,2187.0,0,0,0,0,0,0,0,0,1,103.5,42.0,123.0,0,0,0,0,0,0,1,42,1,123,-1,-1,0,8,0.0,0.0,0,0,0.0,0.0,0,0,Benign,Thursday,False,Normal
52684,6,22/02/2018 04:43:47,60,1,1,0,0,0,0,0.0,0.0,0,0,0.0,0.0,0.0,33333.3333333333,60.0,0.0,60,60,0,0.0,0.0,0,0,0,0.0,0.0,0,0,0,0,0,0,20,20,16666.6666666667,16666.6666666667,0,0,0.0,0.0,0.0,0,0,0,0,1,1,0,0,1,0.0,0.0,0.0,0,0,0,0,0,0,1,0,1,0,242,255,0,20,0.0,0.0,0,0,0.0,0.0,0,0,Benign,Thursday,False,Normal
53,17,22/02/2018 11:40:22,578,1,1,84,166,84,84,84.0,0.0,166,166,166.0,0.0,432525.951557093,3460.2076124568,578.0,0.0,578,578,0,0.0,0.0,0,0,0,0.0,0.0,0,0,0,0,0,0,8,8,1730.1038062284,1730.1038062284,84,166,111.3333333333,47.3427220735,2241.3333333333,0,0,0,0,0,0,0,0,1,167.0,84.0,166.0,0,0,0,0,0,0,1,84,1,166,-1,-1,0,8,0.0,0.0,0,0,0.0,0.0,0,0,Benign,Thursday,False,Normal
0,0,22/02/2018 08:51:38,118,1,1,0,0,0,0,0.0,0.0,0,0,0.0,0.0,0.0,16949.1525423729,118.0,0.0,118,118,0,0.0,0.0,0,0,0,0.0,0.0,0,0,0,0,0,0,0,0,8474.5762711864,8474.5762711864,0,0,0.0,0.0,0.0,0,0,0,0,0,0,0,0,1,0.0,0.0,0.0,0,0,0,0,0,0,1,0,1,0,-1,-1,0,0,0.0,0.0,0,0,0.0,0.0,0,0,Benign,Thursday,False,Normal
3389,6,22/02/2018 01:58:22,1588243,8,7,1148,1581,677,0,143.5,228.129662379,1173,0,225.8571428571,430.0986044197,1718.2509225603,9.4443986216,113445.928571429,246043.66099957,953196,3,1588243,226891.857142857,385605.584607047,1097309,3,1494734,249122.333333333,345444.175078212,953196,95451,0,0,0,0,172,152,5.0370125982,4.4073860234,0,1173,170.5625,319.433241591,102037.595833333,0,0,0,1,0,0,0,0,0,181.9333333333,143.5,225.8571428571,0,0,0,0,0,0,8,1148,7,1581,8192,62852,5,20,0.0,0.0,0,0,0.0,0.0,0,0,Benign,Thursday,False,Normal
53,17,22/02/2018 02:04:24,25002,2,2,80,200,40,40,40.0,0.0,100,100,100.0,0.0,11199.1040716743,159.9872010239,8334.0,13468.8692546925,23884,317,24685,24685.0,0.0,24685,24685,24201,24201.0,0.0,24201,24201,0,0,0,0,16,16,79.993600512,79.993600512,40,100,64.0,32.8633534503,1080.0,0,0,0,0,0,0,0,0,1,80.0,40.0,100.0,0,0,0,0,0,0,2,80,2,200,-1,-1,1,8,0.0,0.0,0,0,0.0,0.0,0,0,Benign,Thursday,False,Normal
52956,6,22/02/2018 05:10:45,47,1,1,0,0,0,0,0.0,0.0,0,0,0.0,0.0,0.0,42553.1914893617,47.0,0.0,47,47,0,0.0,0.0,0,0,0,0.0,0.0,0,0,0,0,0,0,20,20,21276.5957446809,21276.5957446809,0,0,0.0,0.0,0.0,0,0,0,0,1,1,0,0,1,0.0,0.0,0.0,0,0,0,0,0,0,1,0,1,0,290,256,0,20,0.0,0.0,0,0,0.0,0.0,0,0,Benign,Thursday,False,Normal
3389,6,22/02/2018 02:55:04,2121908,9,7,1148,1581,677,0,127.5555555556,218.6910555505,1173,0,225.8571428571,430.0986044197,1286.1066549539,7.5403834662,141460.533333333,241474.237071212,953142,97,2121908,265238.5,359845.351509705,1129923,760,2005202,334200.333333333,341240.62412712,953142,117025,0,0,0,0,192,152,4.2414656997,3.2989177665,0,1173,160.5294117647,312.0440909645,97371.5147058823,0,0,1,1,0,0,0,1,0,170.5625,127.5555555556,225.8571428571,0,0,0,0,0,0,9,1148,7,1581,8192,62852,5,20,0.0,0.0,0,0,0.0,0.0,0,0,Benign,Thursday,False,Normal
53,17,22/02/2018 11:17:50,1734,1,1,35,83,35,35,35.0,0.0,83,83,83.0,0.0,68050.7497116494,1153.4025374856,1734.0,0.0,1734,1734,0,0.0,0.0,0,0,0,0.0,0.0,0,0,0,0,0,0,8,8,576.7012687428,576.7012687428,35,83,51.0,27.7128129211,768.0,0,0,0,0,0,0,0,0,1,76.5,35.0,83.0,0,0,0,0,0,0,1,35,1,83,-1,-1,0,8,0.0,0.0,0,0,0.0,0.0,0,0,Benign,Thursday,False,Normal
57087,6,22/02/2018 01:41:44,145,2,0,0,0,0,0,0.0,0.0,0,0,0.0,0.0,0.0,13793.1034482759,145.0,0.0,145,145,145,145.0,0.0,145,145,0,0.0,0.0,0,0,0,0,0,0,52,0,13793.1034482759,0.0,0,0,0.0,0.0,0.0,0,0,0,0,1,0,0,0,0,0.0,0.0,0.0,0,0,0,0,0,0,2,0,0,0,257,-1,0,20,0.0,0.0,0,0,0.0,0.0,0,0,Benign,Thursday,False,Normal
3389,6,22/02/2018 02:57:02,2464476,9,7,1148,1581,677,0,127.5555555556,218.6910555505,1173,0,225.8571428571,430.0986044197,1107.3347843517,6.4922523084,164298.4,269533.025081953,953118,4,2464476,308059.5,375390.422377252,1115326,4,2365510,394251.666666667,410556.415300342,953118,95143,0,0,0,0,192,152,3.6518919235,2.8403603849,0,1173,160.5294117647,312.0440909645,97371.5147058823,0,0,0,1,0,0,0,0,0,170.5625,127.5555555556,225.8571428571,0,0,0,0,0,0,9,1148,7,1581,8192,62852,5,20,0.0,0.0,0,0,0.0,0.0,0,0,Benign,Thursday,False,Normal
53,17,22/02/2018 04:05:54,12892,1,1,69,151,69,69,69.0,0.0,151,151,151.0,0.0,17064.8464163823,155.1349674217,12892.0,0.0,12892,12892,0,0.0,0.0,0,0,0,0.0,0.0,0,0,0,0,0,0,8,8,77.5674837108,77.5674837108,69,151,96.3333333333,47.3427220735,2241.3333333333,0,0,0,0,0,0,0,0,1,144.5,69.0,151.0,0,0,0,0,0,0,1,69,1,151,-1,-1,0,8,0.0,0.0,0,0,0.0,0.0,0,0,Benign,Thursday,False,Normal
53,17,22/02/2018 09:56:54,11685,1,1,22,91,22,22,22.0,0.0,91,91,91.0,0.0,9670.5177578092,171.1596063329,11685.0,0.0,11685,11685,0,0.0,0.0,0,0,0,0.0,0.0,0,0,0,0,0,0,8,8,85.5798031665,85.5798031665,22,91,45.0,39.8371685741,1587.0,0,0,0,0,0,0,0,0,1,67.5,22.0,91.0,0,0,0,0,0,0,1,22,1,91,-1,-1,0,8,0.0,0.0,0,0,0.0,0.0,0,0,Benign,Thursday,False,Normal
443,6,22/02/2018 09:29:58,117043009,14,14,1129,5364,498,0,80.6428571429,138.4094300605,1460,0,383.1428571429,594.8367399991,55.4753338578,0.2392282994,4334926.25925926,15548018.8001146,58523755,1,117043009,9003308.38461538,21868675.3879509,58523755,245,116980991,8998537.76923077,21911883.3720683,58646834,1,0,0,0,0,292,292,0.1196141497,0.1196141497,0,1460,223.8965517241,444.8638110083,197903.810344828,0,0,0,1,0,0,0,0,1,231.8928571429,80.6428571429,383.1428571429,0,0,0,0,0,0,14,1129,14,5364,8192,118,7,20,213239.0,213969.097773487,364538,61940,58277226.5,348643.948211496,58523755,58030698,Benign,Thursday,False,Normal
443,6,22/02/2018 10:24:01,117366592,37,57,859,55382,493,0,23.2162162162,88.0590506217,1460,0,971.6140350877,660.5273530182,479.1908757136,0.8009093422,1262006.3655914,3275274.65943208,10061072,1,117366592,3260183.11111111,4643916.27611218,10061072,27,111783039,1996125.69642857,4007842.45141453,10072304,1,0,0,0,0,752,1284,0.3152515496,0.4856577926,0,1460,592.0105263158,693.7898003877,481344.287122061,0,0,0,1,0,0,0,0,1,598.3085106383,23.2162162162,971.6140350877,0,0,0,0,0,0,37,859,57,55382,8192,290,15,20,141638.5,451305.324022239,1574725,11192,9638908.41666667,1280774.78017853,10061072,5572246,Benign,Thursday,False,Normal
443,6,22/02/2018 10:37:32,5028018,9,7,351,5509,194,0,39.0,71.4002801115,1460,0,787.0,672.2080531105,1165.4691769202,3.1821684011,335201.2,1246785.35943162,4841374,7,5028018,628502.25,1702592.64188588,4841374,17,84707,14117.8333333333,24133.8336566461,59528,20,0,0,0,0,192,152,1.7899697256,1.3921986755,0,1460,344.7058823529,563.5413432821,317578.845588235,0,0,0,1,0,0,0,0,0,366.25,39.0,787.0,0,0,0,0,0,0,9,351,7,5509,8192,946,3,20,0.0,0.0,0,0,0.0,0.0,0,0,Benign,Thursday,False,Normal
80,6,22/02/2018 11:35:33,5674261,4,4,97,231,97,0,24.25,48.5,231,0,57.75,115.5,57.8048841955,1.4098752243,810608.714285714,2117383.80925776,5612104,43,62157,20719.0,35585.8802476488,61810,127,5674084,1891361.33333333,3275496.58289248,5673579,175,0,0,0,0,92,92,0.7049376121,0.7049376121,0,231,36.4444444444,79.6996096463,6352.0277777778,0,0,0,1,0,0,0,0,1,41.0,24.25,57.75,0,0,0,0,0,0,4,97,4,231,8192,141,1,20,0.0,0.0,0,0,0.0,0.0,0,0,Benign,Thursday,False,Normal
443,6,22/02/2018 11:36:49,115828473,20,19,855,5185,534,0,42.75,124.143751565,1460,0,272.8947368421,540.9457658929,52.1460729263,0.3367047755,3048117.71052632,4592713.41922409,10089631,0,115828473,6096235.42105263,4886415.91704167,10100779,37,110468855,6137158.61111111,5026060.64104219,10101457,0,0,0,0,0,412,524,0.1726691157,0.1640356599,0,1460,151.0,395.4709623364,156397.282051282,0,0,0,1,0,0,0,0,0,154.8717948718,42.75,272.8947368421,0,0,0,0,0,0,20,855,19,5185,8192,62,15,20,19710.5833333333,28861.7665163962,111347,11105,9632659.08333333,1349696.54140548,10089631,5348365,Benign,Thursday,False,Normal
53,17,22/02/2018 10:24:09,1005,1,1,39,289,39,39,39.0,0.0,289,289,289.0,0.0,326368.15920398,1990.0497512438,1005.0,0.0,1005,1005,0,0.0,0.0,0,0,0,0.0,0.0,0,0,0,0,0,0,8,8,995.0248756219,995.0248756219,39,289,122.3333333333,144.3375672974,20833.3333333333,0,0,0,0,0,0,0,0,1,183.5,39.0,289.0,0,0,0,0,0,0,1,39,1,289,-1,-1,0,8,0.0,0.0,0,0,0.0,0.0,0,0,Benign,Thursday,False,Normal
80,6,22/02/2018 03:45:42,54286058,2,0,0,0,0,0,0.0,0.0,0,0,0.0,0.0,0.0,0.036841872,54286058.0,0.0,54286058,54286058,54286058,54286058.0,0.0,54286058,54286058,0,0.0,0.0,0,0,0,0,0,0,40,0,0.036841872,0.0,0,0,0.0,0.0,0.0,0,0,0,0,1,0,0,0,0,0.0,0.0,0.0,0,0,0,0,0,0,2,0,0,0,279,-1,0,20,0.0,0.0,0,0,0.0,0.0,0,0,Benign,Thursday,False,Normal
3389,6,22/02/2018 04:37:27,3904200,13,9,1440,1731,725,0,110.7692307692,196.5787178402,1179,0,192.3333333333,386.0744746807,812.2022437375,5.6349572256,185914.285714286,245050.99983639,953146,61,3904200,325350.0,326847.621613442,1197697,61,3886604,485825.5,361920.269619073,1001828,106953,0,0,0,0,272,192,3.3297474515,2.3052097741,0,1179,137.8695652174,278.9101035276,77790.8458498024,0,0,1,1,0,0,0,1,0,144.1363636364,110.7692307692,192.3333333333,0,0,0,0,0,0,13,1440,9,1731,8192,62560,7,20,0.0,0.0,0,0,0.0,0.0,0,0,Benign,Thursday,False,Normal
53,17,22/02/2018 10:24:04,32081,2,2,70,200,35,35,35.0,0.0,100,100,100.0,0.0,8416.1965026028,124.6843926312,10693.6666666667,12452.7828349062,24530,386,31695,31695.0,0.0,31695,31695,7551,7551.0,0.0,7551,7551,0,0,0,0,16,16,62.3421963156,62.3421963156,35,100,61.0,35.6019662378,1267.5,0,0,0,0,0,0,0,0,1,76.25,35.0,100.0,0,0,0,0,0,0,2,70,2,200,-1,-1,1,8,0.0,0.0,0,0,0.0,0.0,0,0,Benign,Thursday,False,Normal
53,17,22/02/2018 11:47:34,40601,2,2,76,280,38,38,38.0,0.0,140,140,140.0,0.0,8768.2569394843,98.5197408931,13533.6666666667,11831.3909720427,22054,25,18522,18522.0,0.0,18522,18522,25,25.0,0.0,25,25,0,0,0,0,16,16,49.2598704465,49.2598704465,38,140,78.8,55.8677008655,3121.2,0,0,0,0,0,0,0,0,1,98.5,38.0,140.0,0,0,0,0,0,0,2,76,2,280,-1,-1,1,8,0.0,0.0,0,0,0.0,0.0,0,0,Benign,Thursday,False,Normal
10005,6,22/02/2018 04:20:33,86236870,2,0,0,0,0,0,0.0,0.0,0,0,0.0,0.0,0.0,0.0231919363,86236870.0,0.0,86236870,86236870,86236870,86236870.0,0.0,86236870,86236870,0,0.0,0.0,0,0,0,0,0,0,40,0,0.0231919363,0.0,0,0,0.0,0.0,0.0,0,0,0,0,1,0,0,0,0,0.0,0.0,0.0,0,0,0,0,0,0,2,0,0,0,62562,-1,0,20,0.0,0.0,0,0,86236870.0,0.0,86236870,86236870,Benign,Thursday,False,Normal
51210,6,22/02/2018 02:47:42,86055075,2,0,0,0,0,0,0.0,0.0,0,0,0.0,0.0,0.0,0.0232409303,86055075.0,0.0,86055075,86055075,86055075,86055075.0,0.0,86055075,86055075,0,0.0,0.0,0,0,0,0,0,0,40,0,0.0232409303,0.0,0,0,0.0,0.0,0.0,0,0,0,0,1,0,0,0,0,0.0,0.0,0.0,0,0,0,0,0,0,2,0,0,0,64000,-1,0,20,0.0,0.0,0,0,86055075.0,0.0,86055075,86055075,Benign,Thursday,False,Normal
53,17,22/02/2018 04:51:47,11845,1,1,40,84,40,40,40.0,0.0,84,84,84.0,0.0,10468.5521317011,168.8476150274,11845.0,0.0,11845,11845,0,0.0,0.0,0,0,0,0.0,0.0,0,0,0,0,0,0,8,8,84.4238075137,84.4238075137,40,84,54.6666666667,25.4034118443,645.3333333333,0,0,0,0,0,0,0,0,1,82.0,40.0,84.0,0,0,0,0,0,0,1,40,1,84,-1,-1,0,8,0.0,0.0,0,0,0.0,0.0,0,0,Benign,Thursday,False,Normal
53,17,22/02/2018 11:36:46,12454,1,1,50,111,50,50,50.0,0.0,111,111,111.0,0.0,12927.573470371,160.5909747872,12454.0,0.0,12454,12454,0,0.0,0.0,0,0,0,0.0,0.0,0,0,0,0,0,0,8,8,80.2954873936,80.2954873936,50,111,70.3333333333,35.2183664206,1240.3333333333,0,0,0,0,0,0,0,0,1,105.5,50.0,111.0,0,0,0,0,0,0,1,50,1,111,-1,-1,0,8,0.0,0.0,0,0,0.0,0.0,0,0,Benign,Thursday,False,Normal
3389,6,22/02/2018 10:08:06,4145087,13,9,1440,1731,725,0,110.7692307692,196.5787178402,1179,0,192.3333333333,386.0744746807,765.0020373517,5.3074881179,197385.095238095,289624.876178464,953135,3,4145087,345423.916666667,370510.949811806,1169398,3,4029324,503665.5,429594.225572724,1073429,62508,0,0,0,0,272,192,3.1362429787,2.1712451391,0,1179,137.8695652174,278.9101035276,77790.8458498024,0,0,1,1,0,0,0,1,0,144.1363636364,110.7692307692,192.3333333333,0,0,0,0,0,0,13,1440,9,1731,8192,62560,7,20,0.0,0.0,0,0,0.0,0.0,0,0,Benign,Thursday,False,Normal
80,6,22/02/2018 10:09:50,86,2,0,0,0,0,0,0.0,0.0,0,0,0.0,0.0,0.0,23255.8139534884,86.0,0.0,86,86,86,86.0,0.0,86,86,0,0.0,0.0,0,0,0,0,0,0,40,0,23255.8139534884,0.0,0,0,0.0,0.0,0.0,0,0,0,0,1,0,0,0,0,0.0,0.0,0.0,0,0,0,0,0,0,2,0,0,0,278,-1,0,20,0.0,0.0,0,0,0.0,0.0,0,0,Benign,Thursday,False,Normal
80,6,22/02/2018 10:39:49,189,2,0,0,0,0,0,0.0,0.0,0,0,0.0,0.0,0.0,10582.0105820106,189.0,0.0,189,189,189,189.0,0.0,189,189,0,0.0,0.0,0,0,0,0,0,0,40,0,10582.0105820106,0.0,0,0,0.0,0.0,0.0,0,0,0,0,1,0,0,0,0,0.0,0.0,0.0,0,0,0,0,0,0,2,0,0,0,253,-1,0,20,0.0,0.0,0,0,0.0,0.0,0,0,Benign,Thursday,False,Normal
443,6,22/02/2018 11:03:08,217,3,0,77,0,46,0,25.6666666667,23.4591844132,0,0,0.0,0.0,354838.709677419,13824.8847926267,108.5,122.3294731453,195,22,217,108.5,122.3294731453,195,22,0,0.0,0.0,0,0,1,0,0,0,60,0,13824.8847926267,0.0,0,46,30.75,21.6852484422,470.25,0,1,0,0,1,0,0,0,0,41.0,25.6666666667,0.0,0,0,0,0,0,0,3,77,0,0,258,-1,1,20,0.0,0.0,0,0,0.0,0.0,0,0,Benign,Thursday,False,Normal
80,6,22/02/2018 11:06:46,115242488,16,15,442,1770,431,0,27.625,107.5675756598,1460,0,118.0,379.740512907,19.1943096543,0.2689980105,3841416.26666667,4848547.04170985,10015846,1,115242488,7682832.53333333,4193697.2039509,10046666,3507,110541433,7895816.64285714,4272817.09251213,10059250,1,0,0,0,0,332,444,0.1388376829,0.1301603277,0,1460,69.125,270.039871608,72921.5322580645,0,0,0,1,0,0,0,0,0,71.3548387097,27.625,118.0,0,0,0,0,0,0,16,442,15,1770,8192,946,12,20,37115.8181818182,10237.8366837744,65840,30784,10011869.8181818,4140.2599874448,10015846,10003094,Benign,Thursday,False,Normal
3389,6,22/02/2018 11:13:25,4076348,14,8,1441,1731,725,0,102.9285714286,191.1489408352,1179,0,216.375,405.4647906151,778.1474986925,5.3969876958,194111.80952381,238321.230636009,937523,77,4076348,313565.230769231,317411.029036525,1215166,25077,3960068,565724.0,280372.640467408,937523,172691,0,0,0,0,292,172,3.4344467155,1.9625409803,0,1179,137.9130434783,278.894719961,77782.2648221344,0,0,1,1,0,0,0,1,0,144.1818181818,102.9285714286,216.375,0,0,0,0,0,0,14,1441,8,1731,8192,62644,7,20,0.0,0.0,0,0,0.0,0.0,0,0,Benign,Thursday,False,Normal
80,6,22/02/2018 11:37:28,53622742,2,0,0,0,0,0,0.0,0.0,0,0,0.0,0.0,0.0,0.0372976078,53622742.0,0.0,53622742,53622742,53622742,53622742.0,0.0,53622742,53622742,0,0.0,0.0,0,0,0,0,0,0,40,0,0.0372976078,0.0,0,0,0.0,0.0,0.0,0,0,0,0,1,0,0,0,0,0.0,0.0,0.0,0,0,0,0,0,0,2,0,0,0,279,-1,0,20,0.0,0.0,0,0,0.0,0.0,0,0,Benign,Thursday,False,Normal
0,0,22/02/2018 01:49:22,112640014,3,0,0,0,0,0,0.0,0.0,0,0,0.0,0.0,0.0,0.0266335194,56320007.0,0.0,56320007,56320007,112640014,56320007.0,0.0,56320007,56320007,0,0.0,0.0,0,0,0,0,0,0,0,0,0.0266335194,0.0,0,0,0.0,0.0,0.0,0,0,0,0,0,0,0,0,0,0.0,0.0,0.0,0,0,0,0,0,0,3,0,0,0,-1,-1,0,0,0.0,0.0,0,0,56320007.0,0.0,56320007,56320007,Benign,Thursday,False,Normal
443,6,22/02/2018 03:21:58,215313,10,8,541,4198,194,0,54.1,82.5327544406,1460,0,524.75,652.7663659928,22009.818264573,83.5992253138,12665.4705882353,25436.4337027561,93238,6,215313,23923.6666666667,31614.3189393667,93238,16,47196,6742.2857142857,12098.3432021949,32318,18,0,0,0,0,212,172,46.4440140632,37.1552112506,0,1460,249.4210526316,476.9226953186,227455.257309942,0,0,0,1,0,0,0,0,0,263.2777777778,54.1,524.75,0,0,0,0,0,0,10,541,8,4198,8192,288,4,20,0.0,0.0,0,0,0.0,0.0,0,0,Benign,Thursday,False,Normal
80,6,22/02/2018 05:02:20,111,2,0,0,0,0,0,0.0,0.0,0,0,0.0,0.0,0.0,18018.018018018,111.0,0.0,111,111,111,111.0,0.0,111,111,0,0.0,0.0,0,0,0,0,0,0,40,0,18018.018018018,0.0,0,0,0.0,0.0,0.0,0,0,0,0,1,0,0,0,0,0.0,0.0,0.0,0,0,0,0,0,0,2,0,0,0,279,-1,0,20,0.0,0.0,0,0,0.0,0.0,0,0,Benign,Thursday,False,Normal
24280,6,22/02/2018 11:45:59,85810226,2,0,0,0,0,0,0.0,0.0,0,0,0.0,0.0,0.0,0.0233072455,85810226.0,0.0,85810226,85810226,85810226,85810226.0,0.0,85810226,85810226,0,0.0,0.0,0,0,0,0,0,0,40,0,0.0233072455,0.0,0,0,0.0,0.0,0.0,0,0,0,0,1,0,0,0,0,0.0,0.0,0.0,0,0,0,0,0,0,2,0,0,0,62559,-1,0,20,0.0,0.0,0,0,85810226.0,0.0,85810226,85810226,Benign,Thursday,False,Normal
19692,6,22/02/2018 10:09:45,86164411,2,0,0,0,0,0,0.0,0.0,0,0,0.0,0.0,0.0,0.0232114393,86164411.0,0.0,86164411,86164411,86164411,86164411.0,0.0,86164411,86164411,0,0.0,0.0,0,0,0,0,0,0,40,0,0.0232114393,0.0,0,0,0.0,0.0,0.0,0,0,0,0,1,0,0,0,0,0.0,0.0,0.0,0,0,0,0,0,0,2,0,0,0,62559,-1,0,20,0.0,0.0,0,0,86164411.0,0.0,86164411,86164411,Benign,Thursday,False,Normal
57322,6,22/02/2018 11:23:11,85990637,2,0,0,0,0,0,0.0,0.0,0,0,0.0,0.0,0.0,0.0232583461,85990637.0,0.0,85990637,85990637,85990637,85990637.0,0.0,85990637,85990637,0,0.0,0.0,0,0,0,0,0,0,40,0,0.0232583461,0.0,0,0,0.0,0.0,0.0,0,0,0,0,1,0,0,0,0,0.0,0.0,0.0,0,0,0,0,0,0,2,0,0,0,62564,-1,0,20,0.0,0.0,0,0,85990637.0,0.0,85990637,85990637,Benign,Thursday,False,Normal
3389,6,22/02/2018 02:23:31,1310681,9,7,1148,1581,677,0,127.5555555556,218.6910555505,1173,0,225.8571428571,430.0986044197,2082.1237204171,12.2073944766,87378.7333333333,241556.229971251,953151,87,1310681,163835.125,381383.168831721,1105233,980,1219463,203243.833333333,369062.427236595,953151,1212,0,0,0,0,192,152,6.8666593931,5.3407350835,0,1173,160.5294117647,312.0440909645,97371.5147058823,0,0,1,1,0,0,0,1,0,170.5625,127.5555555556,225.8571428571,0,0,0,0,0,0,9,1148,7,1581,8192,62852,5,20,0.0,0.0,0,0,0.0,0.0,0,0,Benign,Thursday,False,Normal
22407,6,22/02/2018 10:55:26,86003455,2,0,0,0,0,0,0.0,0.0,0,0,0.0,0.0,0.0,0.0232548797,86003455.0,0.0,86003455,86003455,86003455,86003455.0,0.0,86003455,86003455,0,0.0,0.0,0,0,0,0,0,0,40,0,0.0232548797,0.0,0,0,0.0,0.0,0.0,0,0,0,0,1,0,0,0,0,0.0,0.0,0.0,0,0,0,0,0,0,2,0,0,0,64000,-1,0,20,0.0,0.0,0,0,86003455.0,0.0,86003455,86003455,Benign,Thursday,False,Normal
53,17,22/02/2018 12:14:12,58974,2,2,72,136,36,36,36.0,0.0,68,68,68.0,0.0,3526.9779903008,67.8264998135,19658.0,33297.8130963581,58107,421,58528,58528.0,0.0,58528,58528,58553,58553.0,0.0,58553,58553,0,0,0,0,16,16,33.9132499067,33.9132499067,36,68,48.8,17.5271218402,307.2,0,0,0,0,0,0,0,0,1,61.0,36.0,68.0,0,0,0,0,0,0,2,72,2,136,-1,-1,1,8,0.0,0.0,0,0,0.0,0.0,0,0,Benign,Thursday,False,Normal
20999,6,22/02/2018 10:10:58,86023838,2,0,0,0,0,0,0.0,0.0,0,0,0.0,0.0,0.0,0.0232493696,86023838.0,0.0,86023838,86023838,86023838,86023838.0,0.0,86023838,86023838,0,0.0,0.0,0,0,0,0,0,0,40,0,0.0232493696,0.0,0,0,0.0,0.0,0.0,0,0,0,0,1,0,0,0,0,0.0,0.0,0.0,0,0,0,0,0,0,2,0,0,0,62562,-1,0,20,0.0,0.0,0,0,86023838.0,0.0,86023838,86023838,Benign,Thursday,False,Normal
3389,6,22/02/2018 01:49:11,2616722,9,7,1132,1581,661,0,125.7777777778,213.6736868322,1173,0,225.8571428571,430.0986044197,1036.7933620767,6.1145203808,174448.133333333,298648.331768765,953137,3,2616722,327090.25,409627.812819585,1116802,3,2507200,417866.666666667,435210.598130453,1003435,111713,0,0,0,0,192,152,3.4394177142,2.6751026666,0,1173,159.5882352941,310.4088148764,96353.6323529412,0,0,1,1,0,0,0,1,0,169.5625,125.7777777778,225.8571428571,0,0,0,0,0,0,9,1132,7,1581,8192,62868,5,20,0.0,0.0,0,0,0.0,0.0,0,0,Benign,Thursday,False,Normal
53,17,22/02/2018 12:47:59,1011,1,1,42,105,42,42,42.0,0.0,105,105,105.0,0.0,145400.59347181,1978.2393669634,1011.0,0.0,1011,1011,0,0.0,0.0,0,0,0,0.0,0.0,0,0,0,0,0,0,8,8,989.1196834817,989.1196834817,42,105,63.0,36.3730669589,1323.0,0,0,0,0,0,0,0,0,1,94.5,42.0,105.0,0,0,0,0,0,0,1,42,1,105,-1,-1,0,8,0.0,0.0,0,0,0.0,0.0,0,0,Benign,Thursday,False,Normal
54036,6,22/02/2018 12:35:30,32,2,0,0,0,0,0,0.0,0.0,0,0,0.0,0.0,0.0,62500.0,32.0,0.0,32,32,32,32.0,0.0,32,32,0,0.0,0.0,0,0,0,0,0,0,40,0,62500.0,0.0,0,0,0.0,0.0,0.0,0,0,0,0,1,0,0,0,0,0.0,0.0,0.0,0,0,0,0,0,0,2,0,0,0,258,-1,0,20,0.0,0.0,0,0,0.0,0.0,0,0,Benign,Thursday,False,Normal
16859,6,22/02/2018 11:28:30,86328754,2,0,0,0,0,0,0.0,0.0,0,0,0.0,0.0,0.0,0.023167252,86328754.0,0.0,86328754,86328754,86328754,86328754.0,0.0,86328754,86328754,0,0.0,0.0,0,0,0,0,0,0,40,0,0.023167252,0.0,0,0,0.0,0.0,0.0,0,0,0,0,1,0,0,0,0,0.0,0.0,0.0,0,0,0,0,0,0,2,0,0,0,62562,-1,0,20,0.0,0.0,0,0,86328754.0,0.0,86328754,86328754,Benign,Thursday,False,Normal
80,6,22/02/2018 08:53:06,115952549,20,24,1682,10640,557,0,84.1,203.8190373837,1460,0,443.3333333333,634.1947079062,106.2676077953,0.3794655691,2696570.90697674,4411289.05622838,10004230,0,115952549,6102765.73684211,4857619.01094705,10015535,164,110545213,4806313.60869565,5099159.47522119,10015575,0,0,0,0,0,412,624,0.1724843496,0.2069812195,0,1460,273.8222222222,511.7806387723,261919.422222222,0,0,0,1,0,0,0,0,1,280.0454545455,84.1,443.3333333333,0,0,0,0,0,0,20,1682,24,10640,8192,292,14,20,45858.7272727273,114545.701606032,391227,11266,10003693.7272727,1309.8585489212,10004230,9999805,Benign,Thursday,False,Normal
80,6,22/02/2018 11:45:44,117166302,18,15,597,768,293,0,33.1666666667,94.5293294044,384,0,51.2,135.1164577054,11.6501073833,0.2816509477,3661446.9375,4755379.04980103,10010214,66,117166302,6892135.41176471,4520339.23466027,10031131,533,111994360,7999597.14285714,4052794.08261594,10031901,194,0,0,0,0,372,444,0.1536277897,0.1280231581,0,384,40.1470588235,111.7112436632,12479.4019607843,0,0,0,1,0,0,0,0,0,41.3636363636,33.1666666667,51.2,0,0,0,0,0,0,18,597,15,768,8192,980,13,20,176455.090909091,515327.921827152,1730227,20892,10004841.3636364,17193.1826679806,10010214,9953009,Benign,Thursday,False,Normal
53,17,22/02/2018 01:39:08,2309,1,1,34,64,34,34,34.0,0.0,64,64,64.0,0.0,42442.6158510178,866.1758336942,2309.0,0.0,2309,2309,0,0.0,0.0,0,0,0,0.0,0.0,0,0,0,0,0,0,8,8,433.0879168471,433.0879168471,34,64,44.0,17.3205080757,300.0,0,0,0,0,0,0,0,0,1,66.0,34.0,64.0,0,0,0,0,0,0,1,34,1,64,-1,-1,0,8,0.0,0.0,0,0,0.0,0.0,0,0,Benign,Thursday,False,Normal
443,6,22/02/2018 01:44:46,110546289,18,17,887,3683,557,0,49.2777777778,137.1293101872,1460,0,216.6470588235,486.0086086141,41.3401484694,0.3166094522,3251361.44117647,4752921.00896513,10089001,17,110524970,6501468.82352941,4928068.01375344,10099852,420,110535470,6908466.875,4803509.73526153,10099844,33,0,0,0,0,372,484,0.1628277183,0.1537817339,0,1460,126.9444444444,352.9641782265,124583.711111111,0,0,0,1,0,0,0,0,0,130.5714285714,49.2777777778,216.6470588235,0,0,0,0,0,0,18,887,17,3683,8192,62,14,20,25671.9090909091,48110.7750934332,170705,10782,10022052.6363636,57667.5889218076,10089001,9900888,Benign,Thursday,False,Normal
443,6,22/02/2018 01:49:58,116689258,98,207,1379,230273,541,0,14.0714285714,78.2437705435,1380,0,1112.4299516908,509.4002600351,1985.2041564957,2.613779582,383846.243421053,1894556.74951409,10001678,0,116689258,1202982.04123711,3223859.25762669,10028869,18,110992641,538799.22815534,2259300.34124541,10029153,0,0,0,0,0,2056,4148,0.8398373739,1.7739422081,0,1380,757.0326797386,664.9598821208,442171.644830173,0,0,0,1,0,0,0,0,2,759.5147540984,14.0714285714,1112.4299516908,0,0,0,0,0,0,98,1379,207,230273,8192,5477,16,20,84298.4166666667,197716.180413632,712131,27056,9639804.91666667,1250355.23963701,10001678,5669394,Benign,Thursday,False,Normal
80,6,22/02/2018 02:55:14,136,2,0,0,0,0,0,0.0,0.0,0,0,0.0,0.0,0.0,14705.8823529412,136.0,0.0,136,136,136,136.0,0.0,136,136,0,0.0,0.0,0,0,0,0,0,0,40,0,14705.8823529412,0.0,0,0,0.0,0.0,0.0,0,0,0,0,1,0,0,0,0,0.0,0.0,0.0,0,0,0,0,0,0,2,0,0,0,256,-1,0,20,0.0,0.0,0,0,0.0,0.0,0,0,Benign,Thursday,False,Normal
53,17,22/02/2018 10:41:08,1310,1,1,34,98,34,34,34.0,0.0,98,98,98.0,0.0,100763.358778626,1526.7175572519,1310.0,0.0,1310,1310,0,0.0,0.0,0,0,0,0.0,0.0,0,0,0,0,0,0,8,8,763.358778626,763.358778626,34,98,55.3333333333,36.9504172281,1365.3333333333,0,0,0,0,0,0,0,0,1,83.0,34.0,98.0,0,0,0,0,0,0,1,34,1,98,-1,-1,0,8,0.0,0.0,0,0,0.0,0.0,0,0,Benign,Thursday,False,Normal
443,6,22/02/2018 05:05:18,118943126,25,31,1705,6015,324,0,68.2,92.5270230797,1430,0,194.0322580645,339.7971437854,64.904969792,0.4708132524,2162602.29090909,11026833.5261921,58858223,1,118943126,4955963.58333333,16484307.0729657,58993784,36,118787251,3959575.03333333,14835039.135917,58954881,1,0,0,0,0,512,632,0.2101844877,0.2606287647,0,1430,135.4385964912,264.1405211479,69770.2149122807,0,0,0,1,0,0,0,0,1,137.8571428571,68.2,194.0322580645,0,0,0,0,0,0,25,1705,31,6015,8192,193,14,20,988180.0,1177030.14897325,1820466,155894,58405372.5,640427.318827437,58858223,57952522,Benign,Thursday,False,Normal
53,17,22/02/2018 03:30:46,1244,1,1,42,102,42,42,42.0,0.0,102,102,102.0,0.0,115755.627009646,1607.7170418007,1244.0,0.0,1244,1244,0,0.0,0.0,0,0,0,0.0,0.0,0,0,0,0,0,0,8,8,803.8585209003,803.8585209003,42,102,62.0,34.6410161514,1200.0,0,0,0,0,0,0,0,0,1,93.0,42.0,102.0,0,0,0,0,0,0,1,42,1,102,-1,-1,0,8,0.0,0.0,0,0,0.0,0.0,0,0,Benign,Thursday,False,Normal
28939,6,22/02/2018 08:27:04,145,2,0,0,0,0,0,0.0,0.0,0,0,0.0,0.0,0.0,13793.1034482759,145.0,0.0,145,145,145,145.0,0.0,145,145,0,0.0,0.0,0,0,0,0,0,0,40,0,13793.1034482759,0.0,0,0,0.0,0.0,0.0,0,0,0,0,1,0,0,0,0,0.0,0.0,0.0,0,0,0,0,0,0,2,0,0,0,255,-1,0,20,0.0,0.0,0,0,0.0,0.0,0,0,Benign,Thursday,False,Normal
23,6,22/02/2018 12:14:25,8995677,3,0,0,0,0,0,0.0,0.0,0,0,0.0,0.0,0.0,0.3334935214,4497838.5,2116487.26871023,5994421,3001256,8995677,4497838.5,2116487.26871023,5994421,3001256,0,0.0,0.0,0,0,0,0,0,0,120,0,0.3334935214,0.0,0,0,0.0,0.0,0.0,0,0,0,1,0,0,0,0,0,0.0,0.0,0.0,0,0,0,0,0,0,3,0,0,0,5808,-1,0,40,3001256.0,0.0,3001256,3001256,5994421.0,0.0,5994421,5994421,Benign,Thursday,False,Normal
50708,6,22/02/2018 10:53:46,142,3,1,31,0,31,0,10.3333333333,17.8978583449,0,0,0.0,0.0,218309.85915493,28169.014084507,47.3333333333,69.3998078768,127,0,127,63.5,89.8025612107,127,0,0,0.0,0.0,0,0,0,0,0,0,60,20,21126.7605633803,7042.2535211268,0,31,6.2,13.8636214605,192.2,0,0,0,0,1,0,0,0,0,7.75,10.3333333333,0.0,0,0,0,0,0,0,3,31,1,0,985,0,1,20,0.0,0.0,0,0,0.0,0.0,0,0,Benign,Thursday,False,Normal
50699,6,22/02/2018 10:53:46,21,1,1,0,0,0,0,0.0,0.0,0,0,0.0,0.0,0.0,95238.0952380952,21.0,0.0,21,21,0,0.0,0.0,0,0,0,0.0,0.0,0,0,0,0,0,0,20,20,47619.0476190476,47619.0476190476,0,0,0.0,0.0,0.0,0,0,0,0,1,1,0,0,1,0.0,0.0,0.0,0,0,0,0,0,0,1,0,1,0,123,256,0,20,0.0,0.0,0,0,0.0,0.0,0,0,Benign,Thursday,False,Normal
443,6,22/02/2018 08:22:30,116482080,21,18,888,4491,523,0,42.2857142857,120.7551832665,1460,0,249.5,498.6738000171,46.1787770273,0.3348154497,3065317.89473684,4569986.09918284,10088291,11,116482080,5824104.0,4887086.5609928,10099719,29,111293843,6546696.64705882,4871527.09747744,10101811,22,0,0,0,0,432,504,0.1802852422,0.1545302076,0,1460,134.475,356.4005948008,127021.383974359,0,0,0,1,0,0,0,0,0,137.9230769231,42.2857142857,249.5,0,0,0,0,0,0,21,888,18,4491,8192,290,15,20,99103.0833333334,303922.049611846,1064185,11257,9607734.5,1395764.90930721,10088291,5176947,Benign,Thursday,False,Normal
80,6,22/02/2018 08:59:24,54299359,2,0,0,0,0,0,0.0,0.0,0,0,0.0,0.0,0.0,0.0368328473,54299359.0,0.0,54299359,54299359,54299359,54299359.0,0.0,54299359,54299359,0,0.0,0.0,0,0,0,0,0,0,40,0,0.0368328473,0.0,0,0,0.0,0.0,0.0,0,0,0,0,1,0,0,0,0,0.0,0.0,0.0,0,0,0,0,0,0,2,0,0,0,279,-1,0,20,0.0,0.0,0,0,0.0,0.0,0,0,Benign,Thursday,False,Normal
80,6,22/02/2018 09:02:03,62,2,0,0,0,0,0,0.0,0.0,0,0,0.0,0.0,0.0,32258.064516129,62.0,0.0,62,62,62,62.0,0.0,62,62,0,0.0,0.0,0,0,0,0,0,0,40,0,32258.064516129,0.0,0,0,0.0,0.0,0.0,0,0,0,0,1,0,0,0,0,0.0,0.0,0.0,0,0,0,0,0,0,2,0,0,0,278,-1,0,20,0.0,0.0,0,0,0.0,0.0,0,0,Benign,Thursday,False,Normal
80,6,22/02/2018 11:26:44,960,3,4,161,488,161,0,53.6666666667,92.9533933395,488,0,122.0,244.0,676041.666666667,7291.6666666667,160.0,145.4785207513,349,27,498,249.0,189.504617358,383,115,622,207.3333333333,262.911265132,509,27,0,0,0,0,72,92,3125.0,4166.6666666667,0,488,81.125,173.7875858627,30202.125,0,0,0,1,0,0,0,0,1,92.7142857143,53.6666666667,122.0,0,0,0,0,0,0,3,161,4,488,8192,149,1,20,0.0,0.0,0,0,0.0,0.0,0,0,Benign,Thursday,False,Normal
3389,6,22/02/2018 12:03:44,2119701,10,7,673,301,187,0,67.3,68.0392860371,197,0,43.0,74.6681547471,459.4987689301,8.019999047,132481.3125,213361.720195765,694906,3,2119701,235522.333333333,275647.454034134,752456,3,1424716,237452.666666667,256110.237270334,656254,231,0,0,0,0,212,152,4.7176464983,3.3023525488,0,197,54.1111111111,68.8766065374,4743.9869281046,0,0,1,1,0,0,0,1,0,57.2941176471,67.3,43.0,0,0,0,0,0,0,10,673,7,301,8192,63327,6,20,0.0,0.0,0,0,0.0,0.0,0,0,Benign,Thursday,False,Normal
51373,6,22/02/2018 12:46:10,303968,2,0,31,0,31,0,15.5,21.9203102168,0,0,0.0,0.0,101.9844194126,6.5796399621,303968.0,0.0,303968,303968,303968,303968.0,0.0,303968,303968,0,0.0,0.0,0,0,0,0,0,0,40,0,6.5796399621,0.0,0,31,10.3333333333,17.8978583449,320.3333333333,0,0,0,0,1,1,0,0,0,15.5,15.5,0.0,0,0,0,0,0,0,2,31,0,0,176,-1,1,20,0.0,0.0,0,0,0.0,0.0,0,0,Benign,Thursday,False,Normal
445,6,22/02/2018 03:07:56,701749,7,5,364,582,103,0,52.0,49.2172056636,409,0,116.4,167.0353256051,1348.0603463632,17.1001312435,63795.3636363636,72686.4614687945,140380,33,701749,116958.166666667,57228.2940630478,141818,157,561611,140402.75,1017.2483718345,141720,139253,0,0,0,0,152,112,9.9750765587,7.1250546848,0,409,72.7692307692,109.5332170669,11997.5256410256,0,0,0,1,0,0,0,0,0,78.8333333333,52.0,116.4,0,0,0,0,0,0,7,364,5,582,8192,255,4,20,0.0,0.0,0,0,0.0,0.0,0,0,Benign,Thursday,False,Normal
51191,6,22/02/2018 12:22:18,26,1,1,0,0,0,0,0.0,0.0,0,0,0.0,0.0,0.0,76923.0769230769,26.0,0.0,26,26,0,0.0,0.0,0,0,0,0.0,0.0,0,0,0,0,0,0,20,20,38461.5384615385,38461.5384615385,0,0,0.0,0.0,0.0,0,0,0,0,1,1,0,0,1,0.0,0.0,0.0,0,0,0,0,0,0,1,0,1,0,1095,255,0,20,0.0,0.0,0,0,0.0,0.0,0,0,Benign,Thursday,False,Normal
53,17,22/02/2018 03:54:47,52428,1,1,33,86,33,33,33.0,0.0,86,86,86.0,0.0,2269.7795071336,38.1475547417,52428.0,0.0,52428,52428,0,0.0,0.0,0,0,0,0.0,0.0,0,0,0,0,0,0,8,8,19.0737773709,19.0737773709,33,86,50.6666666667,30.5995642671,936.3333333333,0,0,0,0,0,0,0,0,1,76.0,33.0,86.0,0,0,0,0,0,0,1,33,1,86,-1,-1,0,8,0.0,0.0,0,0,0.0,0.0,0,0,Benign,Thursday,False,Normal
3389,6,22/02/2018 10:23:32,1642135,8,7,1132,1581,661,0,141.5,222.792023453,1173,0,225.8571428571,430.0986044197,1652.1175177437,9.1344499691,117295.357142857,245767.386754726,953164,5,1642135,234590.714285714,391576.559856739,1118170,5,1528310,254718.333333333,342739.697668459,953164,103504,0,0,0,0,172,152,4.8717066502,4.2627433189,0,1173,169.5625,317.7627980638,100973.195833333,0,0,1,1,0,0,0,1,0,180.8666666667,141.5,225.8571428571,0,0,0,0,0,0,8,1132,7,1581,8192,62868,5,20,0.0,0.0,0,0,0.0,0.0,0,0,Benign,Thursday,False,Normal
53,17,22/02/2018 04:44:11,244,1,1,40,56,40,40,40.0,0.0,56,56,56.0,0.0,393442.62295082,8196.7213114754,244.0,0.0,244,244,0,0.0,0.0,0,0,0,0.0,0.0,0,0,0,0,0,0,8,8,4098.3606557377,4098.3606557377,40,56,45.3333333333,9.237604307,85.3333333333,0,0,0,0,0,0,0,0,1,68.0,40.0,56.0,0,0,0,0,0,0,1,40,1,56,-1,-1,0,8,0.0,0.0,0,0,0.0,0.0,0,0,Benign,Thursday,False,Normal
53,17,22/02/2018 12:32:10,12491,1,1,44,100,44,44,44.0,0.0,100,100,100.0,0.0,11528.3003762709,160.1152830038,12491.0,0.0,12491,12491,0,0.0,0.0,0,0,0,0.0,0.0,0,0,0,0,0,0,8,8,80.0576415019,80.0576415019,44,100,62.6666666667,32.3316150746,1045.3333333333,0,0,0,0,0,0,0,0,1,94.0,44.0,100.0,0,0,0,0,0,0,1,44,1,100,-1,-1,0,8,0.0,0.0,0,0,0.0,0.0,0,0,Benign,Thursday,False,Normal
80,6,22/02/2018 09:19:30,786,3,4,148,243,148,0,49.3333333333,85.4478398401,243,0,60.75,121.5,497455.470737913,8905.8524173028,131.0,83.692293552,223,1,443,221.5,89.8025612107,285,158,563,187.6666666667,184.0579618852,369,1,0,0,0,0,72,92,3816.7938931298,5089.058524173,0,243,48.875,93.9930658537,8834.6964285714,0,0,0,1,0,0,0,0,1,55.8571428571,49.3333333333,60.75,0,0,0,0,0,0,3,148,4,243,8192,149,1,20,0.0,0.0,0,0,0.0,0.0,0,0,Benign,Thursday,False,Normal
80,6,22/02/2018 11:42:00,83,2,0,0,0,0,0,0.0,0.0,0,0,0.0,0.0,0.0,24096.3855421687,83.0,0.0,83,83,83,83.0,0.0,83,83,0,0.0,0.0,0,0,0,0,0,0,40,0,24096.3855421687,0.0,0,0,0.0,0.0,0.0,0,0,0,0,1,0,0,0,0,0.0,0.0,0.0,0,0,0,0,0,0,2,0,0,0,278,-1,0,20,0.0,0.0,0,0,0.0,0.0,0,0,Benign,Thursday,False,Normal
80,6,22/02/2018 12:32:10,115449631,19,20,710,10526,699,0,37.3684210526,160.2221411133,1460,0,526.3,706.1758465962,97.3238277392,0.3378096548,3038148.18421053,4568805.7550914,10011468,7,115449631,6413868.38888889,4809693.90096199,10062297,210,110852624,5834348.63157895,5092931.03749331,10062668,58,0,0,0,0,392,544,0.1645739344,0.1732357204,0,1460,280.9,562.6689056949,316596.297435898,0,0,0,1,0,0,0,0,1,288.1025641026,37.3684210526,526.3,0,0,0,0,0,0,19,710,20,10526,8192,256,12,20,66696.0909090909,52423.6901590389,224759,50792,10010824.7272727,1831.2571687731,10011468,10005315,Benign,Thursday,False,Normal
80,6,22/02/2018 12:45:43,5579582,3,1,0,0,0,0,0.0,0.0,0,0,0.0,0.0,0.0,0.7168995814,1859860.66666667,3139000.00557699,5484047,59,5579582,2789791.0,3810253.37570509,5484047,95535,0,0.0,0.0,0,0,0,0,0,0,72,32,0.537674686,0.1792248953,0,0,0.0,0.0,0.0,0,0,0,1,0,0,0,0,0,0.0,0.0,0.0,0,0,0,0,0,0,3,0,1,0,8192,42780,0,20,0.0,0.0,0,0,0.0,0.0,0,0,Benign,Thursday,False,Normal
80,6,22/02/2018 01:29:30,732,3,4,161,488,161,0,53.6666666667,92.9533933395,488,0,122.0,244.0,886612.021857924,9562.8415300547,122.0,87.1022387772,247,0,425,212.5,119.5010460205,297,128,485,161.6666666667,171.7624328348,342,0,0,0,0,0,72,92,4098.3606557377,5464.4808743169,0,488,81.125,173.7875858627,30202.125,0,0,0,1,0,0,0,0,1,92.7142857143,53.6666666667,122.0,0,0,0,0,0,0,3,161,4,488,8192,149,1,20,0.0,0.0,0,0,0.0,0.0,0,0,Benign,Thursday,False,Normal
443,6,22/02/2018 04:08:48,204,3,0,77,0,46,0,25.6666666667,23.4591844132,0,0,0.0,0.0,377450.980392157,14705.8823529412,102.0,114.5512985522,183,21,204,102.0,114.5512985522,183,21,0,0.0,0.0,0,0,1,0,0,0,60,0,14705.8823529412,0.0,0,46,30.75,21.6852484422,470.25,0,1,0,0,1,0,0,0,0,41.0,25.6666666667,0.0,0,0,0,0,0,0,3,77,0,0,253,-1,1,20,0.0,0.0,0,0,0.0,0.0,0,0,Benign,Thursday,False,Normal
3389,6,22/02/2018 04:24:36,3851841,14,8,1439,1731,725,0,102.7857142857,191.1971107649,1179,0,216.375,405.4647906151,822.9830878274,5.7115545527,183421.0,253031.595887747,953125,67,3851841,296295.461538461,355954.959103821,1285662,567,3749440,535634.285714286,379611.856145947,1103068,107637,0,0,0,0,292,172,3.6346256245,2.0769289283,0,1179,137.8260869565,278.9256421235,77799.5138339921,0,0,1,1,0,0,0,1,0,144.0909090909,102.7857142857,216.375,0,0,0,0,0,0,14,1439,8,1731,8192,62646,7,20,0.0,0.0,0,0,0.0,0.0,0,0,Benign,Thursday,False,Normal
3389,6,22/02/2018 04:46:29,3894382,14,8,1440,1731,725,0,102.8571428571,191.1728405006,1179,0,216.375,405.4647906151,814.24986044,5.6491633332,185446.761904762,232470.337990012,884034,2,3894382,299567.846153846,344512.887938619,1276975,2,3760109,537158.428571429,316367.826027372,884034,109026,0,0,0,0,292,172,3.5949221211,2.0542412121,0,1179,137.8695652174,278.9101035276,77790.8458498024,0,0,1,1,0,0,0,1,0,144.1363636364,102.8571428571,216.375,0,0,0,0,0,0,14,1440,8,1731,8192,62560,7,20,0.0,0.0,0,0,0.0,0.0,0,0,Benign,Thursday,False,Normal
53,17,22/02/2018 01:26:10,240230,2,2,74,172,37,37,37.0,0.0,86,86,86.0,0.0,1024.0186487949,16.6507097365,80076.6666666667,111341.704075038,207223,1,33006,33006.0,0.0,33006,33006,1,1.0,0.0,1,1,0,0,0,0,16,16,8.3253548683,8.3253548683,37,86,56.6,26.8384053178,720.3,0,0,0,0,0,0,0,0,1,70.75,37.0,86.0,0,0,0,0,0,0,2,74,2,172,-1,-1,1,8,0.0,0.0,0,0,0.0,0.0,0,0,Benign,Thursday,False,Normal
53,17,22/02/2018 04:53:12,30156,1,1,40,210,40,40,40.0,0.0,210,210,210.0,0.0,8290.2241676615,66.3217933413,30156.0,0.0,30156,30156,0,0.0,0.0,0,0,0,0.0,0.0,0,0,0,0,0,0,8,8,33.1608966706,33.1608966706,40,210,96.6666666667,98.1495457622,9633.3333333333,0,0,0,0,0,0,0,0,1,145.0,40.0,210.0,0,0,0,0,0,0,1,40,1,210,-1,-1,0,8,0.0,0.0,0,0,0.0,0.0,0,0,Benign,Thursday,False,Normal
51378,6,22/02/2018 01:28:06,835,3,1,31,0,31,0,10.3333333333,17.8978583449,0,0,0.0,0.0,37125.748502994,4790.4191616767,278.3333333333,469.1570454905,820,0,820,410.0,579.827560573,820,0,0,0.0,0.0,0,0,0,0,0,0,60,20,3592.8143712575,1197.6047904192,0,31,6.2,13.8636214605,192.2,0,0,0,0,1,0,0,0,0,7.75,10.3333333333,0.0,0,0,0,0,0,0,3,31,1,0,1013,0,1,20,0.0,0.0,0,0,0.0,0.0,0,0,Benign,Thursday,False,Normal
53,17,22/02/2018 12:18:47,1106,1,1,35,89,35,35,35.0,0.0,89,89,89.0,0.0,112115.732368897,1808.3182640145,1106.0,0.0,1106,1106,0,0.0,0.0,0,0,0,0.0,0.0,0,0,0,0,0,0,8,8,904.1591320072,904.1591320072,35,89,53.0,31.1769145362,972.0,0,0,0,0,0,0,0,0,1,79.5,35.0,89.0,0,0,0,0,0,0,1,35,1,89,-1,-1,0,8,0.0,0.0,0,0,0.0,0.0,0,0,Benign,Thursday,False,Normal
3389,6,22/02/2018 09:38:38,2077189,10,7,670,301,187,0,67.0,68.1599426187,197,0,43.0,74.6681547471,467.4586664959,8.1841373125,129824.3125,189330.195502186,601575,24,2077189,230798.777777778,231690.678113502,601575,164,1638777,273129.5,315660.93560512,821064,156,0,0,0,0,212,152,4.8141984191,3.3699388934,0,197,53.9444444444,68.9061358339,4748.0555555556,0,0,1,1,0,0,0,1,0,57.1176470588,67.0,43.0,0,0,0,0,0,0,10,670,7,301,8192,63330,6,20,0.0,0.0,0,0,0.0,0.0,0,0,Benign,Thursday,False,Normal
53,17,22/02/2018 10:10:20,71480,1,1,32,48,32,32,32.0,0.0,48,48,48.0,0.0,1119.1941801903,27.9798545048,71480.0,0.0,71480,71480,0,0.0,0.0,0,0,0,0.0,0.0,0,0,0,0,0,0,8,8,13.9899272524,13.9899272524,32,48,37.3333333333,9.237604307,85.3333333333,0,0,0,0,0,0,0,0,1,56.0,32.0,48.0,0,0,0,0,0,0,1,32,1,48,-1,-1,0,8,0.0,0.0,0,0,0.0,0.0,0,0,Benign,Thursday,False,Normal
49470,6,22/02/2018 08:26:02,13,1,1,0,0,0,0,0.0,0.0,0,0,0.0,0.0,0.0,153846.153846154,13.0,0.0,13,13,0,0.0,0.0,0,0,0,0.0,0.0,0,0,0,0,0,0,20,20,76923.0769230769,76923.0769230769,0,0,0.0,0.0,0.0,0,0,0,0,1,1,0,0,1,0.0,0.0,0.0,0,0,0,0,0,0,1,0,1,0,288,256,0,20,0.0,0.0,0,0,0.0,0.0,0,0,Benign,Thursday,False,Normal
3389,6,22/02/2018 08:45:35,3359310,10,7,1148,1581,677,0,114.8,210.0924664153,1173,0,225.8571428571,430.0986044197,812.3692067716,5.0605630323,209956.875,343195.230499468,1164436,14,3359310,373256.666666667,450823.677420009,1164436,14,3211897,535316.166666667,511161.841049747,1369564,144699,0,0,0,0,212,152,2.9768017837,2.0837612486,0,1173,151.6111111111,305.0826578234,93075.4281045752,0,0,1,1,0,0,0,1,0,160.5294117647,114.8,225.8571428571,0,0,0,0,0,0,10,1148,7,1581,8192,62852,5,20,0.0,0.0,0,0,0.0,0.0,0,0,Benign,Thursday,False,Normal
3389,6,22/02/2018 10:45:11,3923570,14,9,1441,1731,725,0,102.9285714286,191.1489408352,1179,0,192.3333333333,386.0744746807,808.4474088649,5.8620083241,178344.090909091,231158.51344476,953142,59,3923570,301813.076923077,317241.594314034,1223571,20990,3806609,475826.125,324980.807240514,953142,158913,0,0,0,0,292,192,3.5681789799,2.2938293442,0,1179,132.1666666667,274.213288402,75192.9275362319,0,0,1,1,0,0,0,1,0,137.9130434783,102.9285714286,192.3333333333,0,0,0,0,0,0,14,1441,9,1731,8192,62559,7,20,0.0,0.0,0,0,0.0,0.0,0,0,Benign,Thursday,False,Normal
3389,6,22/02/2018 11:39:42,4020038,14,8,1438,1731,725,0,102.7142857143,191.0446699965,1179,0,216.375,405.4647906151,788.3010061099,5.472585085,191430.380952381,261371.519564867,937541,3,4020038,309233.692307692,354888.992611395,1248548,3,3948778,564111.142857143,371257.697307153,1078567,107070,0,0,0,0,292,172,3.482554145,1.99003094,0,1179,137.7826086957,278.8696268415,77768.2687747036,0,0,1,1,0,0,0,1,0,144.0454545455,102.7142857143,216.375,0,0,0,0,0,0,14,1438,8,1731,8192,62647,7,20,0.0,0.0,0,0,0.0,0.0,0,0,Benign,Thursday,False,Normal
80,6,22/02/2018 11:45:51,876,3,4,161,488,161,0,53.6666666667,92.9533933395,488,0,122.0,244.0,740867.579908676,7990.8675799087,146.0,98.8372399453,260,0,456,228.0,142.8355697997,329,127,616,205.3333333333,200.674695299,401,0,0,0,0,0,72,92,3424.6575342466,4566.2100456621,0,488,81.125,173.7875858627,30202.125,0,0,0,1,0,0,0,0,1,92.7142857143,53.6666666667,122.0,0,0,0,0,0,0,3,161,4,488,8192,149,1,20,0.0,0.0,0,0,0.0,0.0,0,0,Benign,Thursday,False,Normal
52548,6,22/02/2018 11:29:41,86372557,2,0,0,0,0,0,0.0,0.0,0,0,0.0,0.0,0.0,0.023155503,86372557.0,0.0,86372557,86372557,86372557,86372557.0,0.0,86372557,86372557,0,0.0,0.0,0,0,0,0,0,0,40,0,0.023155503,0.0,0,0,0.0,0.0,0.0,0,0,0,0,1,0,0,0,0,0.0,0.0,0.0,0,0,0,0,0,0,2,0,0,0,62562,-1,0,20,0.0,0.0,0,0,86372557.0,0.0,86372557,86372557,Benign,Thursday,False,Normal
29968,6,22/02/2018 09:12:52,86352475,2,0,0,0,0,0,0.0,0.0,0,0,0.0,0.0,0.0,0.023160888,86352475.0,0.0,86352475,86352475,86352475,86352475.0,0.0,86352475,86352475,0,0.0,0.0,0,0,0,0,0,0,40,0,0.023160888,0.0,0,0,0.0,0.0,0.0,0,0,0,0,1,0,0,0,0,0.0,0.0,0.0,0,0,0,0,0,0,2,0,0,0,62558,-1,0,20,0.0,0.0,0,0,86352475.0,0.0,86352475,86352475,Benign,Thursday,False,Normal
13942,6,22/02/2018 10:51:06,86215001,2,0,0,0,0,0,0.0,0.0,0,0,0.0,0.0,0.0,0.0231978191,86215001.0,0.0,86215001,86215001,86215001,86215001.0,0.0,86215001,86215001,0,0.0,0.0,0,0,0,0,0,0,40,0,0.0231978191,0.0,0,0,0.0,0.0,0.0,0,0,0,0,1,0,0,0,0,0.0,0.0,0.0,0,0,0,0,0,0,2,0,0,0,62544,-1,0,20,0.0,0.0,0,0,86215001.0,0.0,86215001,86215001,Benign,Thursday,False,Normal
36149,6,22/02/2018 11:02:25,86169009,2,0,0,0,0,0,0.0,0.0,0,0,0.0,0.0,0.0,0.0232102008,86169009.0,0.0,86169009,86169009,86169009,86169009.0,0.0,86169009,86169009,0,0.0,0.0,0,0,0,0,0,0,40,0,0.0232102008,0.0,0,0,0.0,0.0,0.0,0,0,0,0,1,0,0,0,0,0.0,0.0,0.0,0,0,0,0,0,0,2,0,0,0,62565,-1,0,20,0.0,0.0,0,0,86169009.0,0.0,86169009,86169009,Benign,Thursday,False,Normal
80,6,22/02/2018 08:53:32,63556422,11,10,437,1770,431,0,39.7272727273,129.7714074125,1460,0,177.0,461.2073527409,34.7250510735,0.3304150759,3177821.1,4641707.0801861,10016075,2,63556422,6355642.2,4838011.36819708,10046662,5654,60250342,6694482.44444444,5011696.42741942,10046619,2,0,0,0,0,232,284,0.1730745636,0.1573405123,0,1460,100.3181818182,323.0851850465,104384.036796537,0,0,0,1,0,0,0,0,0,105.0952380952,39.7272727273,177.0,0,0,0,0,0,0,11,437,10,1770,8192,946,7,20,36742.6666666667,14965.4179716661,67290,30544,10004978.0,7313.2324727168,10016075,10000138,Benign,Thursday,False,Normal
20479,6,22/02/2018 09:41:41,86243362,2,0,0,0,0,0,0.0,0.0,0,0,0.0,0.0,0.0,0.0231901906,86243362.0,0.0,86243362,86243362,86243362,86243362.0,0.0,86243362,86243362,0,0.0,0.0,0,0,0,0,0,0,40,0,0.0231901906,0.0,0,0,0.0,0.0,0.0,0,0,0,0,1,0,0,0,0,0.0,0.0,0.0,0,0,0,0,0,0,2,0,0,0,62560,-1,0,20,0.0,0.0,0,0,86243362.0,0.0,86243362,86243362,Benign,Thursday,False,Normal
21663,6,22/02/2018 09:38:05,86153075,2,0,0,0,0,0,0.0,0.0,0,0,0.0,0.0,0.0,0.0232144935,86153075.0,0.0,86153075,86153075,86153075,86153075.0,0.0,86153075,86153075,0,0.0,0.0,0,0,0,0,0,0,40,0,0.0232144935,0.0,0,0,0.0,0.0,0.0,0,0,0,0,1,0,0,0,0,0.0,0.0,0.0,0,0,0,0,0,0,2,0,0,0,62558,-1,0,20,0.0,0.0,0,0,86153075.0,0.0,86153075,86153075,Benign,Thursday,False,Normal
19250,6,22/02/2018 09:23:30,86174211,2,0,0,0,0,0,0.0,0.0,0,0,0.0,0.0,0.0,0.0232087997,86174211.0,0.0,86174211,86174211,86174211,86174211.0,0.0,86174211,86174211,0,0.0,0.0,0,0,0,0,0,0,40,0,0.0232087997,0.0,0,0,0.0,0.0,0.0,0,0,0,0,1,0,0,0,0,0.0,0.0,0.0,0,0,0,0,0,0,2,0,0,0,62562,-1,0,20,0.0,0.0,0,0,86174211.0,0.0,86174211,86174211,Benign,Thursday,False,Normal
30754,6,22/02/2018 09:36:33,86086518,2,0,0,0,0,0,0.0,0.0,0,0,0.0,0.0,0.0,0.0232324416,86086518.0,0.0,86086518,86086518,86086518,86086518.0,0.0,86086518,86086518,0,0.0,0.0,0,0,0,0,0,0,40,0,0.0232324416,0.0,0,0,0.0,0.0,0.0,0,0,0,0,1,0,0,0,0,0.0,0.0,0.0,0,0,0,0,0,0,2,0,0,0,62562,-1,0,20,0.0,0.0,0,0,86086518.0,0.0,86086518,86086518,Benign,Thursday,False,Normal
53,17,22/02/2018 09:45:48,3034,1,1,49,164,49,49,49.0,0.0,164,164,164.0,0.0,70204.3506921556,659.195781147,3034.0,0.0,3034,3034,0,0.0,0.0,0,0,0,0.0,0.0,0,0,0,0,0,0,8,8,329.5978905735,329.5978905735,49,164,87.3333333333,66.3952809568,4408.3333333333,0,0,0,0,0,0,0,0,1,131.0,49.0,164.0,0,0,0,0,0,0,1,49,1,164,-1,-1,0,8,0.0,0.0,0,0,0.0,0.0,0,0,Benign,Thursday,False,Normal
53,17,22/02/2018 09:56:21,31335,2,2,74,154,37,37,37.0,0.0,77,77,77.0,0.0,7276.2087123025,127.6527844264,10445.0,10213.2222143651,20779,357,30978,30978.0,0.0,30978,30978,10556,10556.0,0.0,10556,10556,0,0,0,0,16,16,63.8263922132,63.8263922132,37,77,53.0,21.9089023002,480.0,0,0,0,0,0,0,0,0,1,66.25,37.0,77.0,0,0,0,0,0,0,2,74,2,154,-1,-1,1,8,0.0,0.0,0,0,0.0,0.0,0,0,Benign,Thursday,False,Normal
445,6,22/02/2018 05:20:03,1009084,6,5,455,338,140,0,75.8333333333,62.9362110924,145,0,67.6,69.7588704037,785.8612365274,10.9009755382,100908.4,130142.457269973,252221,3,1009005,201801.0,112808.535973569,252340,3,1009017,252254.25,79.6005653246,252326,252179,0,0,0,0,132,112,5.9459866572,4.954988881,0,145,66.0833333333,63.40269328,4019.9015151515,0,0,0,1,0,0,0,0,0,72.0909090909,75.8333333333,67.6,0,0,0,0,0,0,6,455,5,338,8192,0,4,20,0.0,0.0,0,0,0.0,0.0,0,0,Benign,Thursday,False,Normal
3389,6,22/02/2018 10:21:43,1748428,8,7,1148,1581,677,0,143.5,228.129662379,1173,0,225.8571428571,430.0986044197,1560.8306432979,8.5791350859,124887.714285714,241169.712726386,937542,3,1748428,249775.428571429,392282.200530374,1133286,3,1618820,269803.333333333,328137.353373655,937542,121929,0,0,0,0,172,152,4.5755387125,4.0035963734,0,1173,170.5625,319.433241591,102037.595833333,0,0,1,1,0,0,0,1,0,181.9333333333,143.5,225.8571428571,0,0,0,0,0,0,8,1148,7,1581,8192,62852,5,20,0.0,0.0,0,0,0.0,0.0,0,0,Benign,Thursday,False,Normal
53,17,22/02/2018 09:30:18,394,1,1,38,54,38,38,38.0,0.0,54,54,54.0,0.0,233502.538071066,5076.1421319797,394.0,0.0,394,394,0,0.0,0.0,0,0,0,0.0,0.0,0,0,0,0,0,0,8,8,2538.0710659899,2538.0710659899,38,54,43.3333333333,9.237604307,85.3333333333,0,0,0,0,0,0,0,0,1,65.0,38.0,54.0,0,0,0,0,0,0,1,38,1,54,-1,-1,0,8,0.0,0.0,0,0,0.0,0.0,0,0,Benign,Thursday,False,Normal
53,17,22/02/2018 09:30:20,36548,2,2,74,198,37,37,37.0,0.0,99,99,99.0,0.0,7442.2677027471,109.4451132757,12182.6666666667,11570.5143072092,23072,34,23072,23072.0,0.0,23072,23072,34,34.0,0.0,34,34,0,0,0,0,16,16,54.7225566378,54.7225566378,37,99,61.8,33.9587985653,1153.2,0,0,0,0,0,0,0,0,1,77.25,37.0,99.0,0,0,0,0,0,0,2,74,2,198,-1,-1,1,8,0.0,0.0,0,0,0.0,0.0,0,0,Benign,Thursday,False,Normal
443,6,22/02/2018 09:43:58,30107228,10,12,1365,579,517,0,136.5,181.2004721603,209,0,48.25,67.8690249337,64.5692124164,0.7307215397,1433677.52380952,6534500.93586909,29952520,1,105826,11758.4444444444,15099.5548205163,39414,32,30096053,2736004.81818182,9026716.1881978,29952520,1,0,0,0,0,212,252,0.3321461544,0.3985753853,0,517,84.5217391304,134.1843608166,18005.442687747,0,0,0,1,0,0,0,0,1,88.3636363636,136.5,48.25,0,0,0,0,0,0,10,1365,12,579,8192,184,6,20,0.0,0.0,0,0,0.0,0.0,0,0,Benign,Thursday,False,Normal
50242,6,22/02/2018 10:00:12,42,2,0,0,0,0,0,0.0,0.0,0,0,0.0,0.0,0.0,47619.0476190476,42.0,0.0,42,42,42,42.0,0.0,42,42,0,0.0,0.0,0,0,0,0,0,0,40,0,47619.0476190476,0.0,0,0,0.0,0.0,0.0,0,0,0,0,1,0,0,0,0,0.0,0.0,0.0,0,0,0,0,0,0,2,0,0,0,34,-1,0,20,0.0,0.0,0,0,0.0,0.0,0,0,Benign,Thursday,False,Normal
80,6,22/02/2018 10:12:42,533,3,4,161,488,161,0,53.6666666667,92.9533933395,488,0,122.0,244.0,1217636.02251407,13133.2082551595,88.8333333333,75.3536108403,202,0,274,137.0,56.5685424949,177,97,387,129.0,176.3887751531,330,0,0,0,0,0,72,92,5628.5178236398,7504.6904315197,0,488,81.125,173.7875858627,30202.125,0,0,0,1,0,0,0,0,1,92.7142857143,53.6666666667,122.0,0,0,0,0,0,0,3,161,4,488,8192,149,1,20,0.0,0.0,0,0,0.0,0.0,0,0,Benign,Thursday,False,Normal
3389,6,22/02/2018 10:24:03,3884341,15,8,1440,1731,725,0,96.0,186.1232310671,1179,0,216.375,405.4647906151,816.3546918255,5.921210316,176560.954545455,224804.37199453,953157,85,3884341,277452.928571429,296948.088899122,1186215,17141,3777808,539686.857142857,263169.79856766,953157,229935,0,0,0,0,312,172,3.8616589017,2.0595514143,0,1179,132.125,274.2273434025,75200.6358695652,0,0,1,1,0,0,0,1,0,137.8695652174,96.0,216.375,0,0,0,0,0,0,15,1440,8,1731,8192,62645,7,20,0.0,0.0,0,0,0.0,0.0,0,0,Benign,Thursday,False,Normal
3389,6,22/02/2018 11:00:57,3812894,13,8,1460,1731,741,0,112.3076923077,200.6391390097,1179,0,216.375,405.4647906151,836.8971180421,5.5076275396,190644.7,253904.622809038,953206,63,3812894,317741.166666667,357763.888883013,1284043,36445,3754049,536292.714285714,359855.627993466,953206,132217,0,0,0,0,272,172,3.409483715,2.0981438246,0,1179,145.0454545455,285.3201171738,81407.5692640693,0,0,1,1,0,0,0,1,0,151.9523809524,112.3076923077,216.375,0,0,0,0,0,0,13,1460,8,1731,8192,62625,7,20,0.0,0.0,0,0,0.0,0.0,0,0,Benign,Thursday,False,Normal
3389,6,22/02/2018 11:12:11,4001181,14,8,1439,1731,725,0,102.7857142857,191.1971107649,1179,0,216.375,405.4647906151,792.2660834389,5.4983766043,190532.428571429,234643.327373606,953319,57,4001181,307783.153846154,337398.100331257,1314177,29011,3904116,557730.857142857,290358.001343989,953319,164088,0,0,0,0,292,172,3.49896693,1.9994096743,0,1179,137.8260869565,278.9256421235,77799.5138339921,0,0,1,1,0,0,0,1,0,144.0909090909,102.7857142857,216.375,0,0,0,0,0,0,14,1439,8,1731,8192,62646,7,20,0.0,0.0,0,0,0.0,0.0,0,0,Benign,Thursday,False,Normal
443,6,22/02/2018 11:31:51,10125641,7,8,867,3645,552,0,123.8571428571,203.6814740155,1460,0,455.625,604.2974521825,445.6014192089,1.4813876968,723260.071428572,2655593.11919725,9949705,0,175935,29322.5,21834.730314341,68360,6993,10109247,1444178.14285714,3772743.53171961,9999841,0,0,0,0,0,152,164,0.6913142585,0.7900734383,0,1460,282.0,469.1053897225,220059.866666667,0,0,0,1,0,0,0,0,1,300.8,123.8571428571,455.625,0,0,0,0,0,0,7,867,8,3645,8192,30912,3,20,175935.0,0.0,175935,175935,9949705.0,0.0,9949705,9949705,Benign,Thursday,False,Normal
3389,6,22/02/2018 11:53:31,3950515,13,8,1442,1731,725,0,110.9230769231,196.5220350404,1179,0,216.375,405.4647906151,803.1864199984,5.3157626284,197525.75,258757.470297427,953368,101,3950515,329209.583333333,373112.628904332,1333199,29032,3792123,541731.857142857,345625.025247222,953368,170608,0,0,0,0,272,172,3.2907101985,2.0250524299,0,1179,144.2272727273,283.7777352618,80529.803030303,0,0,1,1,0,0,0,1,0,151.0952380952,110.9230769231,216.375,0,0,0,0,0,0,13,1442,8,1731,8192,62643,7,20,0.0,0.0,0,0,0.0,0.0,0,0,Benign,Thursday,False,Normal
53,17,22/02/2018 03:59:42,437,1,1,44,60,44,44,44.0,0.0,60,60,60.0,0.0,237986.270022883,4576.6590389016,437.0,0.0,437,437,0,0.0,0.0,0,0,0,0.0,0.0,0,0,0,0,0,0,8,8,2288.3295194508,2288.3295194508,44,60,49.3333333333,9.237604307,85.3333333333,0,0,0,0,0,0,0,0,1,74.0,44.0,60.0,0,0,0,0,0,0,1,44,1,60,-1,-1,0,8,0.0,0.0,0,0,0.0,0.0,0,0,Benign,Thursday,False,Normal
36376,6,22/02/2018 05:20:36,86061876,2,0,0,0,0,0,0.0,0.0,0,0,0.0,0.0,0.0,0.0232390937,86061876.0,0.0,86061876,86061876,86061876,86061876.0,0.0,86061876,86061876,0,0.0,0.0,0,0,0,0,0,0,40,0,0.0232390937,0.0,0,0,0.0,0.0,0.0,0,0,0,0,1,0,0,0,0,0.0,0.0,0.0,0,0,0,0,0,0,2,0,0,0,62558,-1,0,20,0.0,0.0,0,0,86061876.0,0.0,86061876,86061876,Benign,Thursday,False,Normal
49246,6,22/02/2018 04:57:39,86149605,2,0,0,0,0,0,0.0,0.0,0,0,0.0,0.0,0.0,0.0232154286,86149605.0,0.0,86149605,86149605,86149605,86149605.0,0.0,86149605,86149605,0,0.0,0.0,0,0,0,0,0,0,40,0,0.0232154286,0.0,0,0,0.0,0.0,0.0,0,0,0,0,1,0,0,0,0,0.0,0.0,0.0,0,0,0,0,0,0,2,0,0,0,62561,-1,0,20,0.0,0.0,0,0,86149605.0,0.0,86149605,86149605,Benign,Thursday,False,Normal
49802,6,22/02/2018 09:23:51,16,1,1,0,0,0,0,0.0,0.0,0,0,0.0,0.0,0.0,125000.0,16.0,0.0,16,16,0,0.0,0.0,0,0,0,0.0,0.0,0,0,0,0,0,0,20,20,62500.0,62500.0,0,0,0.0,0.0,0.0,0,0,0,0,1,1,0,0,1,0.0,0.0,0.0,0,0,0,0,0,0,1,0,1,0,114,252,0,20,0.0,0.0,0,0,0.0,0.0,0,0,Benign,Thursday,False,Normal
26450,6,22/02/2018 08:23:31,86416258,2,0,0,0,0,0,0.0,0.0,0,0,0.0,0.0,0.0,0.0231437932,86416258.0,0.0,86416258,86416258,86416258,86416258.0,0.0,86416258,86416258,0,0.0,0.0,0,0,0,0,0,0,40,0,0.0231437932,0.0,0,0,0.0,0.0,0.0,0,0,0,0,1,0,0,0,0,0.0,0.0,0.0,0,0,0,0,0,0,2,0,0,0,62560,-1,0,20,0.0,0.0,0,0,86416258.0,0.0,86416258,86416258,Benign,Thursday,False,Normal
24517,6,22/02/2018 11:03:58,86266137,2,0,0,0,0,0,0.0,0.0,0,0,0.0,0.0,0.0,0.0231840682,86266137.0,0.0,86266137,86266137,86266137,86266137.0,0.0,86266137,86266137,0,0.0,0.0,0,0,0,0,0,0,40,0,0.0231840682,0.0,0,0,0.0,0.0,0.0,0,0,0,0,1,0,0,0,0,0.0,0.0,0.0,0,0,0,0,0,0,2,0,0,0,64000,-1,0,20,0.0,0.0,0,0,86266137.0,0.0,86266137,86266137,Benign,Thursday,False,Normal
3389,6,22/02/2018 09:07:51,2227549,8,7,1148,1581,677,0,143.5,228.129662379,1173,0,225.8571428571,430.0986044197,1225.1133420634,6.7338586042,159110.642857143,250144.691611016,953147,86,2227549,318221.285714286,400294.804980743,1203212,102,2038260,339710.0,304601.701479818,953147,158096,0,0,0,0,168,148,3.5913912556,3.1424673486,0,1173,170.5625,319.433241591,102037.595833333,0,0,0,1,0,0,0,0,0,181.9333333333,143.5,225.8571428571,0,0,0,0,0,0,8,1148,7,1581,8192,62852,5,20,0.0,0.0,0,0,0.0,0.0,0,0,Benign,Thursday,False,Normal
27874,6,22/02/2018 11:43:01,86474882,2,0,0,0,0,0,0.0,0.0,0,0,0.0,0.0,0.0,0.0231281033,86474882.0,0.0,86474882,86474882,86474882,86474882.0,0.0,86474882,86474882,0,0.0,0.0,0,0,0,0,0,0,40,0,0.0231281033,0.0,0,0,0.0,0.0,0.0,0,0,0,0,1,0,0,0,0,0.0,0.0,0.0,0,0,0,0,0,0,2,0,0,0,64000,-1,0,20,0.0,0.0,0,0,86474882.0,0.0,86474882,86474882,Benign,Thursday,False,Normal
53,17,22/02/2018 05:11:35,909,1,1,29,85,29,29,29.0,0.0,85,85,85.0,0.0,125412.541254125,2200.2200220022,909.0,0.0,909,909,0,0.0,0.0,0,0,0,0.0,0.0,0,0,0,0,0,0,8,8,1100.1100110011,1100.1100110011,29,85,47.6666666667,32.3316150746,1045.3333333333,0,0,0,0,0,0,0,0,1,71.5,29.0,85.0,0,0,0,0,0,0,1,29,1,85,-1,-1,0,8,0.0,0.0,0,0,0.0,0.0,0,0,Benign,Thursday,False,Normal
445,6,22/02/2018 09:25:53,210540,2,0,1,0,1,0,0.5,0.7071067812,0,0,0.0,0.0,4.7496912701,9.4993825401,210540.0,0.0,210540,210540,210540,210540.0,0.0,210540,210540,0,0.0,0.0,0,0,0,0,0,0,52,0,9.4993825401,0.0,0,1,0.6666666667,0.5773502692,0.3333333333,0,0,0,0,1,0,0,0,0,1.0,0.5,0.0,0,0,0,0,0,0,2,1,0,0,253,-1,0,20,0.0,0.0,0,0,0.0,0.0,0,0,Benign,Thursday,False,Normal
80,6,22/02/2018 10:25:29,81,2,0,0,0,0,0,0.0,0.0,0,0,0.0,0.0,0.0,24691.3580246914,81.0,0.0,81,81,81,81.0,0.0,81,81,0,0.0,0.0,0,0,0,0,0,0,40,0,24691.3580246914,0.0,0,0,0.0,0.0,0.0,0,0,0,0,1,0,0,0,0,0.0,0.0,0.0,0,0,0,0,0,0,2,0,0,0,278,-1,0,20,0.0,0.0,0,0,0.0,0.0,0,0,Benign,Thursday,False,Normal
443,6,22/02/2018 10:44:26,86728,6,7,964,5660,421,0,160.6666666667,189.5907873992,1460,0,808.5714285714,652.6417744171,76376.7180149433,149.893921225,7227.3333333333,9847.4735507811,22201,1,64873,12974.6,9827.5842555534,22420,1265,69076,11512.6666666667,12621.1378356576,23506,1,0,0,0,0,132,152,69.1818097961,80.7121114288,0,1460,473.1428571429,577.306058962,333282.285714286,0,0,0,1,0,0,0,0,1,509.5384615385,160.6666666667,808.5714285714,0,0,0,0,0,0,6,964,7,5660,8192,510,3,20,0.0,0.0,0,0,0.0,0.0,0,0,Benign,Thursday,False,Normal
443,6,22/02/2018 10:51:06,117995496,16,15,928,3797,288,0,58.0,87.3788685362,1430,0,253.1333333333,485.6656502261,40.0439013367,0.2627218924,3933183.2,14897840.6695143,58951286,2,117995496,7866366.4,20656525.2824443,58962785,25,117921951,8422996.5,21337330.3155255,58971259,2,0,0,0,0,332,312,0.1355983961,0.1271234963,0,1430,147.65625,347.0621966547,120452.168346774,0,0,0,1,0,0,0,0,0,152.4193548387,58.0,253.1333333333,0,0,0,0,0,0,16,928,15,3797,8192,180,8,20,218519.0,199317.845267302,359458,77580,58738380.5,301093.845603825,58951286,58525475,Benign,Thursday,False,Normal
80,6,22/02/2018 12:02:33,3374,3,4,161,488,161,0,53.6666666667,92.9533933395,488,0,122.0,244.0,192353.289863663,2074.6887966805,562.3333333333,1122.3382140276,2850,27,3039,1519.5,1881.6111447374,2850,189,3221,1073.6666666667,1711.7059716357,3049,27,0,0,0,0,72,92,889.1523414345,1185.536455246,0,488,81.125,173.7875858627,30202.125,0,0,0,1,0,0,0,0,1,92.7142857143,53.6666666667,122.0,0,0,0,0,0,0,3,161,4,488,8192,149,1,20,0.0,0.0,0,0,0.0,0.0,0,0,Benign,Thursday,False,Normal
445,6,22/02/2018 12:05:04,1322349,7,5,364,582,103,0,52.0,49.2172056636,409,0,116.4,167.0353256051,715.3935912531,9.0747601427,120213.545454545,136784.030932243,274510,37,1322349,220391.5,107068.849140635,279096,2545,1054365,263591.25,7975.7840314709,274663,256968,0,0,0,0,152,112,5.2936100833,3.7811500595,0,409,72.7692307692,109.5332170669,11997.5256410256,0,0,0,1,0,0,0,0,0,78.8333333333,52.0,116.4,0,0,0,0,0,0,7,364,5,582,8192,258,4,20,0.0,0.0,0,0,0.0,0.0,0,0,Benign,Thursday,False,Normal
80,6,22/02/2018 12:39:13,117359643,18,15,875,1412,432,0,48.6111111111,139.4789205617,706,0,94.1333333333,248.4172373438,19.4871076764,0.2811869494,3667488.84375,4750374.55615296,10004139,29,117359643,6903508.41176471,4487050.66106414,10015331,320,112169644,8012117.42857143,4004644.1197394,10015396,11581,0,0,0,0,372,444,0.1533746997,0.1278122497,0,706,67.2647058824,191.9830025342,36857.4732620321,0,0,0,1,0,0,0,0,0,69.303030303,48.6111111111,94.1333333333,0,0,0,0,0,0,18,875,15,1412,8192,176,13,20,198206.090909091,620191.2279669,2068153,11183,9999035.63636364,16650.3848320256,10004139,9948833,Benign,Thursday,False,Normal
52281,6,22/02/2018 12:52:32,27675,3,1,108,0,77,0,36.0,38.7427412556,0,0,0.0,0.0,3902.4390243903,144.5347786811,9225.0,15958.2542591601,27652,0,27675,13837.5,19569.1801693377,27675,0,0,0.0,0.0,0,0,1,0,0,0,60,20,108.4010840108,36.1336946703,0,77,37.0,38.6458277179,1493.5,0,1,0,0,1,0,0,0,0,46.25,36.0,0.0,0,0,0,0,0,0,3,108,1,0,980,0,1,20,0.0,0.0,0,0,0.0,0.0,0,0,Benign,Thursday,False,Normal
80,6,22/02/2018 03:12:17,90,2,0,0,0,0,0,0.0,0.0,0,0,0.0,0.0,0.0,22222.2222222222,90.0,0.0,90,90,90,90.0,0.0,90,90,0,0.0,0.0,0,0,0,0,0,0,40,0,22222.2222222222,0.0,0,0,0.0,0.0,0.0,0,0,0,0,1,0,0,0,0,0.0,0.0,0.0,0,0,0,0,0,0,2,0,0,0,279,-1,0,20,0.0,0.0,0,0,0.0,0.0,0,0,Benign,Thursday,False,Normal
443,6,22/02/2018 03:16:35,62856666,72,130,2341,132668,423,0,32.5138888889,92.3900173035,1430,0,1020.5230769231,597.6835933484,2147.8867491954,3.2136607436,312719.731343284,4131200.4403286,58574654,0,62856666,885305.154929578,6960491.82623242,58689381,19,62725785,486246.395348837,5163405.07241217,58657283,0,0,0,0,0,1452,2612,1.1454632354,2.0681975083,0,1430,665.0689655172,676.2035000191,457251.173438034,0,0,0,1,0,0,0,0,1,668.3613861386,32.5138888889,1020.5230769231,0,0,0,0,0,0,72,2341,130,132668,8192,197,14,20,4145700.0,0.0,4145700,4145700,58574654.0,0.0,58574654,58574654,Benign,Thursday,False,Normal
80,6,22/02/2018 03:41:37,54073837,2,0,0,0,0,0,0.0,0.0,0,0,0.0,0.0,0.0,0.0369864635,54073837.0,0.0,54073837,54073837,54073837,54073837.0,0.0,54073837,54073837,0,0.0,0.0,0,0,0,0,0,0,40,0,0.0369864635,0.0,0,0,0.0,0.0,0.0,0,0,0,0,1,0,0,0,0,0.0,0.0,0.0,0,0,0,0,0,0,2,0,0,0,279,-1,0,20,0.0,0.0,0,0,0.0,0.0,0,0,Benign,Thursday,False,Normal
443,6,22/02/2018 05:04:38,119936467,111,176,13016,119853,734,0,117.2612612613,221.3779044453,1430,0,680.9829545455,670.6968953425,1107.8281970737,2.3929335854,419358.276223776,4632744.6221479,57918723,0,119936467,1090331.51818182,7460847.06034875,58054236,22,119840950,684805.428571429,5924312.31478867,58013947,0,0,0,0,0,2232,3532,0.925489993,1.4674435924,0,1430,461.3506944444,607.6080468573,369187.538605788,0,0,0,1,0,0,0,0,1,462.9581881533,117.2612612613,680.9829545455,0,0,0,0,0,0,111,13016,176,119853,8192,301,48,20,3858493.5,3027226.66074288,5999066,1717921,55456949.5,3481473.47119068,57918723,52995176,Benign,Thursday,False,Normal
53,17,22/02/2018 01:42:02,587,1,1,25,107,25,25,25.0,0.0,107,107,107.0,0.0,224872.231686542,3407.1550255537,587.0,0.0,587,587,0,0.0,0.0,0,0,0,0.0,0.0,0,0,0,0,0,0,8,8,1703.5775127768,1703.5775127768,25,107,52.3333333333,47.3427220735,2241.3333333333,0,0,0,0,0,0,0,0,1,78.5,25.0,107.0,0,0,0,0,0,0,1,25,1,107,-1,-1,0,8,0.0,0.0,0,0,0.0,0.0,0,0,Benign,Thursday,False,Normal
53,17,22/02/2018 05:19:39,2591,1,1,32,128,32,32,32.0,0.0,128,128,128.0,0.0,61752.2192203782,771.9027402547,2591.0,0.0,2591,2591,0,0.0,0.0,0,0,0,0.0,0.0,0,0,0,0,0,0,8,8,385.9513701274,385.9513701274,32,128,64.0,55.4256258422,3072.0,0,0,0,0,0,0,0,0,1,96.0,32.0,128.0,0,0,0,0,0,0,1,32,1,128,-1,-1,0,8,0.0,0.0,0,0,0.0,0.0,0,0,Benign,Thursday,False,Normal
53,17,22/02/2018 11:11:50,26767,2,2,86,204,43,43,43.0,0.0,102,102,102.0,0.0,10834.2361863489,149.4377405014,8922.3333333333,10600.2582201253,20809,450,26317,26317.0,0.0,26317,26317,5958,5958.0,0.0,5958,5958,0,0,0,0,16,16,74.7188702507,74.7188702507,43,102,66.6,32.3156308928,1044.3,0,0,0,0,0,0,0,0,1,83.25,43.0,102.0,0,0,0,0,0,0,2,86,2,204,-1,-1,1,8,0.0,0.0,0,0,0.0,0.0,0,0,Benign,Thursday,False,Normal
53,17,22/02/2018 12:52:36,244,1,1,33,193,33,33,33.0,0.0,193,193,193.0,0.0,926229.508196721,8196.7213114754,244.0,0.0,244,244,0,0.0,0.0,0,0,0,0.0,0.0,0,0,0,0,0,0,8,8,4098.3606557377,4098.3606557377,33,193,86.3333333333,92.3760430703,8533.3333333333,0,0,0,0,0,0,0,0,1,129.5,33.0,193.0,0,0,0,0,0,0,1,33,1,193,-1,-1,0,8,0.0,0.0,0,0,0.0,0.0,0,0,Benign,Thursday,False,Normal
443,6,22/02/2018 02:18:02,4907,1,1,0,0,0,0,0.0,0.0,0,0,0.0,0.0,0.0,407.5810067251,4907.0,0.0,4907,4907,0,0.0,0.0,0,0,0,0.0,0.0,0,0,0,0,0,0,20,20,203.7905033625,203.7905033625,0,0,0.0,0.0,0.0,1,0,0,0,1,0,0,0,1,0.0,0.0,0.0,0,0,0,0,0,0,1,0,1,0,0,290,0,20,0.0,0.0,0,0,0.0,0.0,0,0,Benign,Thursday,False,Normal
53,17,22/02/2018 11:08:49,354,1,1,40,56,40,40,40.0,0.0,56,56,56.0,0.0,271186.440677966,5649.7175141243,354.0,0.0,354,354,0,0.0,0.0,0,0,0,0.0,0.0,0,0,0,0,0,0,8,8,2824.8587570622,2824.8587570622,40,56,45.3333333333,9.237604307,85.3333333333,0,0,0,0,0,0,0,0,1,68.0,40.0,56.0,0,0,0,0,0,0,1,40,1,56,-1,-1,0,8,0.0,0.0,0,0,0.0,0.0,0,0,Benign,Thursday,False,Normal
53,17,22/02/2018 05:17:37,942,1,1,50,78,50,50,50.0,0.0,78,78,78.0,0.0,135881.10403397,2123.1422505308,942.0,0.0,942,942,0,0.0,0.0,0,0,0,0.0,0.0,0,0,0,0,0,0,8,8,1061.5711252654,1061.5711252654,50,78,59.3333333333,16.1658075373,261.3333333333,0,0,0,0,0,0,0,0,1,89.0,50.0,78.0,0,0,0,0,0,0,1,50,1,78,-1,-1,0,8,0.0,0.0,0,0,0.0,0.0,0,0,Benign,Thursday,False,Normal
80,6,22/02/2018 08:49:24,55407102,2,0,0,0,0,0,0.0,0.0,0,0,0.0,0.0,0.0,0.0360964556,55407102.0,0.0,55407102,55407102,55407102,55407102.0,0.0,55407102,55407102,0,0.0,0.0,0,0,0,0,0,0,40,0,0.0360964556,0.0,0,0,0.0,0.0,0.0,0,0,0,0,1,0,0,0,0,0.0,0.0,0.0,0,0,0,0,0,0,2,0,0,0,279,-1,0,20,0.0,0.0,0,0,0.0,0.0,0,0,Benign,Thursday,False,Normal
80,6,22/02/2018 09:43:28,116002792,19,16,1313,2118,434,0,69.1052631579,162.334324,706,0,132.375,284.5976985149,29.5768743221,0.3017168759,3411846.82352941,4702530.21161233,10004020,34,116002792,6444599.55555555,4730226.71996297,10015503,11415,110955512,7397034.13333333,4496725.96680118,10015574,12648,0,0,0,0,392,464,0.1637891612,0.1379277147,0,706,95.3055555556,222.5433273313,49525.5325396825,0,0,0,1,0,0,0,0,0,98.0285714286,69.1052631579,132.375,0,0,0,0,0,0,19,1313,16,2118,8192,180,14,20,87706.2727272727,252693.556788886,849606,11456,9999142.0,15957.0562197418,10004020,9951030,Benign,Thursday,False,Normal
80,6,22/02/2018 09:53:49,919,3,4,148,243,148,0,49.3333333333,85.4478398401,243,0,60.75,121.5,425462.459194777,7616.9749727965,153.1666666667,91.173278249,246,29,460,230.0,110.3086578651,308,152,673,224.3333333333,186.7011872842,401,29,0,0,0,0,72,92,3264.4178454842,4352.5571273123,0,243,48.875,93.9930658537,8834.6964285714,0,0,0,1,0,0,0,0,1,55.8571428571,49.3333333333,60.75,0,0,0,0,0,0,3,148,4,243,8192,149,1,20,0.0,0.0,0,0,0.0,0.0,0,0,Benign,Thursday,False,Normal
3389,6,22/02/2018 11:48:31,3988425,14,8,1455,1731,741,0,103.9285714286,195.0362744508,1179,0,216.375,405.4647906151,798.8115609545,5.5159618145,189925.0,259934.139696193,953229,3,3988425,306801.923076923,370744.727627933,1335889,3,3959106,565586.571428571,368663.392528043,965370,107809,0,0,0,0,292,172,3.5101575183,2.0058042962,0,1179,138.5217391304,280.4016388172,78625.0790513834,0,0,1,1,0,0,0,1,0,144.8181818182,103.9285714286,216.375,0,0,0,0,0,0,14,1455,8,1731,8192,62545,7,20,0.0,0.0,0,0,0.0,0.0,0,0,Benign,Thursday,False,Normal
3389,6,22/02/2018 11:49:49,4216084,14,8,1437,1731,725,0,102.6428571429,191.0680938396,1179,0,216.375,405.4647906151,751.4081787744,5.2181123526,200765.904761905,270783.498182756,937757,3,4216084,324314.153846154,366174.276484765,1260855,3,3986694,569527.714285714,375325.13288113,1048895,107941,0,0,0,0,292,172,3.3206169517,1.8974954009,0,1179,137.7391304348,278.8848275464,77776.7470355731,0,0,1,1,0,0,0,1,0,144.0,102.6428571429,216.375,0,0,0,0,0,0,14,1437,8,1731,8192,62648,7,20,0.0,0.0,0,0,0.0,0.0,0,0,Benign,Thursday,False,Normal
53,17,22/02/2018 09:43:31,329,1,1,46,62,46,46,46.0,0.0,62,62,62.0,0.0,328267.477203647,6079.0273556231,329.0,0.0,329,329,0,0.0,0.0,0,0,0,0.0,0.0,0,0,0,0,0,0,8,8,3039.5136778116,3039.5136778116,46,62,51.3333333333,9.237604307,85.3333333333,0,0,0,0,0,0,0,0,1,77.0,46.0,62.0,0,0,0,0,0,0,1,46,1,62,-1,-1,0,8,0.0,0.0,0,0,0.0,0.0,0,0,Benign,Thursday,False,Normal
80,6,22/02/2018 12:43:22,6141170,4,4,97,231,97,0,24.25,48.5,231,0,57.75,115.5,53.4100179607,1.3026833649,877310.0,2293882.73263819,6079089,41,62081,20693.6666666667,35602.6060890679,61804,108,6141042,2047014.0,3545086.24881356,6140527,232,0,0,0,0,92,92,0.6513416824,0.6513416824,0,231,36.4444444444,79.6996096463,6352.0277777778,0,0,0,1,0,0,0,0,1,41.0,24.25,57.75,0,0,0,0,0,0,4,97,4,231,8192,141,1,20,0.0,0.0,0,0,0.0,0.0,0,0,Benign,Thursday,False,Normal
80,6,22/02/2018 03:47:59,844,3,4,161,488,161,0,53.6666666667,92.9533933395,488,0,122.0,244.0,768957.345971564,8293.8388625592,140.6666666667,93.9269219482,249,0,457,228.5,111.0157646463,307,150,595,198.3333333333,197.5052741912,395,0,0,0,0,0,72,92,3554.5023696683,4739.336492891,0,488,81.125,173.7875858627,30202.125,0,0,0,1,0,0,0,0,1,92.7142857143,53.6666666667,122.0,0,0,0,0,0,0,3,161,4,488,8192,149,1,20,0.0,0.0,0,0,0.0,0.0,0,0,Benign,Thursday,False,Normal
443,6,22/02/2018 05:11:12,148537,12,12,550,9279,199,0,45.8333333333,79.1234172133,1460,0,773.25,654.166940745,66172.0648727253,161.5759036469,6458.1304347826,16157.3655123722,61776,6,148537,13503.3636363636,21859.1056828624,61776,29,136940,12449.0909090909,37047.6759094401,123633,18,0,0,0,0,252,252,80.7879518235,80.7879518235,0,1460,393.16,581.3765761822,337998.723333333,0,0,0,1,0,0,0,0,1,409.5416666667,45.8333333333,773.25,0,0,0,0,0,0,12,550,12,9279,8192,288,4,20,0.0,0.0,0,0,0.0,0.0,0,0,Benign,Thursday,False,Normal
53,17,22/02/2018 09:16:29,833,1,1,36,52,36,36,36.0,0.0,52,52,52.0,0.0,105642.256902761,2400.9603841537,833.0,0.0,833,833,0,0.0,0.0,0,0,0,0.0,0.0,0,0,0,0,0,0,8,8,1200.4801920768,1200.4801920768,36,52,41.3333333333,9.237604307,85.3333333333,0,0,0,0,0,0,0,0,1,62.0,36.0,52.0,0,0,0,0,0,0,1,36,1,52,-1,-1,0,8,0.0,0.0,0,0,0.0,0.0,0,0,Benign,Thursday,False,Normal
53,17,22/02/2018 01:31:16,1312,1,1,40,139,40,40,40.0,0.0,139,139,139.0,0.0,136432.926829268,1524.3902439024,1312.0,0.0,1312,1312,0,0.0,0.0,0,0,0,0.0,0.0,0,0,0,0,0,0,8,8,762.1951219512,762.1951219512,40,139,73.0,57.1576766498,3267.0,0,0,0,0,0,0,0,0,1,109.5,40.0,139.0,0,0,0,0,0,0,1,40,1,139,-1,-1,0,8,0.0,0.0,0,0,0.0,0.0,0,0,Benign,Thursday,False,Normal
3389,6,22/02/2018 04:19:02,1963216,10,7,1144,1581,677,0,114.4,209.8969059112,1173,0,225.8571428571,430.0986044197,1388.0286224236,8.6592611307,122701.0,230991.777120889,950008,71,1963216,218135.111111111,339155.443889098,1105320,71,1858836,309806.0,328010.183393748,950008,106238,0,0,0,0,212,152,5.0936830181,3.5655781126,0,1173,151.3888888889,305.0398506056,93049.3104575164,0,0,1,1,0,0,0,1,0,160.2941176471,114.4,225.8571428571,0,0,0,0,0,0,10,1144,7,1581,8192,62856,5,20,0.0,0.0,0,0,0.0,0.0,0,0,Benign,Thursday,False,Normal
443,6,22/02/2018 09:57:02,15458,1,2,0,0,0,0,0.0,0.0,0,0,0.0,0.0,0.0,194.0742657524,7729.0,10929.0424100193,15457,1,0,0.0,0.0,0,0,1,1.0,0.0,1,1,0,0,0,0,20,40,64.6914219175,129.3828438349,0,0,0.0,0.0,0.0,1,0,0,0,1,0,0,0,2,0.0,0.0,0.0,0,0,0,0,0,0,1,0,2,0,0,0,0,20,0.0,0.0,0,0,0.0,0.0,0,0,Benign,Thursday,False,Normal
53,17,22/02/2018 09:29:59,1401,1,1,50,132,50,50,50.0,0.0,132,132,132.0,0.0,129907.209136331,1427.5517487509,1401.0,0.0,1401,1401,0,0.0,0.0,0,0,0,0.0,0.0,0,0,0,0,0,0,8,8,713.7758743754,713.7758743754,50,132,77.3333333333,47.3427220735,2241.3333333333,0,0,0,0,0,0,0,0,1,116.0,50.0,132.0,0,0,0,0,0,0,1,50,1,132,-1,-1,0,8,0.0,0.0,0,0,0.0,0.0,0,0,Benign,Thursday,False,Normal
22946,6,22/02/2018 11:29:26,86064280,2,0,0,0,0,0,0.0,0.0,0,0,0.0,0.0,0.0,0.0232384446,86064280.0,0.0,86064280,86064280,86064280,86064280.0,0.0,86064280,86064280,0,0.0,0.0,0,0,0,0,0,0,40,0,0.0232384446,0.0,0,0,0.0,0.0,0.0,0,0,0,0,1,0,0,0,0,0.0,0.0,0.0,0,0,0,0,0,0,2,0,0,0,62563,-1,0,20,0.0,0.0,0,0,86064280.0,0.0,86064280,86064280,Benign,Thursday,False,Normal
53,17,22/02/2018 01:26:14,894,1,1,47,132,47,47,47.0,0.0,132,132,132.0,0.0,200223.713646532,2237.1364653244,894.0,0.0,894,894,0,0.0,0.0,0,0,0,0.0,0.0,0,0,0,0,0,0,8,8,1118.5682326622,1118.5682326622,47,132,75.3333333333,49.0747728811,2408.3333333333,0,0,0,0,0,0,0,0,1,113.0,47.0,132.0,0,0,0,0,0,0,1,47,1,132,-1,-1,0,8,0.0,0.0,0,0,0.0,0.0,0,0,Benign,Thursday,False,Normal
36321,6,22/02/2018 12:21:28,86335274,2,0,0,0,0,0,0.0,0.0,0,0,0.0,0.0,0.0,0.0231655024,86335274.0,0.0,86335274,86335274,86335274,86335274.0,0.0,86335274,86335274,0,0.0,0.0,0,0,0,0,0,0,40,0,0.0231655024,0.0,0,0,0.0,0.0,0.0,0,0,0,0,1,0,0,0,0,0.0,0.0,0.0,0,0,0,0,0,0,2,0,0,0,62545,-1,0,20,0.0,0.0,0,0,86335274.0,0.0,86335274,86335274,Benign,Thursday,False,Normal
53,17,22/02/2018 04:26:16,911,1,1,41,101,41,41,41.0,0.0,101,101,101.0,0.0,155872.667398463,2195.3896816685,911.0,0.0,911,911,0,0.0,0.0,0,0,0,0.0,0.0,0,0,0,0,0,0,8,8,1097.6948408343,1097.6948408343,41,101,61.0,34.6410161514,1200.0,0,0,0,0,0,0,0,0,1,91.5,41.0,101.0,0,0,0,0,0,0,1,41,1,101,-1,-1,0,8,0.0,0.0,0,0,0.0,0.0,0,0,Benign,Thursday,False,Normal
50227,6,22/02/2018 09:03:09,46,3,1,31,0,31,0,10.3333333333,17.8978583449,0,0,0.0,0.0,673913.043478261,86956.5217391304,15.3333333333,12.4230967691,23,1,46,23.0,31.1126983722,45,1,0,0.0,0.0,0,0,0,0,0,0,60,20,65217.3913043478,21739.1304347826,0,31,6.2,13.8636214605,192.2,0,0,0,0,1,0,0,0,0,7.75,10.3333333333,0.0,0,0,0,0,0,0,3,31,1,0,946,0,1,20,0.0,0.0,0,0,0.0,0.0,0,0,Benign,Thursday,False,Normal
443,6,22/02/2018 09:07:11,119624749,12,14,12,31,1,1,1.0,0.0,31,0,2.2142857143,8.2850984993,0.3594573895,0.2173463286,4784989.96,5073661.19205089,10004690,1,110169450,10015404.5454545,21.8374157647,10015428,10015368,119613923,9201071.0,2769077.9387027,10015586,1,0,0,0,0,240,424,0.1003136901,0.1170326385,0,31,1.6296296296,5.8909849519,34.7037037037,0,0,0,0,1,0,0,0,1,1.6923076923,1.0,2.2142857143,0,0,0,0,0,0,12,12,14,31,253,62,11,20,10804.6666666667,57.8765666716,10924,10738,9957924.33333333,161708.791705862,10004690,9444430,Benign,Thursday,False,Normal
80,6,22/02/2018 09:30:12,241,2,0,0,0,0,0,0.0,0.0,0,0,0.0,0.0,0.0,8298.755186722,241.0,0.0,241,241,241,241.0,0.0,241,241,0,0.0,0.0,0,0,0,0,0,0,40,0,8298.755186722,0.0,0,0,0.0,0.0,0.0,0,0,0,0,1,0,0,0,0,0.0,0.0,0.0,0,0,0,0,0,0,2,0,0,0,253,-1,0,20,0.0,0.0,0,0,0.0,0.0,0,0,Benign,Thursday,False,Normal
53,17,22/02/2018 08:22:52,1619,1,1,45,291,45,45,45.0,0.0,291,291,291.0,0.0,207535.515750463,1235.3304508956,1619.0,0.0,1619,1619,0,0.0,0.0,0,0,0,0.0,0.0,0,0,0,0,0,0,8,8,617.6652254478,617.6652254478,45,291,127.0,142.0281662206,20172.0,0,0,0,0,0,0,0,0,1,190.5,45.0,291.0,0,0,0,0,0,0,1,45,1,291,-1,-1,0,8,0.0,0.0,0,0,0.0,0.0,0,0,Benign,Thursday,False,Normal
80,6,22/02/2018 11:27:03,49648,3,4,437,859,437,0,145.6666666667,252.3020676359,859,0,214.75,429.5,26103.7705446342,140.9925878182,8274.6666666667,12018.1605026171,23932,19,24495,12247.5,16566.8047764196,23962,533,25716,8572.0,13535.986369674,24178,19,0,0,0,0,72,92,60.4253947792,80.567193039,0,859,162.0,320.4679614029,102699.714285714,0,0,0,1,0,0,0,0,1,185.1428571429,145.6666666667,214.75,0,0,0,0,0,0,3,437,4,859,8192,31,1,20,0.0,0.0,0,0,0.0,0.0,0,0,Benign,Thursday,False,Normal
80,6,22/02/2018 11:50:38,54513949,2,0,0,0,0,0,0.0,0.0,0,0,0.0,0.0,0.0,0.0366878576,54513949.0,0.0,54513949,54513949,54513949,54513949.0,0.0,54513949,54513949,0,0.0,0.0,0,0,0,0,0,0,40,0,0.0366878576,0.0,0,0,0.0,0.0,0.0,0,0,0,0,1,0,0,0,0,0.0,0.0,0.0,0,0,0,0,0,0,2,0,0,0,279,-1,0,20,0.0,0.0,0,0,0.0,0.0,0,0,Benign,Thursday,False,Normal
80,6,22/02/2018 12:11:38,54242414,2,0,0,0,0,0,0.0,0.0,0,0,0.0,0.0,0.0,0.0368715153,54242414.0,0.0,54242414,54242414,54242414,54242414.0,0.0,54242414,54242414,0,0.0,0.0,0,0,0,0,0,0,40,0,0.0368715153,0.0,0,0,0.0,0.0,0.0,0,0,0,0,1,0,0,0,0,0.0,0.0,0.0,0,0,0,0,0,0,2,0,0,0,279,-1,0,20,0.0,0.0,0,0,0.0,0.0,0,0,Benign,Thursday,False,Normal
80,6,22/02/2018 12:59:38,54699044,2,0,0,0,0,0,0.0,0.0,0,0,0.0,0.0,0.0,0.0365637103,54699044.0,0.0,54699044,54699044,54699044,54699044.0,0.0,54699044,54699044,0,0.0,0.0,0,0,0,0,0,0,40,0,0.0365637103,0.0,0,0,0.0,0.0,0.0,0,0,0,0,1,0,0,0,0,0.0,0.0,0.0,0,0,0,0,0,0,2,0,0,0,279,-1,0,20,0.0,0.0,0,0,0.0,0.0,0,0,Benign,Thursday,False,Normal
53,17,22/02/2018 09:31:10,361,1,1,59,187,59,59,59.0,0.0,187,187,187.0,0.0,681440.443213296,5540.1662049862,361.0,0.0,361,361,0,0.0,0.0,0,0,0,0.0,0.0,0,0,0,0,0,0,8,8,2770.0831024931,2770.0831024931,59,187,101.6666666667,73.9008344563,5461.3333333333,0,0,0,0,0,0,0,0,1,152.5,59.0,187.0,0,0,0,0,0,0,1,59,1,187,-1,-1,0,8,0.0,0.0,0,0,0.0,0.0,0,0,Benign,Thursday,False,Normal
80,6,22/02/2018 02:31:23,91,2,0,0,0,0,0,0.0,0.0,0,0,0.0,0.0,0.0,21978.021978022,91.0,0.0,91,91,91,91.0,0.0,91,91,0,0.0,0.0,0,0,0,0,0,0,40,0,21978.021978022,0.0,0,0,0.0,0.0,0.0,0,0,0,0,1,0,0,0,0,0.0,0.0,0.0,0,0,0,0,0,0,2,0,0,0,278,-1,0,20,0.0,0.0,0,0,0.0,0.0,0,0,Benign,Thursday,False,Normal
53,17,22/02/2018 01:37:42,294,1,1,36,68,36,36,36.0,0.0,68,68,68.0,0.0,353741.496598639,6802.7210884354,294.0,0.0,294,294,0,0.0,0.0,0,0,0,0.0,0.0,0,0,0,0,0,0,8,8,3401.3605442177,3401.3605442177,36,68,46.6666666667,18.4752086141,341.3333333333,0,0,0,0,0,0,0,0,1,70.0,36.0,68.0,0,0,0,0,0,0,1,36,1,68,-1,-1,0,8,0.0,0.0,0,0,0.0,0.0,0,0,Benign,Thursday,False,Normal
0,0,22/02/2018 03:36:19,110638128,22,0,0,0,0,0,0.0,0.0,0,0,0.0,0.0,0.0,0.1988464592,5268482.28571429,5759551.33845845,15232510,83,110638128,5268482.28571429,5759551.33845845,15232510,83,0,0.0,0.0,0,0,0,0,0,0,0,0,0.1988464592,0.0,0,0,0.0,0.0,0.0,0,0,0,0,0,0,0,0,0,0.0,0.0,0.0,0,0,0,0,0,0,22,0,0,0,-1,-1,0,0,1130.5,890.6030728295,2239,83,11062464.3,1583331.97685374,15232510,9998791,Benign,Thursday,False,Normal
53,17,22/02/2018 01:19:37,272,1,1,39,55,39,39,39.0,0.0,55,55,55.0,0.0,345588.235294118,7352.9411764706,272.0,0.0,272,272,0,0.0,0.0,0,0,0,0.0,0.0,0,0,0,0,0,0,8,8,3676.4705882353,3676.4705882353,39,55,44.3333333333,9.237604307,85.3333333333,0,0,0,0,0,0,0,0,1,66.5,39.0,55.0,0,0,0,0,0,0,1,39,1,55,-1,-1,0,8,0.0,0.0,0,0,0.0,0.0,0,0,Benign,Thursday,False,Normal
53,17,22/02/2018 02:31:40,284,1,1,36,68,36,36,36.0,0.0,68,68,68.0,0.0,366197.183098591,7042.2535211268,284.0,0.0,284,284,0,0.0,0.0,0,0,0,0.0,0.0,0,0,0,0,0,0,8,8,3521.1267605634,3521.1267605634,36,68,46.6666666667,18.4752086141,341.3333333333,0,0,0,0,0,0,0,0,1,70.0,36.0,68.0,0,0,0,0,0,0,1,36,1,68,-1,-1,0,8,0.0,0.0,0,0,0.0,0.0,0,0,Benign,Thursday,False,Normal
53,17,22/02/2018 09:16:36,391,1,1,35,131,35,35,35.0,0.0,131,131,131.0,0.0,424552.429667519,5115.0895140665,391.0,0.0,391,391,0,0.0,0.0,0,0,0,0.0,0.0,0,0,0,0,0,0,8,8,2557.5447570333,2557.5447570333,35,131,67.0,55.4256258422,3072.0,0,0,0,0,0,0,0,0,1,100.5,35.0,131.0,0,0,0,0,0,0,1,35,1,131,-1,-1,0,8,0.0,0.0,0,0,0.0,0.0,0,0,Benign,Thursday,False,Normal
53,17,22/02/2018 04:27:15,8705,1,1,49,110,49,49,49.0,0.0,110,110,110.0,0.0,18265.3647329121,229.7530155083,8705.0,0.0,8705,8705,0,0.0,0.0,0,0,0,0.0,0.0,0,0,0,0,0,0,8,8,114.8765077542,114.8765077542,49,110,69.3333333333,35.2183664206,1240.3333333333,0,0,0,0,0,0,0,0,1,104.0,49.0,110.0,0,0,0,0,0,0,1,49,1,110,-1,-1,0,8,0.0,0.0,0,0,0.0,0.0,0,0,Benign,Thursday,False,Normal
3389,6,22/02/2018 05:24:43,1539231,8,7,1148,1581,677,0,143.5,228.129662379,1173,0,225.8571428571,430.0986044197,1772.9632524293,9.7451259752,109945.071428571,246334.916686288,953208,119,1539231,219890.142857143,387527.594800864,1095530,224,1446518,241086.333333333,349400.298668256,953208,88245,0,0,0,0,172,152,5.1974005201,4.5477254551,0,1173,170.5625,319.433241591,102037.595833333,0,0,1,1,0,0,0,1,0,181.9333333333,143.5,225.8571428571,0,0,0,0,0,0,8,1148,7,1581,8192,62852,5,20,0.0,0.0,0,0,0.0,0.0,0,0,Benign,Thursday,False,Normal
53,17,22/02/2018 09:35:08,284,1,1,41,57,41,41,41.0,0.0,57,57,57.0,0.0,345070.422535211,7042.2535211268,284.0,0.0,284,284,0,0.0,0.0,0,0,0,0.0,0.0,0,0,0,0,0,0,8,8,3521.1267605634,3521.1267605634,41,57,46.3333333333,9.237604307,85.3333333333,0,0,0,0,0,0,0,0,1,69.5,41.0,57.0,0,0,0,0,0,0,1,41,1,57,-1,-1,0,8,0.0,0.0,0,0,0.0,0.0,0,0,Benign,Thursday,False,Normal
53,17,22/02/2018 08:45:04,418,1,1,44,60,44,44,44.0,0.0,60,60,60.0,0.0,248803.827751196,4784.6889952153,418.0,0.0,418,418,0,0.0,0.0,0,0,0,0.0,0.0,0,0,0,0,0,0,8,8,2392.3444976077,2392.3444976077,44,60,49.3333333333,9.237604307,85.3333333333,0,0,0,0,0,0,0,0,1,74.0,44.0,60.0,0,0,0,0,0,0,1,44,1,60,-1,-1,0,8,0.0,0.0,0,0,0.0,0.0,0,0,Benign,Thursday,False,Normal
56141,6,22/02/2018 01:59:34,137,2,0,0,0,0,0,0.0,0.0,0,0,0.0,0.0,0.0,14598.5401459854,137.0,0.0,137,137,137,137.0,0.0,137,137,0,0.0,0.0,0,0,0,0,0,0,40,0,14598.5401459854,0.0,0,0,0.0,0.0,0.0,0,0,0,0,1,0,0,0,0,0.0,0.0,0.0,0,0,0,0,0,0,2,0,0,0,255,-1,0,20,0.0,0.0,0,0,0.0,0.0,0,0,Benign,Thursday,False,Normal
3389,6,22/02/2018 09:31:20,2804926,10,7,1148,1581,677,0,114.8,210.0924664153,1173,0,225.8571428571,430.0986044197,972.9311931937,6.0607659525,175307.875,316877.861378771,994652,68,2804926,311658.444444444,420055.58784288,1099632,68,2717288,452881.333333333,461816.44737565,1121820,91051,0,0,0,0,212,152,3.5651564426,2.4956095098,0,1173,151.6111111111,305.0826578234,93075.4281045752,0,0,1,1,0,0,0,1,0,160.5294117647,114.8,225.8571428571,0,0,0,0,0,0,10,1148,7,1581,8192,62852,5,20,0.0,0.0,0,0,0.0,0.0,0,0,Benign,Thursday,False,Normal
53,17,22/02/2018 04:03:53,951,1,1,45,111,45,45,45.0,0.0,111,111,111.0,0.0,164037.85488959,2103.0494216614,951.0,0.0,951,951,0,0.0,0.0,0,0,0,0.0,0.0,0,0,0,0,0,0,8,8,1051.5247108307,1051.5247108307,45,111,67.0,38.1051177665,1452.0,0,0,0,0,0,0,0,0,1,100.5,45.0,111.0,0,0,0,0,0,0,1,45,1,111,-1,-1,0,8,0.0,0.0,0,0,0.0,0.0,0,0,Benign,Thursday,False,Normal
53,17,22/02/2018 05:24:49,29170,1,1,42,139,42,42,42.0,0.0,139,139,139.0,0.0,6205.0051422695,68.5635927323,29170.0,0.0,29170,29170,0,0.0,0.0,0,0,0,0.0,0.0,0,0,0,0,0,0,8,8,34.2817963661,34.2817963661,42,139,74.3333333333,56.0029761114,3136.3333333333,0,0,0,0,0,0,0,0,1,111.5,42.0,139.0,0,0,0,0,0,0,1,42,1,139,-1,-1,0,8,0.0,0.0,0,0,0.0,0.0,0,0,Benign,Thursday,False,Normal
52445,6,22/02/2018 02:21:06,48,2,0,0,0,0,0,0.0,0.0,0,0,0.0,0.0,0.0,41666.6666666667,48.0,0.0,48,48,48,48.0,0.0,48,48,0,0.0,0.0,0,0,0,0,0,0,40,0,41666.6666666667,0.0,0,0,0.0,0.0,0.0,0,0,0,0,1,0,0,0,0,0.0,0.0,0.0,0,0,0,0,0,0,2,0,0,0,258,-1,0,20,0.0,0.0,0,0,0.0,0.0,0,0,Benign,Thursday,False,Normal
80,6,22/02/2018 08:25:38,42622,4,9,249,9190,249,0,62.25,124.5,1460,0,1021.1111111111,669.9336617241,221458.401764347,305.0068039979,3551.8333333333,8088.7812525445,20908,0,42622,14207.3333333333,12218.6061534585,21568,103,21683,2710.375,7380.2048352816,20965,0,0,0,0,0,92,192,93.848247384,211.158556614,0,1460,674.2142857143,716.4330639807,513276.335164835,0,0,0,1,0,0,0,0,2,726.0769230769,62.25,1021.1111111111,0,0,0,0,0,0,4,249,9,9190,8192,946,1,20,0.0,0.0,0,0,0.0,0.0,0,0,Benign,Thursday,False,Normal
443,6,22/02/2018 08:33:37,109966766,10,7,1547,4137,1001,0,154.7,310.4616812999,1460,0,591.0,671.0178835173,51.6883437311,0.1545921611,6872922.875,27341974.4196825,109405232,1,109966766,12218529.5555556,36445041.8691878,109405232,64,438298,73049.6666666667,86477.0869876331,183265,1,0,0,0,0,212,152,0.0909365653,0.0636555957,0,1460,315.7777777778,512.1164338606,262263.241830065,0,0,0,1,0,0,0,0,0,334.3529411765,154.7,591.0,0,0,0,0,0,0,10,1547,7,4137,8192,1021,4,20,0.0,0.0,0,0,0.0,0.0,0,0,Benign,Thursday,False,Normal
445,6,22/02/2018 09:11:05,155152,3,1,0,0,0,0,0.0,0.0,0,0,0.0,0.0,0.0,25.7811694338,51717.3333333333,89428.9586897518,154981,82,155152,77576.0,109593.065802541,155070,82,0,0.0,0.0,0,0,0,0,0,0,72,32,19.3358770754,6.4452923585,0,0,0.0,0.0,0.0,0,0,0,1,0,0,0,0,0,0.0,0.0,0.0,0,0,0,0,0,0,3,0,1,0,8192,8192,0,20,0.0,0.0,0,0,0.0,0.0,0,0,Benign,Thursday,False,Normal
80,6,22/02/2018 09:39:08,806,3,4,161,488,161,0,53.6666666667,92.9533933395,488,0,122.0,244.0,805210.918114144,8684.8635235732,134.3333333333,80.2487798453,245,30,431,215.5,122.3294731453,302,129,561,187.0,169.6732153288,367,30,0,0,0,0,72,92,3722.0843672457,4962.7791563276,0,488,81.125,173.7875858627,30202.125,0,0,0,1,0,0,0,0,1,92.7142857143,53.6666666667,122.0,0,0,0,0,0,0,3,161,4,488,8192,149,1,20,0.0,0.0,0,0,0.0,0.0,0,0,Benign,Thursday,False,Normal
51201,6,22/02/2018 12:03:34,91,2,0,0,0,0,0,0.0,0.0,0,0,0.0,0.0,0.0,21978.021978022,91.0,0.0,91,91,91,91.0,0.0,91,91,0,0.0,0.0,0,0,0,0,0,0,40,0,21978.021978022,0.0,0,0,0.0,0.0,0.0,0,0,0,0,1,0,0,0,0,0.0,0.0,0.0,0,0,0,0,0,0,2,0,0,0,127,-1,0,20,0.0,0.0,0,0,0.0,0.0,0,0,Benign,Thursday,False,Normal
52069,6,22/02/2018 01:46:06,137635,3,1,107,0,69,0,35.6666666667,34.5591280754,0,0,0.0,0.0,777.4185345297,29.0623751226,45878.3333333333,61893.3224535033,116279,20,137635,68817.5,67120.6969905707,116279,21356,0,0.0,0.0,0,0,1,0,0,0,60,20,21.796781342,7.2655937807,0,69,35.2,34.5354889932,1192.7,0,1,0,0,1,0,0,0,0,44.0,35.6666666667,0.0,0,0,0,0,0,0,3,107,1,0,172,0,1,20,0.0,0.0,0,0,0.0,0.0,0,0,Benign,Thursday,False,Normal
445,6,22/02/2018 02:43:33,1340863,7,5,364,582,103,0,52.0,49.2172056636,409,0,116.4,167.0353256051,705.5157760338,8.9494601611,121896.636363636,139304.397691726,281958,69,1340863,223477.166666667,109149.825803648,282041,1716,1084583,271145.75,12529.3426370527,286412,260488,0,0,0,0,152,112,5.2205184273,3.7289417338,0,409,72.7692307692,109.5332170669,11997.5256410256,0,0,0,1,0,0,0,0,0,78.8333333333,52.0,116.4,0,0,0,0,0,0,7,364,5,582,8192,257,4,20,0.0,0.0,0,0,0.0,0.0,0,0,Benign,Thursday,False,Normal
80,6,22/02/2018 03:11:39,54042753,2,0,0,0,0,0,0.0,0.0,0,0,0.0,0.0,0.0,0.0370077372,54042753.0,0.0,54042753,54042753,54042753,54042753.0,0.0,54042753,54042753,0,0.0,0.0,0,0,0,0,0,0,40,0,0.0370077372,0.0,0,0,0.0,0.0,0.0,0,0,0,0,1,0,0,0,0,0.0,0.0,0.0,0,0,0,0,0,0,2,0,0,0,279,-1,0,20,0.0,0.0,0,0,0.0,0.0,0,0,Benign,Thursday,False,Normal
53,17,22/02/2018 10:39:47,20286,1,1,37,96,37,37,37.0,0.0,96,96,96.0,0.0,6556.2456866805,98.590160702,20286.0,0.0,20286,20286,0,0.0,0.0,0,0,0,0.0,0.0,0,0,0,0,0,0,8,8,49.295080351,49.295080351,37,96,56.6666666667,34.0636658822,1160.3333333333,0,0,0,0,0,0,0,0,1,85.0,37.0,96.0,0,0,0,0,0,0,1,37,1,96,-1,-1,0,8,0.0,0.0,0,0,0.0,0.0,0,0,Benign,Thursday,False,Normal
53,17,22/02/2018 10:57:48,54649,2,2,132,388,66,66,66.0,0.0,194,194,194.0,0.0,9515.2701787773,73.1943859906,18216.3333333333,30920.3627134827,53920,294,54214,54214.0,0.0,54214,54214,54355,54355.0,0.0,54355,54355,0,0,0,0,16,16,36.5971929953,36.5971929953,66,194,117.2,70.1084873607,4915.2,0,0,0,0,0,0,0,0,1,146.5,66.0,194.0,0,0,0,0,0,0,2,132,2,388,-1,-1,1,8,0.0,0.0,0,0,0.0,0.0,0,0,Benign,Thursday,False,Normal
53,17,22/02/2018 11:33:46,23967,2,2,88,396,44,44,44.0,0.0,198,198,198.0,0.0,20194.4340134351,166.8961488714,7989.0,10681.1949237901,20129,34,20129,20129.0,0.0,20129,20129,34,34.0,0.0,34,34,0,0,0,0,16,16,83.4480744357,83.4480744357,44,198,105.6,84.3492738558,7114.8,0,0,0,0,0,0,0,0,1,132.0,44.0,198.0,0,0,0,0,0,0,2,88,2,396,-1,-1,1,8,0.0,0.0,0,0,0.0,0.0,0,0,Benign,Thursday,False,Normal
53,17,22/02/2018 10:39:50,962,1,1,32,128,32,32,32.0,0.0,128,128,128.0,0.0,166320.166320166,2079.0020790021,962.0,0.0,962,962,0,0.0,0.0,0,0,0,0.0,0.0,0,0,0,0,0,0,8,8,1039.501039501,1039.501039501,32,128,64.0,55.4256258422,3072.0,0,0,0,0,0,0,0,0,1,96.0,32.0,128.0,0,0,0,0,0,0,1,32,1,128,-1,-1,0,8,0.0,0.0,0,0,0.0,0.0,0,0,Benign,Thursday,False,Normal
445,6,22/02/2018 01:22:05,725421,6,5,455,338,140,0,75.8333333333,62.9362110924,145,0,67.6,69.7588704037,1093.1583177217,15.1636084425,72542.1,93399.6768534144,182296,67,725350,145070.0,80690.6433516303,182377,736,725354,181338.5,1029.6492930443,182413,179951,0,0,0,0,132,112,8.2710591505,6.8925492921,0,145,66.0833333333,63.40269328,4019.9015151515,0,0,0,1,0,0,0,0,0,72.0909090909,75.8333333333,67.6,0,0,0,0,0,0,6,455,5,338,8192,0,4,20,0.0,0.0,0,0,0.0,0.0,0,0,Benign,Thursday,False,Normal
53,17,22/02/2018 05:24:47,772,1,1,35,51,35,35,35.0,0.0,51,51,51.0,0.0,111398.96373057,2590.6735751295,772.0,0.0,772,772,0,0.0,0.0,0,0,0,0.0,0.0,0,0,0,0,0,0,8,8,1295.3367875648,1295.3367875648,35,51,40.3333333333,9.237604307,85.3333333333,0,0,0,0,0,0,0,0,1,60.5,35.0,51.0,0,0,0,0,0,0,1,35,1,51,-1,-1,0,8,0.0,0.0,0,0,0.0,0.0,0,0,Benign,Thursday,False,Normal
53,17,22/02/2018 01:46:02,608,1,1,37,53,37,37,37.0,0.0,53,53,53.0,0.0,148026.315789474,3289.4736842105,608.0,0.0,608,608,0,0.0,0.0,0,0,0,0.0,0.0,0,0,0,0,0,0,8,8,1644.7368421053,1644.7368421053,37,53,42.3333333333,9.237604307,85.3333333333,0,0,0,0,0,0,0,0,1,63.5,37.0,53.0,0,0,0,0,0,0,1,37,1,53,-1,-1,0,8,0.0,0.0,0,0,0.0,0.0,0,0,Benign,Thursday,False,Normal
3389,6,22/02/2018 04:46:31,2012988,9,8,1821,1581,677,0,202.3333333333,277.7732888526,1173,0,197.625,406.1217050168,1690.0249777942,8.4451571495,125811.75,163146.981611674,594478,29,2012988,251623.5,236180.487642698,767068,69,1840341,262905.857142857,162729.819788741,594478,150643,0,0,0,0,192,184,4.4709655497,3.9741915998,0,1173,189.0,326.2734327848,106454.352941176,0,0,1,1,0,0,0,1,0,200.1176470588,202.3333333333,197.625,0,0,0,0,0,0,9,1821,8,1581,8192,62856,6,20,0.0,0.0,0,0,0.0,0.0,0,0,Benign,Thursday,False,Normal
445,6,22/02/2018 09:29:03,250923,2,0,1,0,1,0,0.5,0.7071067812,0,0,0.0,0.0,3.9852863229,7.9705726458,250923.0,0.0,250923,250923,250923,250923.0,0.0,250923,250923,0,0.0,0.0,0,0,0,0,0,0,52,0,7.9705726458,0.0,0,1,0.6666666667,0.5773502692,0.3333333333,0,0,0,0,1,0,0,0,0,1.0,0.5,0.0,0,0,0,0,0,0,2,1,0,0,251,-1,0,20,0.0,0.0,0,0,0.0,0.0,0,0,Benign,Thursday,False,Normal
80,6,22/02/2018 11:11:33,931,3,4,161,488,161,0,53.6666666667,92.9533933395,488,0,122.0,244.0,697099.892588614,7518.7969924812,155.1666666667,106.9661940366,320,28,512,256.0,166.87720036,374,138,611,203.6666666667,183.4402718416,394,28,0,0,0,0,72,92,3222.3415682062,4296.455424275,0,488,81.125,173.7875858627,30202.125,0,0,0,1,0,0,0,0,1,92.7142857143,53.6666666667,122.0,0,0,0,0,0,0,3,161,4,488,8192,149,1,20,0.0,0.0,0,0,0.0,0.0,0,0,Benign,Thursday,False,Normal
80,6,22/02/2018 11:11:27,69027436,11,10,437,1770,431,0,39.7272727273,129.7714074125,1460,0,177.0,461.2073527409,31.972794122,0.3042268584,3451371.8,4810337.59716918,10070158,14,69027436,6902743.6,4772728.68946381,10100798,178,60515061,6723895.66666667,5034195.63458742,10100837,26,0,0,0,0,232,284,0.1593569258,0.1448699326,0,1460,100.3181818182,323.0851850465,104384.036796537,0,0,0,1,0,0,0,0,0,105.0952380952,39.7272727273,177.0,0,0,0,0,0,0,11,437,10,1770,8192,946,7,20,35670.8571428571,13285.3252303506,65799,30602,9825391.42857143,593184.452684789,10070158,8481771,Benign,Thursday,False,Normal
3389,6,22/02/2018 09:28:27,2104869,8,7,1144,1581,677,0,143.0,227.9699228282,1173,0,225.8571428571,430.0986044197,1294.6173847399,7.1263342279,150347.785714286,246798.209257678,953182,2,2104869,300695.571428571,401327.646695671,1197796,2,1922574,320429.0,310833.552320852,953182,179193,0,0,0,0,172,152,3.8007115882,3.3256226397,0,1173,170.3125,319.402717323,102018.095833333,0,0,1,1,0,0,0,1,0,181.6666666667,143.0,225.8571428571,0,0,0,0,0,0,8,1144,7,1581,8192,62856,5,20,0.0,0.0,0,0,0.0,0.0,0,0,Benign,Thursday,False,Normal
50841,6,22/02/2018 10:47:19,41,1,1,0,0,0,0,0.0,0.0,0,0,0.0,0.0,0.0,48780.4878048781,41.0,0.0,41,41,0,0.0,0.0,0,0,0,0.0,0.0,0,0,0,0,0,0,20,20,24390.243902439,24390.243902439,0,0,0.0,0.0,0.0,0,0,0,0,1,1,0,0,1,0.0,0.0,0.0,0,0,0,0,0,0,1,0,1,0,256,256,0,20,0.0,0.0,0,0,0.0,0.0,0,0,Benign,Thursday,False,Normal
53,17,22/02/2018 09:43:41,46338,2,2,84,206,42,42,42.0,0.0,103,103,103.0,0.0,6258.3624670897,86.3222409254,15446.0,25509.0969067899,44901,591,45747,45747.0,0.0,45747,45747,45492,45492.0,0.0,45492,45492,0,0,0,0,16,16,43.1611204627,43.1611204627,42,103,66.4,33.4110760078,1116.3,0,0,0,0,0,0,0,0,1,83.0,42.0,103.0,0,0,0,0,0,0,2,84,2,206,-1,-1,1,8,0.0,0.0,0,0,0.0,0.0,0,0,Benign,Thursday,False,Normal
51172,6,22/02/2018 11:07:33,13,2,0,0,0,0,0,0.0,0.0,0,0,0.0,0.0,0.0,153846.153846154,13.0,0.0,13,13,13,13.0,0.0,13,13,0,0.0,0.0,0,0,0,0,0,0,40,0,153846.153846154,0.0,0,0,0.0,0.0,0.0,1,0,0,0,0,0,0,0,0,0.0,0.0,0.0,0,0,0,0,0,0,2,0,0,0,0,-1,0,20,0.0,0.0,0,0,0.0,0.0,0,0,Benign,Thursday,False,Normal
80,6,22/02/2018 11:06:23,5508,2,0,0,0,0,0,0.0,0.0,0,0,0.0,0.0,0.0,363.1082062455,5508.0,0.0,5508,5508,5508,5508.0,0.0,5508,5508,0,0.0,0.0,0,0,0,0,0,0,40,0,363.1082062455,0.0,0,0,0.0,0.0,0.0,0,0,0,0,1,0,0,0,0,0.0,0.0,0.0,0,0,0,0,0,0,2,0,0,0,256,-1,0,20,0.0,0.0,0,0,0.0,0.0,0,0,Benign,Thursday,False,Normal
80,6,22/02/2018 11:16:32,186,2,0,0,0,0,0,0.0,0.0,0,0,0.0,0.0,0.0,10752.688172043,186.0,0.0,186,186,186,186.0,0.0,186,186,0,0.0,0.0,0,0,0,0,0,0,40,0,10752.688172043,0.0,0,0,0.0,0.0,0.0,0,0,0,0,1,0,0,0,0,0.0,0.0,0.0,0,0,0,0,0,0,2,0,0,0,253,-1,0,20,0.0,0.0,0,0,0.0,0.0,0,0,Benign,Thursday,False,Normal
80,6,22/02/2018 11:46:09,47970,3,4,436,858,436,0,145.3333333333,251.7247173667,858,0,214.5,429.0,26975.1928288514,145.9245361684,7995.0,12201.3671365138,23765,0,24041,12020.5,16644.5865223501,23790,251,24242,8080.6666666667,13854.3397292449,24078,0,0,0,0,0,72,92,62.5390869293,83.3854492391,0,858,161.75,320.0347079392,102422.214285714,0,0,0,1,0,0,0,0,1,184.8571428571,145.3333333333,214.5,0,0,0,0,0,0,3,436,4,858,8192,31,1,20,0.0,0.0,0,0,0.0,0.0,0,0,Benign,Thursday,False,Normal
53,17,22/02/2018 02:01:11,18418,1,1,31,146,31,31,31.0,0.0,146,146,146.0,0.0,9610.1639700293,108.5894233902,18418.0,0.0,18418,18418,0,0.0,0.0,0,0,0,0.0,0.0,0,0,0,0,0,0,8,8,54.2947116951,54.2947116951,31,146,69.3333333333,66.3952809568,4408.3333333333,0,0,0,0,0,0,0,0,1,104.0,31.0,146.0,0,0,0,0,0,0,1,31,1,146,-1,-1,0,8,0.0,0.0,0,0,0.0,0.0,0,0,Benign,Thursday,False,Normal
53,17,22/02/2018 10:42:13,996,1,1,33,65,33,33,33.0,0.0,65,65,65.0,0.0,98393.5742971888,2008.0321285141,996.0,0.0,996,996,0,0.0,0.0,0,0,0,0.0,0.0,0,0,0,0,0,0,8,8,1004.016064257,1004.016064257,33,65,43.6666666667,18.4752086141,341.3333333333,0,0,0,0,0,0,0,0,1,65.5,33.0,65.0,0,0,0,0,0,0,1,33,1,65,-1,-1,0,8,0.0,0.0,0,0,0.0,0.0,0,0,Benign,Thursday,False,Normal
80,6,22/02/2018 03:49:29,51963,3,4,756,296,756,0,252.0,436.4768035074,296,0,74.0,148.0,20245.1744510517,134.7112368416,8660.5,12834.1192257202,25273,0,25556,12778.0,17751.2086349071,25330,226,26690,8896.6666666667,14347.3209113525,25448,0,0,0,0,0,72,92,57.7333872178,76.9778496238,0,756,131.5,272.767300093,74402.0,0,0,0,1,0,0,0,0,1,150.2857142857,252.0,74.0,0,0,0,0,0,0,3,756,4,296,8192,60,1,20,0.0,0.0,0,0,0.0,0.0,0,0,Benign,Thursday,False,Normal
443,6,22/02/2018 04:02:40,43243301,9,13,556,5719,215,0,61.7777777778,86.9810004797,1460,0,439.9230769231,627.1952728269,145.1091811886,0.5087493205,2059204.80952381,9413410.47351964,43142666,0,100634,12579.25,19427.1043923542,58787,174,43231779,3602648.25,12453731.0147094,43148527,0,0,0,0,0,192,272,0.208124722,0.3006245985,0,1460,272.8260869565,505.3935147418,255422.604743083,0,0,0,1,0,0,0,0,1,285.2272727273,61.7777777778,439.9230769231,0,0,0,0,0,0,9,556,13,5719,8192,31,4,20,100634.0,0.0,100634,100634,43142666.0,0.0,43142666,43142666,Benign,Thursday,False,Normal
0,0,22/02/2018 05:04:27,112636126,3,0,0,0,0,0,0.0,0.0,0,0,0.0,0.0,0.0,0.0266344388,56318063.0,67.8822509939,56318111,56318015,112636126,56318063.0,67.8822509939,56318111,56318015,0,0.0,0.0,0,0,0,0,0,0,0,0,0.0266344388,0.0,0,0,0.0,0.0,0.0,0,0,0,0,0,0,0,0,0,0.0,0.0,0.0,0,0,0,0,0,0,3,0,0,0,-1,-1,0,0,0.0,0.0,0,0,56318063.0,67.8822509939,56318111,56318015,Benign,Thursday,False,Normal
53,17,22/02/2018 01:47:40,122776,2,2,74,198,37,37,37.0,0.0,99,99,99.0,0.0,2215.4166938164,32.579657262,40925.3333333333,49487.4607990078,95926,1,26849,26849.0,0.0,26849,26849,1,1.0,0.0,1,1,0,0,0,0,16,16,16.289828631,16.289828631,37,99,61.8,33.9587985653,1153.2,0,0,0,0,0,0,0,0,1,77.25,37.0,99.0,0,0,0,0,0,0,2,74,2,198,-1,-1,1,8,0.0,0.0,0,0,0.0,0.0,0,0,Benign,Thursday,False,Normal
53,17,22/02/2018 04:29:37,326,1,1,36,68,36,36,36.0,0.0,68,68,68.0,0.0,319018.404907975,6134.9693251534,326.0,0.0,326,326,0,0.0,0.0,0,0,0,0.0,0.0,0,0,0,0,0,0,8,8,3067.4846625767,3067.4846625767,36,68,46.6666666667,18.4752086141,341.3333333333,0,0,0,0,0,0,0,0,1,70.0,36.0,68.0,0,0,0,0,0,0,1,36,1,68,-1,-1,0,8,0.0,0.0,0,0,0.0,0.0,0,0,Benign,Thursday,False,Normal
9765,6,22/02/2018 03:08:15,216,2,0,0,0,0,0,0.0,0.0,0,0,0.0,0.0,0.0,9259.2592592593,216.0,0.0,216,216,216,216.0,0.0,216,216,0,0.0,0.0,0,0,0,0,0,0,40,0,9259.2592592593,0.0,0,0,0.0,0.0,0.0,0,0,0,0,1,0,0,0,0,0.0,0.0,0.0,0,0,0,0,0,0,2,0,0,0,257,-1,0,20,0.0,0.0,0,0,0.0,0.0,0,0,Benign,Thursday,False,Normal
53,17,22/02/2018 02:50:37,1201,1,1,41,57,41,41,41.0,0.0,57,57,57.0,0.0,81598.6677768526,1665.2789342215,1201.0,0.0,1201,1201,0,0.0,0.0,0,0,0,0.0,0.0,0,0,0,0,0,0,8,8,832.6394671107,832.6394671107,41,57,46.3333333333,9.237604307,85.3333333333,0,0,0,0,0,0,0,0,1,69.5,41.0,57.0,0,0,0,0,0,0,1,41,1,57,-1,-1,0,8,0.0,0.0,0,0,0.0,0.0,0,0,Benign,Thursday,False,Normal
3389,6,22/02/2018 04:37:18,6040778,12,7,1148,1581,677,0,95.6666666667,195.2189136391,1173,0,225.8571428571,430.0986044197,451.7630013882,3.1452902259,335598.777777778,752759.835516228,3204503,5,6040778,549161.636363636,955588.08580196,3204503,5,5480876,913479.333333333,1288499.58018195,3457422,43691,0,0,0,0,252,152,1.98649909,1.1587911358,0,1173,136.45,292.3279475989,85455.6289473685,0,0,0,1,0,0,0,0,0,143.6315789474,95.6666666667,225.8571428571,0,0,0,0,0,0,12,1148,7,1581,8192,62852,5,20,0.0,0.0,0,0,0.0,0.0,0,0,Benign,Thursday,False,Normal
53,17,22/02/2018 11:33:18,627,1,1,36,104,36,36,36.0,0.0,104,104,104.0,0.0,223285.486443381,3189.7926634769,627.0,0.0,627,627,0,0.0,0.0,0,0,0,0.0,0.0,0,0,0,0,0,0,8,8,1594.8963317384,1594.8963317384,36,104,58.6666666667,39.2598183049,1541.3333333333,0,0,0,0,0,0,0,0,1,88.0,36.0,104.0,0,0,0,0,0,0,1,36,1,104,-1,-1,0,8,0.0,0.0,0,0,0.0,0.0,0,0,Benign,Thursday,False,Normal
53273,6,22/02/2018 04:51:54,43,1,1,0,0,0,0,0.0,0.0,0,0,0.0,0.0,0.0,46511.6279069767,43.0,0.0,43,43,0,0.0,0.0,0,0,0,0.0,0.0,0,0,0,0,0,0,20,20,23255.8139534884,23255.8139534884,0,0,0.0,0.0,0.0,0,0,0,0,1,1,0,0,1,0.0,0.0,0.0,0,0,0,0,0,0,1,0,1,0,1026,257,0,20,0.0,0.0,0,0,0.0,0.0,0,0,Benign,Thursday,False,Normal
3389,6,22/02/2018 12:45:15,1589197,8,7,1148,1581,677,0,143.5,228.129662379,1173,0,225.8571428571,430.0986044197,1717.2194510813,9.4387291192,113514.071428571,245870.235039187,953122,64,1589197,227028.142857143,389899.739670525,1107453,70,1495841,249306.833333333,345566.60237958,953122,95325,0,0,0,0,172,152,5.0339888636,4.4047402556,0,1173,170.5625,319.433241591,102037.595833333,0,0,0,1,0,0,0,0,0,181.9333333333,143.5,225.8571428571,0,0,0,0,0,0,8,1148,7,1581,8192,62852,5,20,0.0,0.0,0,0,0.0,0.0,0,0,Benign,Thursday,False,Normal
3389,6,22/02/2018 12:43:58,4624730,10,7,1148,1581,677,0,114.8,210.0924664153,1173,0,225.8571428571,430.0986044197,590.0885024639,3.6758902682,289045.625,506805.411914129,1953089,3,4624730,513858.888888889,649982.148525336,1953089,3,4406178,734363.0,789851.400070418,2242432,214369,0,0,0,0,212,152,2.1622883931,1.5136018751,0,1173,151.6111111111,305.0826578234,93075.4281045752,0,0,1,1,0,0,0,1,0,160.5294117647,114.8,225.8571428571,0,0,0,0,0,0,10,1148,7,1581,8192,62852,5,20,0.0,0.0,0,0,0.0,0.0,0,0,Benign,Thursday,False,Normal
53,17,22/02/2018 11:05:40,822,1,1,41,73,41,41,41.0,0.0,73,73,73.0,0.0,138686.131386861,2433.0900243309,822.0,0.0,822,822,0,0.0,0.0,0,0,0,0.0,0.0,0,0,0,0,0,0,8,8,1216.5450121655,1216.5450121655,41,73,51.6666666667,18.4752086141,341.3333333333,0,0,0,0,0,0,0,0,1,77.5,41.0,73.0,0,0,0,0,0,0,1,41,1,73,-1,-1,0,8,0.0,0.0,0,0,0.0,0.0,0,0,Benign,Thursday,False,Normal
53,17,22/02/2018 03:49:12,29015,1,1,29,45,29,29,29.0,0.0,45,45,45.0,0.0,2550.4049629502,68.9298638635,29015.0,0.0,29015,29015,0,0.0,0.0,0,0,0,0.0,0.0,0,0,0,0,0,0,8,8,34.4649319318,34.4649319318,29,45,34.3333333333,9.237604307,85.3333333333,0,0,0,0,0,0,0,0,1,51.5,29.0,45.0,0,0,0,0,0,0,1,29,1,45,-1,-1,0,8,0.0,0.0,0,0,0.0,0.0,0,0,Benign,Thursday,False,Normal
445,6,22/02/2018 01:35:53,1418138,6,5,455,338,140,0,75.8333333333,62.9362110924,145,0,67.6,69.7588704037,559.1839440167,7.756649917,141813.8,182962.517008752,357700,3,1418067,283613.4,158555.290937578,357895,3,1418073,354518.25,2228.9715677864,357809,352868,0,0,0,0,128,108,4.2308999547,3.5257499623,0,145,66.0833333333,63.40269328,4019.9015151515,0,0,0,1,0,0,0,0,0,72.0909090909,75.8333333333,67.6,0,0,0,0,0,0,6,455,5,338,8192,0,4,20,0.0,0.0,0,0,0.0,0.0,0,0,Benign,Thursday,False,Normal
53,17,22/02/2018 02:01:11,25271,1,1,30,225,30,30,30.0,0.0,225,225,225.0,0.0,10090.6177040877,79.1420996399,25271.0,0.0,25271,25271,0,0.0,0.0,0,0,0,0.0,0.0,0,0,0,0,0,0,8,8,39.57104982,39.57104982,30,225,95.0,112.583302492,12675.0,0,0,0,0,0,0,0,0,1,142.5,30.0,225.0,0,0,0,0,0,0,1,30,1,225,-1,-1,0,8,0.0,0.0,0,0,0.0,0.0,0,0,Benign,Thursday,False,Normal
53,17,22/02/2018 04:16:08,78325,2,2,84,194,42,42,42.0,0.0,97,97,97.0,0.0,3549.3137567826,51.0692626875,26108.3333333333,25426.7837001327,50795,1,27529,27529.0,0.0,27529,27529,1,1.0,0.0,1,1,0,0,0,0,16,16,25.5346313438,25.5346313438,42,97,64.0,30.1247406628,907.5,0,0,0,0,0,0,0,0,1,80.0,42.0,97.0,0,0,0,0,0,0,2,84,2,194,-1,-1,1,8,0.0,0.0,0,0,0.0,0.0,0,0,Benign,Thursday,False,Normal
3389,6,22/02/2018 09:06:23,4005304,14,8,1440,1731,725,0,102.8571428571,191.1728405006,1179,0,216.375,405.4647906151,791.7002055275,5.4927166577,190728.761904762,275520.501258238,983168,74,4005304,308100.307692308,373988.353121766,1258283,14825,3827928,546846.857142857,408661.587320295,1214113,106952,0,0,0,0,292,172,3.4953651458,1.9973515119,0,1179,137.8695652174,278.9101035276,77790.8458498024,0,0,1,1,0,0,0,1,0,144.1363636364,102.8571428571,216.375,0,0,0,0,0,0,14,1440,8,1731,8192,62645,7,20,0.0,0.0,0,0,0.0,0.0,0,0,Benign,Thursday,False,Normal
443,6,22/02/2018 09:30:38,118087727,13,10,597,3726,197,0,45.9230769231,68.9486059062,1430,0,372.6,571.4770725449,36.6083767537,0.1947704523,5367623.95454546,17235087.1109807,58951525,1,118087727,9840643.91666667,22783262.5170711,58951525,150,117931772,13103530.2222222,25904949.0561956,59107515,1,0,0,0,0,272,212,0.110087647,0.0846828054,0,1430,180.125,397.4573876531,157972.375,0,0,0,1,0,0,0,0,0,187.9565217391,45.9230769231,372.6,0,0,0,0,0,0,13,597,10,3726,8192,176,6,20,350314.0,274849.577420086,544662,155966,58615537.5,475158.07928783,58951525,58279550,Benign,Thursday,False,Normal
40241,6,22/02/2018 09:49:27,3998711,9,12,1731,1439,1179,0,192.3333333333,386.0744746807,725,0,119.9166666667,202.3904679454,792.7554654487,5.2516923579,199935.55,289467.079200723,953156,85,3931451,491431.375,462329.874132541,1078022,85,3893530,353957.272727273,391025.723149025,1213267,17901,0,0,0,0,204,240,2.2507252962,3.0009670616,0,1179,144.0909090909,283.8284037417,80558.5627705628,0,0,1,1,0,0,0,1,1,150.9523809524,192.3333333333,119.9166666667,0,0,0,0,0,0,9,1731,12,1439,8192,256,5,20,0.0,0.0,0,0,0.0,0.0,0,0,Benign,Thursday,False,Normal
0,0,22/02/2018 09:51:02,112635969,3,0,0,0,0,0,0.0,0.0,0,0,0.0,0.0,0.0,0.0266344759,56317984.5,191.6259377016,56318120,56317849,112635969,56317984.5,191.6259377016,56318120,56317849,0,0.0,0.0,0,0,0,0,0,0,0,0,0.0266344759,0.0,0,0,0.0,0.0,0.0,0,0,0,0,0,0,0,0,0,0.0,0.0,0.0,0,0,0,0,0,0,3,0,0,0,-1,-1,0,0,0.0,0.0,0,0,56317984.5,191.6259377016,56318120,56317849,Benign,Thursday,False,Normal
3389,6,22/02/2018 10:26:46,4149199,14,8,1439,1731,725,0,102.7857142857,191.1971107649,1179,0,216.375,405.4647906151,764.0028834481,5.3022282132,197580.904761905,253572.013303303,964710,81,4149199,319169.153846154,322457.569618559,1187316,53292,4030176,575739.428571429,345574.186775603,1032369,156807,0,0,0,0,292,172,3.3741452266,1.9280829866,0,1179,137.8260869565,278.9256421235,77799.5138339921,0,0,1,1,0,0,0,1,0,144.0909090909,102.7857142857,216.375,0,0,0,0,0,0,14,1439,8,1731,8192,62646,7,20,0.0,0.0,0,0,0.0,0.0,0,0,Benign,Thursday,False,Normal
50466,6,22/02/2018 10:39:07,61912,2,0,0,0,0,0,0.0,0.0,0,0,0.0,0.0,0.0,32.3039152345,61912.0,0.0,61912,61912,61912,61912.0,0.0,61912,61912,0,0.0,0.0,0,0,0,0,0,0,52,0,32.3039152345,0.0,0,0,0.0,0.0,0.0,0,0,0,0,1,0,0,0,0,0.0,0.0,0.0,0,0,0,0,0,0,2,0,0,0,117,-1,0,20,0.0,0.0,0,0,0.0,0.0,0,0,Benign,Thursday,False,Normal
50572,6,22/02/2018 10:54:30,1,3,0,77,0,46,0,25.6666666667,23.4591844132,0,0,0.0,0.0,77000000.0,3000000.0,0.5,0.7071067812,1,0,1,0.5,0.7071067812,1,0,0,0.0,0.0,0,0,1,0,0,0,60,0,3000000.0,0.0,0,46,30.75,21.6852484422,470.25,0,1,0,0,1,0,0,0,0,41.0,25.6666666667,0.0,0,0,0,0,0,0,3,77,0,0,128,-1,1,20,0.0,0.0,0,0,0.0,0.0,0,0,Benign,Thursday,False,Normal
445,6,22/02/2018 12:09:01,894510,7,5,364,582,103,0,52.0,49.2172056636,409,0,116.4,167.0353256051,1057.5622407799,13.415165845,81319.0909090909,92668.4196309126,178377,48,894510,149085.0,72781.9870434986,181459,546,716084,179021.0,1806.9168953404,181642,177497,0,0,0,0,152,112,7.8255134096,5.5896524354,0,409,72.7692307692,109.5332170669,11997.5256410256,0,0,0,1,0,0,0,0,0,78.8333333333,52.0,116.4,0,0,0,0,0,0,7,364,5,582,8192,257,4,20,0.0,0.0,0,0,0.0,0.0,0,0,Benign,Thursday,False,Normal
8750,6,22/02/2018 10:38:28,85967160,2,0,0,0,0,0,0.0,0.0,0,0,0.0,0.0,0.0,0.0232646978,85967160.0,0.0,85967160,85967160,85967160,85967160.0,0.0,85967160,85967160,0,0.0,0.0,0,0,0,0,0,0,40,0,0.0232646978,0.0,0,0,0.0,0.0,0.0,0,0,0,0,1,0,0,0,0,0.0,0.0,0.0,0,0,0,0,0,0,2,0,0,0,62566,-1,0,20,0.0,0.0,0,0,85967160.0,0.0,85967160,85967160,Benign,Thursday,False,Normal
3389,6,22/02/2018 01:51:36,1663367,8,7,1148,1581,677,0,143.5,228.129662379,1173,0,225.8571428571,430.0986044197,1640.6481552177,9.0178535465,118811.928571429,245588.008303608,953129,3,1663367,237623.857142857,389440.290181704,1115920,3,1556614,259435.666666667,340543.9266407,953129,107723,0,0,0,0,172,152,4.8095218914,4.208331655,0,1173,170.5625,319.433241591,102037.595833333,0,0,1,1,0,0,0,1,0,181.9333333333,143.5,225.8571428571,0,0,0,0,0,0,8,1148,7,1581,8192,62852,5,20,0.0,0.0,0,0,0.0,0.0,0,0,Benign,Thursday,False,Normal
45175,6,22/02/2018 09:01:37,86587081,2,0,0,0,0,0,0.0,0.0,0,0,0.0,0.0,0.0,0.023098134,86587081.0,0.0,86587081,86587081,86587081,86587081.0,0.0,86587081,86587081,0,0.0,0.0,0,0,0,0,0,0,40,0,0.023098134,0.0,0,0,0.0,0.0,0.0,0,0,0,0,1,0,0,0,0,0.0,0.0,0.0,0,0,0,0,0,0,2,0,0,0,62560,-1,0,20,0.0,0.0,0,0,86587081.0,0.0,86587081,86587081,Benign,Thursday,False,Normal
3575,6,22/02/2018 11:57:48,86347301,2,0,0,0,0,0,0.0,0.0,0,0,0.0,0.0,0.0,0.0231622758,86347301.0,0.0,86347301,86347301,86347301,86347301.0,0.0,86347301,86347301,0,0.0,0.0,0,0,0,0,0,0,40,0,0.0231622758,0.0,0,0,0.0,0.0,0.0,0,0,0,0,1,0,0,0,0,0.0,0.0,0.0,0,0,0,0,0,0,2,0,0,0,62566,-1,0,20,0.0,0.0,0,0,86347301.0,0.0,86347301,86347301,Benign,Thursday,False,Normal
54355,6,22/02/2018 08:26:54,164,2,0,0,0,0,0,0.0,0.0,0,0,0.0,0.0,0.0,12195.1219512195,164.0,0.0,164,164,164,164.0,0.0,164,164,0,0.0,0.0,0,0,0,0,0,0,40,0,12195.1219512195,0.0,0,0,0.0,0.0,0.0,0,0,0,0,1,0,0,0,0,0.0,0.0,0.0,0,0,0,0,0,0,2,0,0,0,255,-1,0,20,0.0,0.0,0,0,0.0,0.0,0,0,Benign,Thursday,False,Normal
61679,6,22/02/2018 04:05:03,41,2,0,0,0,0,0,0.0,0.0,0,0,0.0,0.0,0.0,48780.4878048781,41.0,0.0,41,41,41,41.0,0.0,41,41,0,0.0,0.0,0,0,0,0,0,0,40,0,48780.4878048781,0.0,0,0,0.0,0.0,0.0,0,0,0,0,1,0,0,0,0,0.0,0.0,0.0,0,0,0,0,0,0,2,0,0,0,257,-1,0,20,0.0,0.0,0,0,0.0,0.0,0,0,Benign,Thursday,False,Normal
57625,6,22/02/2018 11:04:53,86062947,2,0,0,0,0,0,0.0,0.0,0,0,0.0,0.0,0.0,0.0232388045,86062947.0,0.0,86062947,86062947,86062947,86062947.0,0.0,86062947,86062947,0,0.0,0.0,0,0,0,0,0,0,40,0,0.0232388045,0.0,0,0,0.0,0.0,0.0,0,0,0,0,1,0,0,0,0,0.0,0.0,0.0,0,0,0,0,0,0,2,0,0,0,62566,-1,0,20,0.0,0.0,0,0,86062947.0,0.0,86062947,86062947,Benign,Thursday,False,Normal
53,17,22/02/2018 10:38:03,268258,2,2,74,262,37,37,37.0,0.0,131,131,131.0,0.0,1252.525553758,14.9110184971,89419.3333333334,101846.697071301,200280,1,67977,67977.0,0.0,67977,67977,1,1.0,0.0,1,1,0,0,0,0,16,16,7.4555092486,7.4555092486,37,131,74.6,51.4859204055,2650.8,0,0,0,0,0,0,0,0,1,93.25,37.0,131.0,0,0,0,0,0,0,2,74,2,262,-1,-1,1,8,0.0,0.0,0,0,0.0,0.0,0,0,Benign,Thursday,False,Normal
32631,6,22/02/2018 11:23:48,86204002,2,0,0,0,0,0,0.0,0.0,0,0,0.0,0.0,0.0,0.023200779,86204002.0,0.0,86204002,86204002,86204002,86204002.0,0.0,86204002,86204002,0,0.0,0.0,0,0,0,0,0,0,40,0,0.023200779,0.0,0,0,0.0,0.0,0.0,0,0,0,0,1,0,0,0,0,0.0,0.0,0.0,0,0,0,0,0,0,2,0,0,0,62545,-1,0,20,0.0,0.0,0,0,86204002.0,0.0,86204002,86204002,Benign,Thursday,False,Normal
50037,6,22/02/2018 09:03:32,3740,3,1,327,0,258,0,109.0,133.5702062587,0,0,0.0,0.0,87433.1550802139,1069.5187165775,1246.6666666667,2138.5336876779,3716,1,3740,1870.0,2643.1651480753,3739,1,0,0.0,0.0,0,0,1,0,0,0,60,20,802.1390374332,267.3796791444,0,258,117.0,131.761147536,17361.0,0,1,0,0,1,0,0,0,0,146.25,109.0,0.0,0,0,0,0,0,0,3,327,1,0,237,0,1,20,0.0,0.0,0,0,0.0,0.0,0,0,Benign,Thursday,False,Normal
3389,6,22/02/2018 09:14:36,1518684,12,6,671,301,187,0,55.9166666667,66.9225581391,197,0,50.1666666667,79.1136313581,640.0278135544,11.8523669177,89334.3529411765,95976.7265206396,273041,80,1518684,138062.181818182,107545.180216333,326646,4553,1219186,243837.2,162409.992300967,429479,55149,0,0,0,0,252,132,7.9015779451,3.9507889726,0,197,51.1578947368,68.0908405962,4636.3625730994,0,0,1,1,0,0,0,1,0,54.0,55.9166666667,50.1666666667,0,0,0,0,0,0,12,671,6,301,8192,63414,6,20,0.0,0.0,0,0,0.0,0.0,0,0,Benign,Thursday,False,Normal
3389,6,22/02/2018 09:34:29,1962846,10,7,670,301,187,0,67.0,68.1599426187,197,0,43.0,74.6681547471,494.6898534067,8.660893417,122677.875,174305.4341367,502560,3,1962846,218094.0,217786.534796116,563003,3,1460226,243371.0,262108.294876755,655909,323,0,0,0,0,212,152,5.0946431865,3.5662502305,0,197,53.9444444444,68.9061358339,4748.0555555556,0,0,1,1,0,0,0,1,0,57.1176470588,67.0,43.0,0,0,0,0,0,0,10,670,7,301,8192,63330,6,20,0.0,0.0,0,0,0.0,0.0,0,0,Benign,Thursday,False,Normal
3389,6,22/02/2018 09:48:12,3989175,13,8,1441,1731,725,0,110.8461538462,196.5501828007,1179,0,216.375,405.4647906151,795.1518797746,5.2642463667,199458.75,287045.743832595,937516,4,3989175,332431.25,399976.072230947,1302161,4,3834134,547733.428571429,441432.352680022,1104946,107430,0,0,0,0,272,172,3.2588191794,2.0054271873,0,1179,144.1818181818,283.7944655931,80539.2987012987,0,0,1,1,0,0,0,1,0,151.0476190476,110.8461538462,216.375,0,0,0,0,0,0,13,1441,8,1731,8192,62559,7,20,0.0,0.0,0,0,0.0,0.0,0,0,Benign,Thursday,False,Normal
443,6,22/02/2018 10:52:39,167,2,0,0,0,0,0,0.0,0.0,0,0,0.0,0.0,0.0,11976.0479041916,167.0,0.0,167,167,167,167.0,0.0,167,167,0,0.0,0.0,0,0,0,0,0,0,40,0,11976.0479041916,0.0,0,0,0.0,0.0,0.0,0,0,0,0,1,0,0,0,0,0.0,0.0,0.0,0,0,0,0,0,0,2,0,0,0,256,-1,0,20,0.0,0.0,0,0,0.0,0.0,0,0,Benign,Thursday,False,Normal
443,6,22/02/2018 10:59:54,337,3,0,77,0,46,0,25.6666666667,23.4591844132,0,0,0.0,0.0,228486.646884273,8902.0771513353,168.5,204.3538597629,313,24,337,168.5,204.3538597629,313,24,0,0.0,0.0,0,0,1,0,0,0,60,0,8902.0771513353,0.0,0,46,30.75,21.6852484422,470.25,0,1,0,0,1,0,0,0,0,41.0,25.6666666667,0.0,0,0,0,0,0,0,3,77,0,0,251,-1,1,20,0.0,0.0,0,0,0.0,0.0,0,0,Benign,Thursday,False,Normal
445,6,22/02/2018 11:33:00,80795,3,1,0,0,0,0,0.0,0.0,0,0,0.0,0.0,0.0,49.5080141098,26931.6666666667,46516.2465847507,80644,64,80795,40397.5,57040.1827179752,80731,64,0,0.0,0.0,0,0,0,0,0,0,72,32,37.1310105823,12.3770035274,0,0,0.0,0.0,0.0,0,0,0,1,0,0,0,0,0,0.0,0.0,0.0,0,0,0,0,0,0,3,0,1,0,8192,8192,0,20,0.0,0.0,0,0,0.0,0.0,0,0,Benign,Thursday,False,Normal
443,6,22/02/2018 11:54:09,118246110,17,17,1188,4989,335,0,69.8823529412,103.2248046456,1460,0,293.4705882353,474.4900048535,52.2385049284,0.287535886,3583215.45454545,14257952.4250768,58951660,0,118246110,7390381.875,20091591.8972784,58951660,32,118168101,7385506.3125,20122866.79591,59029433,0,0,0,0,0,352,352,0.143767943,0.143767943,0,1460,176.4857142857,352.7092930136,124403.845378151,0,0,0,1,0,0,0,0,1,181.6764705882,69.8823529412,293.4705882353,0,0,0,0,0,0,17,1188,17,4989,8192,158,8,20,224453.0,207193.600596157,370961,77945,58859577.0,130225.027464002,58951660,58767494,Benign,Thursday,False,Normal
80,6,22/02/2018 12:21:56,5954727,4,4,97,231,97,0,24.25,48.5,231,0,57.75,115.5,55.0822900865,1.3434704899,850675.285714286,2223498.69730025,5892832,40,61895,20631.6666666667,35484.8333846072,61606,107,5954585,1984861.66666667,3437425.72349925,5954059,226,0,0,0,0,92,92,0.671735245,0.671735245,0,231,36.4444444444,79.6996096463,6352.0277777778,0,0,0,1,0,0,0,0,1,41.0,24.25,57.75,0,0,0,0,0,0,4,97,4,231,8192,141,1,20,0.0,0.0,0,0,0.0,0.0,0,0,Benign,Thursday,False,Normal
80,6,22/02/2018 01:03:44,87,2,0,0,0,0,0,0.0,0.0,0,0,0.0,0.0,0.0,22988.5057471264,87.0,0.0,87,87,87,87.0,0.0,87,87,0,0.0,0.0,0,0,0,0,0,0,40,0,22988.5057471264,0.0,0,0,0.0,0.0,0.0,0,0,0,0,1,0,0,0,0,0.0,0.0,0.0,0,0,0,0,0,0,2,0,0,0,278,-1,0,20,0.0,0.0,0,0,0.0,0.0,0,0,Benign,Thursday,False,Normal
3389,6,22/02/2018 02:25:00,1937264,10,7,673,301,187,0,67.3,68.0392860371,197,0,43.0,74.6681547471,502.7709181609,8.775262432,121079.0,236209.466049945,960929,3,1937264,215251.555555556,296022.872919522,960929,3,1823083,303847.166666667,445682.735902757,1189599,161,0,0,0,0,212,152,5.1619190776,3.6133433543,0,197,54.1111111111,68.8766065374,4743.9869281046,0,0,1,1,0,0,0,1,0,57.2941176471,67.3,43.0,0,0,0,0,0,0,10,673,7,301,8192,63327,6,20,0.0,0.0,0,0,0.0,0.0,0,0,Benign,Thursday,False,Normal
80,6,22/02/2018 02:37:58,5388861,4,4,97,231,97,0,24.25,48.5,231,0,57.75,115.5,60.8662943802,1.4845437654,769837.285714286,2009525.34914473,5326718,62,62143,20714.3333333333,35566.5258541417,61783,145,5388708,1796236.0,3110690.50521279,5388152,201,0,0,0,0,92,92,0.7422718827,0.7422718827,0,231,36.4444444444,79.6996096463,6352.0277777778,0,0,0,1,0,0,0,0,1,41.0,24.25,57.75,0,0,0,0,0,0,4,97,4,231,8192,141,1,20,0.0,0.0,0,0,0.0,0.0,0,0,Benign,Thursday,False,Normal
3389,6,22/02/2018 02:54:31,2111927,10,7,675,301,187,0,67.5,67.9660863143,197,0,43.0,74.6681547471,462.137185613,8.049520651,131995.4375,255540.739338621,950673,3,2111927,234658.555555556,320942.455349129,950673,3,1577097,262849.5,451308.250388025,1180261,204,0,0,0,0,212,152,4.7350121477,3.3145085034,0,197,54.2222222222,68.8609473167,4741.8300653595,0,0,1,1,0,0,0,1,0,57.4117647059,67.5,43.0,0,0,0,0,0,0,10,675,7,301,8192,63325,6,20,0.0,0.0,0,0,0.0,0.0,0,0,Benign,Thursday,False,Normal
59899,6,22/02/2018 08:30:13,87840775,2,0,0,0,0,0,0.0,0.0,0,0,0.0,0.0,0.0,0.0227684694,87840775.0,0.0,87840775,87840775,87840775,87840775.0,0.0,87840775,87840775,0,0.0,0.0,0,0,0,0,0,0,40,0,0.0227684694,0.0,0,0,0.0,0.0,0.0,0,0,0,0,1,0,0,0,0,0.0,0.0,0.0,0,0,0,0,0,0,2,0,0,0,63326,-1,0,20,0.0,0.0,0,0,87840775.0,0.0,87840775,87840775,Benign,Thursday,False,Normal
3389,6,22/02/2018 03:04:58,3092424,9,7,1144,1581,677,0,127.1111111111,218.5088353159,1173,0,225.8571428571,430.0986044197,881.1857623664,5.1739347515,206161.6,316332.923608476,953124,4,3092424,386553.0,424986.89108489,1163109,4,2944322,490720.333333333,513051.40343972,1317070,149285,0,0,0,0,192,152,2.9103382977,2.2635964538,0,1173,160.2941176471,312.0067636899,97348.2205882353,0,0,0,1,0,0,0,0,0,170.3125,127.1111111111,225.8571428571,0,0,0,0,0,0,9,1144,7,1581,8192,62856,5,20,0.0,0.0,0,0,0.0,0.0,0,0,Benign,Thursday,False,Normal
1893,6,22/02/2018 11:27:10,86131328,2,0,0,0,0,0,0.0,0.0,0,0,0.0,0.0,0.0,0.0232203549,86131328.0,0.0,86131328,86131328,86131328,86131328.0,0.0,86131328,86131328,0,0.0,0.0,0,0,0,0,0,0,40,0,0.0232203549,0.0,0,0,0.0,0.0,0.0,0,0,0,0,1,0,0,0,0,0.0,0.0,0.0,0,0,0,0,0,0,2,0,0,0,62558,-1,0,20,0.0,0.0,0,0,86131328.0,0.0,86131328,86131328,Benign,Thursday,False,Normal
445,6,22/02/2018 12:06:22,733185,6,5,455,338,140,0,75.8333333333,62.9362110924,145,0,67.6,69.7588704037,1081.5824109877,15.0030347047,73318.5,94355.1987818725,183259,65,733115,146623.0,81426.1885943337,183339,964,733120,183280.0,437.914755784,183815,182763,0,0,0,0,132,112,8.1834734753,6.8195612294,0,145,66.0833333333,63.40269328,4019.9015151515,0,0,0,1,0,0,0,0,0,72.0909090909,75.8333333333,67.6,0,0,0,0,0,0,6,455,5,338,8192,0,4,20,0.0,0.0,0,0,0.0,0.0,0,0,Benign,Thursday,False,Normal
445,6,22/02/2018 08:32:10,673866,6,5,455,338,140,0,75.8333333333,62.9362110924,145,0,67.6,69.7588704037,1176.791825081,16.3237201461,67386.6,86785.4180406414,169530,51,673788,134757.6,75030.2149890296,169642,550,673815,168453.75,861.8771664222,169638,167572,0,0,0,0,132,112,8.9038473524,7.4198727937,0,145,66.0833333333,63.40269328,4019.9015151515,0,0,0,1,0,0,0,0,0,72.0909090909,75.8333333333,67.6,0,0,0,0,0,0,6,455,5,338,8192,0,4,20,0.0,0.0,0,0,0.0,0.0,0,0,Benign,Thursday,False,Normal
49554,6,22/02/2018 02:47:02,87983181,2,0,0,0,0,0,0.0,0.0,0,0,0.0,0.0,0.0,0.0227316173,87983181.0,0.0,87983181,87983181,87983181,87983181.0,0.0,87983181,87983181,0,0.0,0.0,0,0,0,0,0,0,40,0,0.0227316173,0.0,0,0,0.0,0.0,0.0,0,0,0,0,1,0,0,0,0,0.0,0.0,0.0,0,0,0,0,0,0,2,0,0,0,63326,-1,0,20,0.0,0.0,0,0,87983181.0,0.0,87983181,87983181,Benign,Thursday,False,Normal
10781,6,22/02/2018 11:22:01,86108603,2,0,0,0,0,0,0.0,0.0,0,0,0.0,0.0,0.0,0.023226483,86108603.0,0.0,86108603,86108603,86108603,86108603.0,0.0,86108603,86108603,0,0.0,0.0,0,0,0,0,0,0,40,0,0.023226483,0.0,0,0,0.0,0.0,0.0,0,0,0,0,1,0,0,0,0,0.0,0.0,0.0,0,0,0,0,0,0,2,0,0,0,62558,-1,0,20,0.0,0.0,0,0,86108603.0,0.0,86108603,86108603,Benign,Thursday,False,Normal
3389,6,22/02/2018 01:40:48,2468155,8,7,1148,1581,677,0,143.5,228.129662379,1173,0,225.8571428571,430.0986044197,1105.6842054085,6.0774141008,176296.785714286,247933.220775328,953230,81,2468155,352593.571428571,419842.480315676,1298574,155838,2180296,363382.666666667,297817.473356193,953230,158721,0,0,0,0,168,148,3.2412875204,2.8361265804,0,1173,170.5625,319.433241591,102037.595833333,0,0,0,1,0,0,0,0,0,181.9333333333,143.5,225.8571428571,0,0,0,0,0,0,8,1148,7,1581,8192,62852,5,20,0.0,0.0,0,0,0.0,0.0,0,0,Benign,Thursday,False,Normal
21586,6,22/02/2018 04:31:29,86556511,2,0,0,0,0,0,0.0,0.0,0,0,0.0,0.0,0.0,0.0231062918,86556511.0,0.0,86556511,86556511,86556511,86556511.0,0.0,86556511,86556511,0,0.0,0.0,0,0,0,0,0,0,40,0,0.0231062918,0.0,0,0,0.0,0.0,0.0,0,0,0,0,1,0,0,0,0,0.0,0.0,0.0,0,0,0,0,0,0,2,0,0,0,62560,-1,0,20,0.0,0.0,0,0,86556511.0,0.0,86556511,86556511,Benign,Thursday,False,Normal
49537,6,22/02/2018 01:52:06,33,2,0,0,0,0,0,0.0,0.0,0,0,0.0,0.0,0.0,60606.0606060606,33.0,0.0,33,33,33,33.0,0.0,33,33,0,0.0,0.0,0,0,0,0,0,0,40,0,60606.0606060606,0.0,0,0,0.0,0.0,0.0,0,0,0,0,1,0,0,0,0,0.0,0.0,0.0,0,0,0,0,0,0,2,0,0,0,260,-1,0,20,0.0,0.0,0,0,0.0,0.0,0,0,Benign,Thursday,False,Normal
3389,6,22/02/2018 05:11:36,2203582,8,7,1148,1581,677,0,143.5,228.129662379,1173,0,225.8571428571,430.0986044197,1238.4381429872,6.807098624,157398.714285714,251413.796409098,953198,81,2203582,314797.428571429,455013.561855709,1334812,131,1880649,313441.5,314546.31368417,953198,155324,0,0,0,0,168,148,3.6304525994,3.1766460245,0,1173,170.5625,319.433241591,102037.595833333,0,0,0,1,0,0,0,0,0,181.9333333333,143.5,225.8571428571,0,0,0,0,0,0,8,1148,7,1581,8192,62852,5,20,0.0,0.0,0,0,0.0,0.0,0,0,Benign,Thursday,False,Normal
25735,6,22/02/2018 08:32:30,88362926,2,0,0,0,0,0,0.0,0.0,0,0,0.0,0.0,0.0,0.0226339268,88362926.0,0.0,88362926,88362926,88362926,88362926.0,0.0,88362926,88362926,0,0.0,0.0,0,0,0,0,0,0,40,0,0.0226339268,0.0,0,0,0.0,0.0,0.0,0,0,0,0,1,0,0,0,0,0.0,0.0,0.0,0,0,0,0,0,0,2,0,0,0,63330,-1,0,20,0.0,0.0,0,0,88362926.0,0.0,88362926,88362926,Benign,Thursday,False,Normal
3389,6,22/02/2018 10:18:50,5813900,11,7,1148,1581,677,0,104.3636363636,202.2944748268,1173,0,225.8571428571,430.0986044197,469.3923184093,3.0960284835,341994.117647059,786266.191557914,3228008,3,5813900,581390.0,981837.479164449,3228008,3,5775294,962549.0,1221736.62278512,3356241,34292,0,0,0,0,232,152,1.8920174066,1.2040110769,0,1173,143.6315789474,298.5202785828,89114.3567251462,0,0,1,1,0,0,0,1,0,151.6111111111,104.3636363636,225.8571428571,0,0,0,0,0,0,11,1148,7,1581,8192,62852,5,20,0.0,0.0,0,0,0.0,0.0,0,0,Benign,Thursday,False,Normal
50705,6,22/02/2018 11:16:56,14,1,1,0,0,0,0,0.0,0.0,0,0,0.0,0.0,0.0,142857.142857143,14.0,0.0,14,14,0,0.0,0.0,0,0,0,0.0,0.0,0,0,0,0,0,0,20,20,71428.5714285714,71428.5714285714,0,0,0.0,0.0,0.0,0,0,0,0,1,1,0,0,1,0.0,0.0,0.0,0,0,0,0,0,0,1,0,1,0,127,256,0,20,0.0,0.0,0,0,0.0,0.0,0,0,Benign,Thursday,False,Normal
53,17,22/02/2018 03:48:09,285,1,1,40,56,40,40,40.0,0.0,56,56,56.0,0.0,336842.105263158,7017.5438596491,285.0,0.0,285,285,0,0.0,0.0,0,0,0,0.0,0.0,0,0,0,0,0,0,8,8,3508.7719298246,3508.7719298246,40,56,45.3333333333,9.237604307,85.3333333333,0,0,0,0,0,0,0,0,1,68.0,40.0,56.0,0,0,0,0,0,0,1,40,1,56,-1,-1,0,8,0.0,0.0,0,0,0.0,0.0,0,0,Benign,Thursday,False,Normal
3672,6,22/02/2018 11:10:53,86108882,2,0,0,0,0,0,0.0,0.0,0,0,0.0,0.0,0.0,0.0232264077,86108882.0,0.0,86108882,86108882,86108882,86108882.0,0.0,86108882,86108882,0,0.0,0.0,0,0,0,0,0,0,40,0,0.0232264077,0.0,0,0,0.0,0.0,0.0,0,0,0,0,1,0,0,0,0,0.0,0.0,0.0,0,0,0,0,0,0,2,0,0,0,62562,-1,0,20,0.0,0.0,0,0,86108882.0,0.0,86108882,86108882,Benign,Thursday,False,Normal
15359,6,22/02/2018 09:34:27,86306554,2,0,0,0,0,0,0.0,0.0,0,0,0.0,0.0,0.0,0.0231732112,86306554.0,0.0,86306554,86306554,86306554,86306554.0,0.0,86306554,86306554,0,0.0,0.0,0,0,0,0,0,0,40,0,0.0231732112,0.0,0,0,0.0,0.0,0.0,0,0,0,0,1,0,0,0,0,0.0,0.0,0.0,0,0,0,0,0,0,2,0,0,0,62541,-1,0,20,0.0,0.0,0,0,86306554.0,0.0,86306554,86306554,Benign,Thursday,False,Normal
80,6,22/02/2018 08:38:19,87,2,0,0,0,0,0,0.0,0.0,0,0,0.0,0.0,0.0,22988.5057471264,87.0,0.0,87,87,87,87.0,0.0,87,87,0,0.0,0.0,0,0,0,0,0,0,40,0,22988.5057471264,0.0,0,0,0.0,0.0,0.0,0,0,0,0,1,0,0,0,0,0.0,0.0,0.0,0,0,0,0,0,0,2,0,0,0,278,-1,0,20,0.0,0.0,0,0,0.0,0.0,0,0,Benign,Thursday,False,Normal
80,6,22/02/2018 09:17:01,142,2,0,0,0,0,0,0.0,0.0,0,0,0.0,0.0,0.0,14084.5070422535,142.0,0.0,142,142,142,142.0,0.0,142,142,0,0.0,0.0,0,0,0,0,0,0,40,0,14084.5070422535,0.0,0,0,0.0,0.0,0.0,0,0,0,0,1,0,0,0,0,0.0,0.0,0.0,0,0,0,0,0,0,2,0,0,0,253,-1,0,20,0.0,0.0,0,0,0.0,0.0,0,0,Benign,Thursday,False,Normal
80,6,22/02/2018 09:24:45,92,2,0,0,0,0,0,0.0,0.0,0,0,0.0,0.0,0.0,21739.1304347826,92.0,0.0,92,92,92,92.0,0.0,92,92,0,0.0,0.0,0,0,0,0,0,0,40,0,21739.1304347826,0.0,0,0,0.0,0.0,0.0,0,0,0,0,1,0,0,0,0,0.0,0.0,0.0,0,0,0,0,0,0,2,0,0,0,278,-1,0,20,0.0,0.0,0,0,0.0,0.0,0,0,Benign,Thursday,False,Normal
445,6,22/02/2018 09:49:17,230930,3,1,0,0,0,0,0.0,0.0,0,0,0.0,0.0,0.0,17.3212661846,76976.6666666667,133273.807694285,230868,0,230930,115465.0,163292.168979409,230930,0,0,0.0,0.0,0,0,0,0,0,0,68,28,12.9909496384,4.3303165461,0,0,0.0,0.0,0.0,0,0,0,1,0,0,0,0,0,0.0,0.0,0.0,0,0,0,0,0,0,3,0,1,0,8192,8192,0,20,0.0,0.0,0,0,0.0,0.0,0,0,Benign,Thursday,False,Normal
80,6,22/02/2018 10:37:56,54676341,2,0,0,0,0,0,0.0,0.0,0,0,0.0,0.0,0.0,0.0365788925,54676341.0,0.0,54676341,54676341,54676341,54676341.0,0.0,54676341,54676341,0,0.0,0.0,0,0,0,0,0,0,40,0,0.0365788925,0.0,0,0,0.0,0.0,0.0,0,0,0,0,1,0,0,0,0,0.0,0.0,0.0,0,0,0,0,0,0,2,0,0,0,279,-1,0,20,0.0,0.0,0,0,0.0,0.0,0,0,Benign,Thursday,False,Normal
443,6,22/02/2018 11:18:36,340,3,0,77,0,46,0,25.6666666667,23.4591844132,0,0,0.0,0.0,226470.588235294,8823.5294117647,170.0,207.8893936688,317,23,340,170.0,207.8893936688,317,23,0,0.0,0.0,0,0,1,0,0,0,60,0,8823.5294117647,0.0,0,46,30.75,21.6852484422,470.25,0,1,0,0,1,0,0,0,0,41.0,25.6666666667,0.0,0,0,0,0,0,0,3,77,0,0,258,-1,1,20,0.0,0.0,0,0,0.0,0.0,0,0,Benign,Thursday,False,Normal
443,6,22/02/2018 11:15:49,118303883,16,17,1161,3843,514,0,72.5625,133.696656029,1430,0,226.0588235294,462.6798934723,42.297850866,0.2789426616,3696996.34375,14430805.8194006,58921043,0,118303883,7886925.53333333,20659977.2221842,58921043,31,118147915,7384244.6875,20083273.9473117,59077104,0,0,0,0,0,332,352,0.1352449268,0.1436977348,0,1430,147.1764705882,344.2076074193,118478.877005348,0,0,0,1,0,0,0,0,1,151.6363636364,72.5625,226.0588235294,0,0,0,0,0,0,16,1161,17,3843,8192,180,8,20,367497.5,299166.27251831,579040,155955,58706427.0,303512.857902264,58921043,58491811,Benign,Thursday,False,Normal
443,6,22/02/2018 11:49:58,117671606,14,14,981,5298,350,0,70.0714285714,105.9190287878,1460,0,378.4285714286,594.9202550679,53.3603663062,0.2379503514,4358207.62962963,15631828.3114517,58811903,1,117671606,9051662.0,21986611.7848953,58811903,185,117609581,9046890.84615385,22030750.8196322,58874131,1,0,0,0,0,292,292,0.1189751757,0.1189751757,0,1460,216.5172413793,441.6316840252,195038.544334975,0,0,0,1,0,0,0,0,1,224.25,70.0714285714,378.4285714286,0,0,0,0,0,0,14,981,14,5298,8192,118,7,20,213327.0,213718.781972947,364449,62205,58591448.5,311769.743786179,58811903,58370994,Benign,Thursday,False,Normal
137,17,22/02/2018 12:25:22,1523243,3,0,150,0,50,50,50.0,0.0,0,0,0.0,0.0,98.474110828,1.9694822166,761621.5,5629.2770850261,765602,757641,1523243,761621.5,5629.2770850261,765602,757641,0,0.0,0.0,0,0,0,0,0,0,24,0,1.9694822166,0.0,50,50,50.0,0.0,0.0,0,0,0,0,0,0,0,0,0,66.6666666667,50.0,0.0,0,0,0,0,0,0,3,150,0,0,-1,-1,2,8,0.0,0.0,0,0,0.0,0.0,0,0,Benign,Thursday,False,Normal
443,6,22/02/2018 12:35:01,110225102,18,18,1088,4947,790,0,60.4444444444,188.5911301708,1460,0,274.8333333333,539.4978329565,54.7515936978,0.32660437,3149288.62857143,4708574.74807336,10004410,1,110213869,6483168.76470588,4928526.75012762,10015479,250,110212980,6483116.47058824,4930029.22557309,10015643,1,0,0,0,0,372,492,0.163302185,0.163302185,0,1460,163.1081081081,408.0313021614,166489.543543544,0,0,0,1,0,0,0,0,1,167.6388888889,60.4444444444,274.8333333333,0,0,0,0,0,0,18,1088,18,4947,8192,0,14,20,15208.6363636364,13186.743512124,54968,11170,10004234.0,66.0560368174,10004410,10004167,Benign,Thursday,False,Normal
443,6,22/02/2018 03:04:23,110450812,18,20,343,3434,207,0,19.0555555556,55.4123284459,1460,0,171.7,444.8953868756,34.1962175887,0.3440445508,2985157.08108108,4562195.06013832,10012165,19,110382189,6493069.94117647,4843481.78226237,10077967,7313,110382245,5809591.84210526,5014098.99433792,10080794,25,0,0,0,0,372,404,0.1629684714,0.1810760794,0,1460,96.8461538462,326.1929957025,106401.870445344,0,0,0,1,0,0,0,0,1,99.3947368421,19.0555555556,171.7,0,0,0,0,0,0,18,343,20,3434,8192,64240,12,20,138406.090909091,238116.52311776,856126,48616,9896338.36363636,357359.65752062,10012165,8820081,Benign,Thursday,False,Normal
80,6,22/02/2018 04:19:21,768,3,4,161,488,161,0,53.6666666667,92.9533933395,488,0,122.0,244.0,845052.083333333,9114.5833333333,128.0,96.4924867542,276,1,454,227.0,145.6639969244,330,124,492,164.0,182.3924340536,361,1,0,0,0,0,72,92,3906.25,5208.3333333333,0,488,81.125,173.7875858627,30202.125,0,0,0,1,0,0,0,0,1,92.7142857143,53.6666666667,122.0,0,0,0,0,0,0,3,161,4,488,8192,149,1,20,0.0,0.0,0,0,0.0,0.0,0,0,Benign,Thursday,False,Normal
51714,6,22/02/2018 02:09:57,19,1,1,0,0,0,0,0.0,0.0,0,0,0.0,0.0,0.0,105263.157894737,19.0,0.0,19,19,0,0.0,0.0,0,0,0,0.0,0.0,0,0,0,0,0,0,20,20,52631.5789473684,52631.5789473684,0,0,0.0,0.0,0.0,0,0,0,0,1,1,0,0,1,0.0,0.0,0.0,0,0,0,0,0,0,1,0,1,0,146,253,0,20,0.0,0.0,0,0,0.0,0.0,0,0,Benign,Thursday,False,Normal
53,17,22/02/2018 11:15:49,444,1,1,37,69,37,37,37.0,0.0,69,69,69.0,0.0,238738.738738739,4504.5045045045,444.0,0.0,444,444,0,0.0,0.0,0,0,0,0.0,0.0,0,0,0,0,0,0,8,8,2252.2522522523,2252.2522522523,37,69,47.6666666667,18.4752086141,341.3333333333,0,0,0,0,0,0,0,0,1,71.5,37.0,69.0,0,0,0,0,0,0,1,37,1,69,-1,-1,0,8,0.0,0.0,0,0,0.0,0.0,0,0,Benign,Thursday,False,Normal
50546,6,22/02/2018 11:17:44,24,1,1,0,0,0,0,0.0,0.0,0,0,0.0,0.0,0.0,83333.3333333333,24.0,0.0,24,24,0,0.0,0.0,0,0,0,0.0,0.0,0,0,0,0,0,0,20,20,41666.6666666667,41666.6666666667,0,0,0.0,0.0,0.0,0,0,0,0,1,1,0,0,1,0.0,0.0,0.0,0,0,0,0,0,0,1,0,1,0,946,256,0,20,0.0,0.0,0,0,0.0,0.0,0,0,Benign,Thursday,False,Normal
53,17,22/02/2018 11:51:34,2048,1,1,35,83,35,35,35.0,0.0,83,83,83.0,0.0,57617.1875,976.5625,2048.0,0.0,2048,2048,0,0.0,0.0,0,0,0,0.0,0.0,0,0,0,0,0,0,8,8,488.28125,488.28125,35,83,51.0,27.7128129211,768.0,0,0,0,0,0,0,0,0,1,76.5,35.0,83.0,0,0,0,0,0,0,1,35,1,83,-1,-1,0,8,0.0,0.0,0,0,0.0,0.0,0,0,Benign,Thursday,False,Normal
53,17,22/02/2018 02:14:34,325,1,1,33,97,33,33,33.0,0.0,97,97,97.0,0.0,400000.0,6153.8461538462,325.0,0.0,325,325,0,0.0,0.0,0,0,0,0.0,0.0,0,0,0,0,0,0,8,8,3076.9230769231,3076.9230769231,33,97,54.3333333333,36.9504172281,1365.3333333333,0,0,0,0,0,0,0,0,1,81.5,33.0,97.0,0,0,0,0,0,0,1,33,1,97,-1,-1,0,8,0.0,0.0,0,0,0.0,0.0,0,0,Benign,Thursday,False,Normal
53,17,22/02/2018 08:23:02,11779,1,1,42,98,42,42,42.0,0.0,98,98,98.0,0.0,11885.5590457594,169.7937006537,11779.0,0.0,11779,11779,0,0.0,0.0,0,0,0,0.0,0.0,0,0,0,0,0,0,8,8,84.8968503269,84.8968503269,42,98,60.6666666667,32.3316150746,1045.3333333333,0,0,0,0,0,0,0,0,1,91.0,42.0,98.0,0,0,0,0,0,0,1,42,1,98,-1,-1,0,8,0.0,0.0,0,0,0.0,0.0,0,0,Benign,Thursday,False,Normal
3389,6,22/02/2018 10:24:09,3097625,10,7,1132,1581,661,0,113.2,205.3424240412,1173,0,225.8571428571,430.0986044197,875.832290868,5.4880755417,193601.5625,344813.227330192,1154022,64,3097625,344180.555555556,458710.155567792,1154022,64,2964729,494121.5,520899.286376455,1339840,134202,0,0,0,0,212,152,3.2282797304,2.2597958113,0,1173,150.7222222222,303.4809433993,92100.683006536,0,0,1,1,0,0,0,1,0,159.5882352941,113.2,225.8571428571,0,0,0,0,0,0,10,1132,7,1581,8192,62868,5,20,0.0,0.0,0,0,0.0,0.0,0,0,Benign,Thursday,False,Normal
3389,6,22/02/2018 04:24:42,5069502,11,7,1132,1581,661,0,102.9090909091,197.7723208872,1173,0,225.8571428571,430.0986044197,535.161047377,3.5506446195,298206.0,589341.939213454,2348511,3,5069502,506950.2,744683.664632589,2348511,3,4841449,806908.166666667,942693.978075052,2559454,118613,0,0,0,0,232,152,2.1698383786,1.3808062409,0,1173,142.7894736842,296.9505344044,88179.619883041,0,0,1,1,0,0,0,1,0,150.7222222222,102.9090909091,225.8571428571,0,0,0,0,0,0,11,1132,7,1581,8192,62868,5,20,0.0,0.0,0,0,0.0,0.0,0,0,Benign,Thursday,False,Normal
53,17,22/02/2018 03:16:57,115934,1,1,35,165,35,35,35.0,0.0,165,165,165.0,0.0,1725.1194645229,17.2511946452,115934.0,0.0,115934,115934,0,0.0,0.0,0,0,0,0.0,0.0,0,0,0,0,0,0,8,8,8.6255973226,8.6255973226,35,165,78.3333333333,75.0555349947,5633.3333333333,0,0,0,0,0,0,0,0,1,117.5,35.0,165.0,0,0,0,0,0,0,1,35,1,165,-1,-1,0,8,0.0,0.0,0,0,0.0,0.0,0,0,Benign,Thursday,False,Normal
53,17,22/02/2018 02:49:55,1462,1,1,31,158,31,31,31.0,0.0,158,158,158.0,0.0,129274.965800274,1367.9890560876,1462.0,0.0,1462,1462,0,0.0,0.0,0,0,0,0.0,0.0,0,0,0,0,0,0,8,8,683.9945280438,683.9945280438,31,158,73.3333333333,73.3234841871,5376.3333333333,0,0,0,0,0,0,0,0,1,110.0,31.0,158.0,0,0,0,0,0,0,1,31,1,158,-1,-1,0,8,0.0,0.0,0,0,0.0,0.0,0,0,Benign,Thursday,False,Normal
53,17,22/02/2018 12:29:29,1263,1,1,42,182,42,42,42.0,0.0,182,182,182.0,0.0,177355.50277118,1583.5312747427,1263.0,0.0,1263,1263,0,0.0,0.0,0,0,0,0.0,0.0,0,0,0,0,0,0,8,8,791.7656373713,791.7656373713,42,182,88.6666666667,80.8290376865,6533.3333333333,0,0,0,0,0,0,0,0,1,133.0,42.0,182.0,0,0,0,0,0,0,1,42,1,182,-1,-1,0,8,0.0,0.0,0,0,0.0,0.0,0,0,Benign,Thursday,False,Normal
53,17,22/02/2018 05:18:26,251784,2,2,66,254,33,33,33.0,0.0,127,127,127.0,0.0,1270.9306389604,15.886632987,83928.0,107222.109441104,204719,1,47064,47064.0,0.0,47064,47064,1,1.0,0.0,1,1,0,0,0,0,16,16,7.9433164935,7.9433164935,33,127,70.6,51.4859204055,2650.8,0,0,0,0,0,0,0,0,1,88.25,33.0,127.0,0,0,0,0,0,0,2,66,2,254,-1,-1,1,8,0.0,0.0,0,0,0.0,0.0,0,0,Benign,Thursday,False,Normal
49492,6,22/02/2018 08:22:49,299107,3,0,0,0,0,0,0.0,0.0,0,0,0.0,0.0,0.0,10.0298555366,149553.5,211499.173786802,299106,1,299107,149553.5,211499.173786802,299106,1,0,0.0,0.0,0,0,0,0,0,0,60,0,10.0298555366,0.0,0,0,0.0,0.0,0.0,0,0,0,0,1,1,0,0,0,0.0,0.0,0.0,0,0,0,0,0,0,3,0,0,0,176,-1,0,20,0.0,0.0,0,0,0.0,0.0,0,0,Benign,Thursday,False,Normal
80,6,22/02/2018 09:13:26,105,2,0,0,0,0,0,0.0,0.0,0,0,0.0,0.0,0.0,19047.619047619,105.0,0.0,105,105,105,105.0,0.0,105,105,0,0.0,0.0,0,0,0,0,0,0,40,0,19047.619047619,0.0,0,0,0.0,0.0,0.0,0,0,0,0,1,0,0,0,0,0.0,0.0,0.0,0,0,0,0,0,0,2,0,0,0,255,-1,0,20,0.0,0.0,0,0,0.0,0.0,0,0,Benign,Thursday,False,Normal
445,6,22/02/2018 10:59:10,233234,3,1,0,0,0,0,0.0,0.0,0,0,0.0,0.0,0.0,17.1501582102,77744.6666666667,134576.314157928,233140,1,233234,116617.0,164919.928789701,233233,1,0,0.0,0.0,0,0,0,0,0,0,68,28,12.8626186577,4.2875395526,0,0,0.0,0.0,0.0,0,0,0,1,0,0,0,0,0,0.0,0.0,0.0,0,0,0,0,0,0,3,0,1,0,8192,8192,0,20,0.0,0.0,0,0,0.0,0.0,0,0,Benign,Thursday,False,Normal
51271,6,22/02/2018 12:24:04,275771,2,0,0,0,0,0,0.0,0.0,0,0,0.0,0.0,0.0,7.2523941966,275771.0,0.0,275771,275771,275771,275771.0,0.0,275771,275771,0,0.0,0.0,0,0,0,0,0,0,40,0,7.2523941966,0.0,0,0,0.0,0.0,0.0,0,0,0,0,1,0,0,0,0,0.0,0.0,0.0,0,0,0,0,0,0,2,0,0,0,184,-1,0,20,0.0,0.0,0,0,0.0,0.0,0,0,Benign,Thursday,False,Normal
53119,6,22/02/2018 03:30:44,29917,2,0,0,0,0,0,0.0,0.0,0,0,0.0,0.0,0.0,66.8516228231,29917.0,0.0,29917,29917,29917,29917.0,0.0,29917,29917,0,0.0,0.0,0,0,0,0,0,0,40,0,66.8516228231,0.0,0,0,0.0,0.0,0.0,0,0,0,0,1,0,0,0,0,0.0,0.0,0.0,0,0,0,0,0,0,2,0,0,0,131,-1,0,20,0.0,0.0,0,0,0.0,0.0,0,0,Benign,Thursday,False,Normal
80,6,22/02/2018 04:32:20,70,2,0,0,0,0,0,0.0,0.0,0,0,0.0,0.0,0.0,28571.4285714286,70.0,0.0,70,70,70,70.0,0.0,70,70,0,0.0,0.0,0,0,0,0,0,0,40,0,28571.4285714286,0.0,0,0,0.0,0.0,0.0,0,0,0,0,1,0,0,0,0,0.0,0.0,0.0,0,0,0,0,0,0,2,0,0,0,278,-1,0,20,0.0,0.0,0,0,0.0,0.0,0,0,Benign,Thursday,False,Normal
57031,6,22/02/2018 08:52:46,88069786,2,0,0,0,0,0,0.0,0.0,0,0,0.0,0.0,0.0,0.0227092638,88069786.0,0.0,88069786,88069786,88069786,88069786.0,0.0,88069786,88069786,0,0.0,0.0,0,0,0,0,0,0,40,0,0.0227092638,0.0,0,0,0.0,0.0,0.0,0,0,0,0,1,0,0,0,0,0.0,0.0,0.0,0,0,0,0,0,0,2,0,0,0,63331,-1,0,20,0.0,0.0,0,0,88069786.0,0.0,88069786,88069786,Benign,Thursday,False,Normal
53,17,22/02/2018 01:58:11,19483,1,1,30,94,30,30,30.0,0.0,94,94,94.0,0.0,6364.5229174152,102.6535954422,19483.0,0.0,19483,19483,0,0.0,0.0,0,0,0,0.0,0.0,0,0,0,0,0,0,8,8,51.3267977211,51.3267977211,30,94,51.3333333333,36.9504172281,1365.3333333333,0,0,0,0,0,0,0,0,1,77.0,30.0,94.0,0,0,0,0,0,0,1,30,1,94,-1,-1,0,8,0.0,0.0,0,0,0.0,0.0,0,0,Benign,Thursday,False,Normal
5355,17,22/02/2018 03:39:49,419272,2,0,44,0,22,22,22.0,0.0,0,0,0.0,0.0,104.9438073613,4.7701730619,419272.0,0.0,419272,419272,419272,419272.0,0.0,419272,419272,0,0.0,0.0,0,0,0,0,0,0,16,0,4.7701730619,0.0,22,22,22.0,0.0,0.0,0,0,0,0,0,0,0,0,0,33.0,22.0,0.0,0,0,0,0,0,0,2,44,0,0,-1,-1,1,8,0.0,0.0,0,0,0.0,0.0,0,0,Benign,Thursday,False,Normal
53,17,22/02/2018 08:49:37,78683,2,2,74,198,37,37,37.0,0.0,99,99,99.0,0.0,3456.9093705121,50.8369025075,26227.6666666667,22904.5076204081,42297,1,36385,36385.0,0.0,36385,36385,1,1.0,0.0,1,1,0,0,0,0,16,16,25.4184512538,25.4184512538,37,99,61.8,33.9587985653,1153.2,0,0,0,0,0,0,0,0,1,77.25,37.0,99.0,0,0,0,0,0,0,2,74,2,198,-1,-1,1,8,0.0,0.0,0,0,0.0,0.0,0,0,Benign,Thursday,False,Normal
49606,6,22/02/2018 08:39:16,0,2,0,0,0,0,0,0.0,0.0,0,0,0.0,0.0,788.1881481705,46.3644477415,0.0,0.0,0,0,0,0.0,0.0,0,0,0,0.0,0.0,0,0,0,0,0,0,40,0,0.0,0.0,0,0,0.0,0.0,0.0,0,0,0,0,1,0,0,0,0,0.0,0.0,0.0,0,0,0,0,0,0,2,0,0,0,184,-1,0,20,0.0,0.0,0,0,0.0,0.0,0,0,Benign,Thursday,False,Normal
80,6,22/02/2018 11:32:52,3430,2,0,0,0,0,0,0.0,0.0,0,0,0.0,0.0,0.0,583.0903790087,3430.0,0.0,3430,3430,3430,3430.0,0.0,3430,3430,0,0.0,0.0,0,0,0,0,0,0,40,0,583.0903790087,0.0,0,0,0.0,0.0,0.0,0,0,0,0,1,0,0,0,0,0.0,0.0,0.0,0,0,0,0,0,0,2,0,0,0,278,-1,0,20,0.0,0.0,0,0,0.0,0.0,0,0,Benign,Thursday,False,Normal
443,6,22/02/2018 11:52:11,15578151,10,9,1033,1082,677,0,103.3,213.8494018385,453,0,120.2222222222,192.5316712763,135.7670753095,1.2196569413,865452.833333333,2596941.24872316,9911666,7,15578151,1730905.66666667,3559447.56719874,9911666,18,10095271,1261908.875,3502015.17003586,9928521,23,0,0,0,0,224,192,0.641924706,0.5777322354,0,677,105.75,194.8359296272,37961.0394736842,0,0,0,1,0,0,0,0,0,111.3157894737,103.3,120.2222222222,0,0,0,0,0,0,10,1033,9,1082,8192,10240,5,20,100186.5,117872.579103454,183535,16838,7688880.0,3143494.10745304,9911666,5466094,Benign,Thursday,False,Normal
3389,6,22/02/2018 12:27:49,3956672,14,9,1441,1731,725,0,102.9285714286,191.1489408352,1179,0,192.3333333333,386.0744746807,801.6838393478,5.8129660482,179848.727272727,266338.308421055,961412,62,3956672,304359.384615385,370106.652774922,1279150,8776,3952293,494036.625,381369.487626197,1001716,93764,0,0,0,0,292,192,3.5383271598,2.2746388884,0,1179,132.1666666667,274.213288402,75192.9275362319,0,0,1,1,0,0,0,1,0,137.9130434783,102.9285714286,192.3333333333,0,0,0,0,0,0,14,1441,9,1731,8192,62559,7,20,0.0,0.0,0,0,0.0,0.0,0,0,Benign,Thursday,False,Normal
3389,6,22/02/2018 01:08:15,3958774,14,8,1441,1731,725,0,102.9285714286,191.1489408352,1179,0,216.375,405.4647906151,801.2581673013,5.5572760658,188513.047619048,268038.703460429,953165,56,3958774,304521.076923077,341184.394451754,1162480,21990,3923021,560431.571428572,337481.790611413,953165,204923,0,0,0,0,292,172,3.5364484055,2.0208276603,0,1179,137.9130434783,278.894719961,77782.2648221344,0,0,1,1,0,0,0,1,0,144.1818181818,102.9285714286,216.375,0,0,0,0,0,0,14,1441,8,1731,8192,62644,7,20,0.0,0.0,0,0,0.0,0.0,0,0,Benign,Thursday,False,Normal
80,6,22/02/2018 01:23:03,89,2,0,0,0,0,0,0.0,0.0,0,0,0.0,0.0,0.0,22471.9101123596,89.0,0.0,89,89,89,89.0,0.0,89,89,0,0.0,0.0,0,0,0,0,0,0,40,0,22471.9101123596,0.0,0,0,0.0,0.0,0.0,0,0,0,0,1,0,0,0,0,0.0,0.0,0.0,0,0,0,0,0,0,2,0,0,0,279,-1,0,20,0.0,0.0,0,0,0.0,0.0,0,0,Benign,Thursday,False,Normal
3389,6,22/02/2018 01:34:25,4012782,14,9,1440,1731,725,0,102.8571428571,191.1728405006,1179,0,192.3333333333,386.0744746807,790.2248365349,5.7316844025,182399.181818182,243033.396096609,937548,94,4012782,308675.538461538,337652.206650476,1243642,27610,3988560,498570.0,340461.701754292,1019074,134738,0,0,0,0,292,192,3.4888513754,2.2428330271,0,1179,132.125,274.2273434025,75200.6358695652,0,0,1,1,0,0,0,1,0,137.8695652174,102.8571428571,192.3333333333,0,0,0,0,0,0,14,1440,9,1731,8192,62560,7,20,0.0,0.0,0,0,0.0,0.0,0,0,Benign,Thursday,False,Normal
80,6,22/02/2018 02:16:26,81,2,0,0,0,0,0,0.0,0.0,0,0,0.0,0.0,0.0,24691.3580246914,81.0,0.0,81,81,81,81.0,0.0,81,81,0,0.0,0.0,0,0,0,0,0,0,40,0,24691.3580246914,0.0,0,0,0.0,0.0,0.0,0,0,0,0,1,0,0,0,0,0.0,0.0,0.0,0,0,0,0,0,0,2,0,0,0,278,-1,0,20,0.0,0.0,0,0,0.0,0.0,0,0,Benign,Thursday,False,Normal
443,6,22/02/2018 02:54:26,91150894,18,18,1507,4037,628,0,83.7222222222,191.6239594364,1460,0,224.2777777778,467.7790838011,60.8222229834,0.3949494999,2604311.25714286,4414037.09342744,10004096,1,91150894,5361817.29411765,5080394.82156365,10015607,287,91139250,5361132.35294118,5092971.52802745,10019647,1,0,0,0,0,372,364,0.1974747499,0.1974747499,0,1460,149.8378378378,355.3170347664,126250.195195195,0,0,0,1,0,0,0,0,1,154.0,83.7222222222,224.2777777778,0,0,0,0,0,0,18,1507,18,4037,8192,32656,13,20,36543.5555555556,75056.4248334397,236694,11453,9994869.44444444,27436.7061302514,10004096,9921705,Benign,Thursday,False,Normal
53,17,22/02/2018 05:29:40,88140,2,2,70,164,35,35,35.0,0.0,82,82,82.0,0.0,2654.8672566372,45.3823462673,29380.0,40639.6696221807,75833,394,87746,87746.0,0.0,87746,87746,76227,76227.0,0.0,76227,76227,0,0,0,0,16,16,22.6911731337,22.6911731337,35,82,53.8,25.7429602027,662.7,0,0,0,0,0,0,0,0,1,67.25,35.0,82.0,0,0,0,0,0,0,2,70,2,164,-1,-1,1,8,0.0,0.0,0,0,0.0,0.0,0,0,Benign,Thursday,False,Normal
61393,6,22/02/2018 12:02:06,137,2,0,0,0,0,0,0.0,0.0,0,0,0.0,0.0,0.0,14598.5401459854,137.0,0.0,137,137,137,137.0,0.0,137,137,0,0.0,0.0,0,0,0,0,0,0,40,0,14598.5401459854,0.0,0,0,0.0,0.0,0.0,0,0,0,0,1,0,0,0,0,0.0,0.0,0.0,0,0,0,0,0,0,2,0,0,0,255,-1,0,20,0.0,0.0,0,0,0.0,0.0,0,0,Benign,Thursday,False,Normal
53,17,22/02/2018 03:14:46,1367,1,1,45,111,45,45,45.0,0.0,111,111,111.0,0.0,114118.507681053,1463.0577907827,1367.0,0.0,1367,1367,0,0.0,0.0,0,0,0,0.0,0.0,0,0,0,0,0,0,8,8,731.5288953914,731.5288953914,45,111,67.0,38.1051177665,1452.0,0,0,0,0,0,0,0,0,1,100.5,45.0,111.0,0,0,0,0,0,0,1,45,1,111,-1,-1,0,8,0.0,0.0,0,0,0.0,0.0,0,0,Benign,Thursday,False,Normal
48029,6,22/02/2018 01:08:55,86882864,2,0,0,0,0,0,0.0,0.0,0,0,0.0,0.0,0.0,0.023019499,86882864.0,0.0,86882864,86882864,86882864,86882864.0,0.0,86882864,86882864,0,0.0,0.0,0,0,0,0,0,0,40,0,0.023019499,0.0,0,0,0.0,0.0,0.0,0,0,0,0,1,0,0,0,0,0.0,0.0,0.0,0,0,0,0,0,0,2,0,0,0,64000,-1,0,20,0.0,0.0,0,0,86882864.0,0.0,86882864,86882864,Benign,Thursday,False,Normal
50147,6,22/02/2018 09:32:20,33,1,1,0,0,0,0,0.0,0.0,0,0,0.0,0.0,0.0,60606.0606060606,33.0,0.0,33,33,0,0.0,0.0,0,0,0,0.0,0.0,0,0,0,0,0,0,20,20,30303.0303030303,30303.0303030303,0,0,0.0,0.0,0.0,0,0,0,0,1,1,0,0,1,0.0,0.0,0.0,0,0,0,0,0,0,1,0,1,0,946,253,0,20,0.0,0.0,0,0,0.0,0.0,0,0,Benign,Thursday,False,Normal
53,17,22/02/2018 12:25:59,323659,2,2,66,260,36,30,33.0,4.2426406871,208,52,130.0,110.3086578651,1007.2329210682,12.3586861481,107886.333333333,185200.591501035,321736,255,323404,323404.0,0.0,323404,323404,321991,321991.0,0.0,321991,321991,0,0,0,0,16,16,6.179343074,6.179343074,30,208,71.2,77.0012986903,5929.2,0,0,0,0,0,0,0,0,1,89.0,33.0,130.0,0,0,0,0,0,0,2,66,2,260,-1,-1,1,8,0.0,0.0,0,0,0.0,0.0,0,0,Benign,Thursday,False,Normal
53,17,22/02/2018 03:41:37,752,1,1,41,119,41,41,41.0,0.0,119,119,119.0,0.0,212765.957446808,2659.5744680851,752.0,0.0,752,752,0,0.0,0.0,0,0,0,0.0,0.0,0,0,0,0,0,0,8,8,1329.7872340426,1329.7872340426,41,119,67.0,45.0333209968,2028.0,0,0,0,0,0,0,0,0,1,100.5,41.0,119.0,0,0,0,0,0,0,1,41,1,119,-1,-1,0,8,0.0,0.0,0,0,0.0,0.0,0,0,Benign,Thursday,False,Normal
53,17,22/02/2018 11:45:26,627,1,1,34,69,34,34,34.0,0.0,69,69,69.0,0.0,164274.322169059,3189.7926634769,627.0,0.0,627,627,0,0.0,0.0,0,0,0,0.0,0.0,0,0,0,0,0,0,8,8,1594.8963317384,1594.8963317384,34,69,45.6666666667,20.2072594216,408.3333333333,0,0,0,0,0,0,0,0,1,68.5,34.0,69.0,0,0,0,0,0,0,1,34,1,69,-1,-1,0,8,0.0,0.0,0,0,0.0,0.0,0,0,Benign,Thursday,False,Normal
53,17,22/02/2018 05:02:39,379,1,1,33,49,33,33,33.0,0.0,49,49,49.0,0.0,216358.839050132,5277.0448548813,379.0,0.0,379,379,0,0.0,0.0,0,0,0,0.0,0.0,0,0,0,0,0,0,8,8,2638.5224274406,2638.5224274406,33,49,38.3333333333,9.237604307,85.3333333333,0,0,0,0,0,0,0,0,1,57.5,33.0,49.0,0,0,0,0,0,0,1,33,1,49,-1,-1,0,8,0.0,0.0,0,0,0.0,0.0,0,0,Benign,Thursday,False,Normal
52222,6,22/02/2018 02:36:05,19,1,1,0,0,0,0,0.0,0.0,0,0,0.0,0.0,0.0,105263.157894737,19.0,0.0,19,19,0,0.0,0.0,0,0,0,0.0,0.0,0,0,0,0,0,0,20,20,52631.5789473684,52631.5789473684,0,0,0.0,0.0,0.0,0,0,0,0,1,1,0,0,1,0.0,0.0,0.0,0,0,0,0,0,0,1,0,1,0,172,255,0,20,0.0,0.0,0,0,0.0,0.0,0,0,Benign,Thursday,False,Normal
3389,6,22/02/2018 09:41:34,2325572,10,7,1148,1581,677,0,114.8,210.0924664153,1173,0,225.8571428571,430.0986044197,1173.474740838,7.3100295325,145348.25,256485.960150518,953166,5,2325572,258396.888888889,355236.909735758,1097411,5,2231539,371923.166666667,367780.166699302,953166,89891,0,0,0,0,212,152,4.3000173721,3.0100121604,0,1173,151.6111111111,305.0826578234,93075.4281045752,0,0,1,1,0,0,0,1,0,160.5294117647,114.8,225.8571428571,0,0,0,0,0,0,10,1148,7,1581,8192,62852,5,20,0.0,0.0,0,0,0.0,0.0,0,0,Benign,Thursday,False,Normal
52593,6,22/02/2018 03:16:37,12,1,1,0,0,0,0,0.0,0.0,0,0,0.0,0.0,0.0,166666.666666667,12.0,0.0,12,12,0,0.0,0.0,0,0,0,0.0,0.0,0,0,0,0,0,0,20,20,83333.3333333333,83333.3333333333,0,0,0.0,0.0,0.0,0,0,0,0,1,1,0,0,1,0.0,0.0,0.0,0,0,0,0,0,0,1,0,1,0,306,256,0,20,0.0,0.0,0,0,0.0,0.0,0,0,Benign,Thursday,False,Normal
0,0,22/02/2018 08:52:20,439186,5,0,0,0,0,0,0.0,0.0,0,0,0.0,0.0,0.0,11.384698055,109796.5,215553.671221346,433108,214,439186,109796.5,215553.671221346,433108,214,0,0.0,0.0,0,0,0,0,0,0,0,0,11.384698055,0.0,0,0,0.0,0.0,0.0,0,0,0,0,0,0,0,0,0,0.0,0.0,0.0,0,0,0,0,0,0,5,0,0,0,-1,-1,0,0,0.0,0.0,0,0,0.0,0.0,0,0,Benign,Thursday,False,Normal
443,6,22/02/2018 11:27:19,60332326,14,15,1724,4653,1397,0,123.1428571429,371.402509652,1460,0,310.2,596.9938023129,105.6978973428,0.4806710088,2154725.92857143,4174875.49777371,10008836,1,60332326,4640948.15384615,5178156.49381051,10015523,2227,60320105,4308578.92857143,5129794.45780443,10020390,1,0,0,0,0,292,384,0.2320480732,0.2486229356,0,1460,212.5666666667,494.2064822789,244240.047126437,0,0,0,1,0,0,0,0,1,219.8965517241,123.1428571429,310.2,0,0,0,0,0,0,14,1724,15,4653,8192,130,9,20,20112.5,20953.7568254478,62884,11477,10004728.0,2014.2670130844,10008836,10003792,Benign,Thursday,False,Normal
80,6,22/02/2018 02:24:51,17316,1,1,0,0,0,0,0.0,0.0,0,0,0.0,0.0,0.0,115.5001155001,17316.0,0.0,17316,17316,0,0.0,0.0,0,0,0,0.0,0.0,0,0,0,0,0,0,20,20,57.7500577501,57.7500577501,0,0,0.0,0.0,0.0,0,0,0,0,1,1,0,0,1,0.0,0.0,0.0,0,0,0,0,0,0,1,0,1,0,256,4837,0,20,0.0,0.0,0,0,0.0,0.0,0,0,Benign,Thursday,False,Normal
443,6,22/02/2018 02:22:50,117068362,22,33,886,32641,291,0,40.2727272727,79.485956722,1460,0,989.1212121212,643.3614729283,286.3882216102,0.469810964,2167932.62962963,11095360.4464767,58402202,0,117068362,5574683.90476191,17501224.9320415,58402202,229,116991667,3655989.59375,14331998.562911,58470272,0,0,0,0,0,452,672,0.1879243856,0.2818865784,0,1460,598.6964285714,682.6022113179,465945.778896104,0,0,0,1,0,0,0,0,1,609.5818181818,40.2727272727,989.1212121212,0,0,0,0,0,0,22,886,33,32641,8192,32,7,20,278888.0,287146.16434492,481931,75845,58216567.0,262527.534651129,58402202,58030932,Benign,Thursday,False,Normal
80,6,22/02/2018 04:43:13,189,2,0,0,0,0,0,0.0,0.0,0,0,0.0,0.0,0.0,10582.0105820106,189.0,0.0,189,189,189,189.0,0.0,189,189,0,0.0,0.0,0,0,0,0,0,0,40,0,10582.0105820106,0.0,0,0,0.0,0.0,0.0,0,0,0,0,1,0,0,0,0,0.0,0.0,0.0,0,0,0,0,0,0,2,0,0,0,253,-1,0,20,0.0,0.0,0,0,0.0,0.0,0,0,Benign,Thursday,False,Normal
50080,6,22/02/2018 11:20:20,8,1,1,0,0,0,0,0.0,0.0,0,0,0.0,0.0,0.0,250000.0,8.0,0.0,8,8,0,0.0,0.0,0,0,0,0.0,0.0,0,0,0,0,0,0,20,20,125000.0,125000.0,0,0,0.0,0.0,0.0,0,0,0,0,1,1,0,0,1,0.0,0.0,0.0,0,0,0,0,0,0,1,0,1,0,294,256,0,20,0.0,0.0,0,0,0.0,0.0,0,0,Benign,Thursday,False,Normal
53,17,22/02/2018 01:19:57,134644,2,2,62,292,31,31,31.0,0.0,146,146,146.0,0.0,2629.1554023945,29.7079706485,44881.3333333333,75669.2784512535,132252,412,134232,134232.0,0.0,134232,134232,132664,132664.0,0.0,132664,132664,0,0,0,0,16,16,14.8539853243,14.8539853243,31,146,77.0,62.9880941131,3967.5,0,0,0,0,0,0,0,0,1,96.25,31.0,146.0,0,0,0,0,0,0,2,62,2,292,-1,-1,1,8,0.0,0.0,0,0,0.0,0.0,0,0,Benign,Thursday,False,Normal
3389,6,22/02/2018 04:04:17,2164532,8,7,1148,1581,677,0,143.5,228.129662379,1173,0,225.8571428571,430.0986044197,1260.7806213999,6.9299044782,154609.428571429,243586.408075629,937536,70,2164532,309218.857142857,397417.859186201,1195477,70,1971820,328636.666666667,299393.428444024,937536,192797,0,0,0,0,172,152,3.695949055,3.2339554232,0,1173,170.5625,319.433241591,102037.595833333,0,0,1,1,0,0,0,1,0,181.9333333333,143.5,225.8571428571,0,0,0,0,0,0,8,1148,7,1581,8192,62852,5,20,0.0,0.0,0,0,0.0,0.0,0,0,Benign,Thursday,False,Normal
53,17,22/02/2018 02:13:50,37039,2,2,102,294,51,51,51.0,0.0,147,147,147.0,0.0,10691.4333540322,107.9942763034,12346.3333333333,20767.9746083563,36327,289,36616,36616.0,0.0,36616,36616,36750,36750.0,0.0,36750,36750,0,0,0,0,16,16,53.9971381517,53.9971381517,51,147,89.4,52.5813655205,2764.8,0,0,0,0,0,0,0,0,1,111.75,51.0,147.0,0,0,0,0,0,0,2,102,2,294,-1,-1,1,8,0.0,0.0,0,0,0.0,0.0,0,0,Benign,Thursday,False,Normal
53,17,22/02/2018 03:21:20,431,1,1,63,79,63,63,63.0,0.0,79,79,79.0,0.0,329466.357308585,4640.3712296984,431.0,0.0,431,431,0,0.0,0.0,0,0,0,0.0,0.0,0,0,0,0,0,0,8,8,2320.1856148492,2320.1856148492,63,79,68.3333333333,9.237604307,85.3333333333,0,0,0,0,0,0,0,0,1,102.5,63.0,79.0,0,0,0,0,0,0,1,63,1,79,-1,-1,0,8,0.0,0.0,0,0,0.0,0.0,0,0,Benign,Thursday,False,Normal
445,6,22/02/2018 08:37:27,305143,2,0,1,0,1,0,0.5,0.7071067812,0,0,0.0,0.0,3.2771520238,6.5543040476,305143.0,0.0,305143,305143,305143,305143.0,0.0,305143,305143,0,0.0,0.0,0,0,0,0,0,0,52,0,6.5543040476,0.0,0,1,0.6666666667,0.5773502692,0.3333333333,0,0,0,0,1,0,0,0,0,1.0,0.5,0.0,0,0,0,0,0,0,2,1,0,0,251,-1,0,20,0.0,0.0,0,0,0.0,0.0,0,0,Benign,Thursday,False,Normal
3389,6,22/02/2018 10:28:54,1869467,10,7,672,301,187,0,67.2,68.0780597713,197,0,43.0,74.6681547471,520.4692032542,9.0935009818,116841.6875,217658.032556491,857360,4,1869467,207718.555555556,286345.308825337,919827,4,1012023,168670.5,201099.233738719,568799,56,0,0,0,0,212,152,5.3491182246,3.7443827572,0,197,54.0555555556,68.8856445578,4745.2320261438,0,0,1,1,0,0,0,1,0,57.2352941176,67.2,43.0,0,0,0,0,0,0,10,672,7,301,8192,63328,6,20,0.0,0.0,0,0,0.0,0.0,0,0,Benign,Thursday,False,Normal
80,6,22/02/2018 11:20:35,5678751,4,4,97,231,97,0,24.25,48.5,231,0,57.75,115.5,57.7591797915,1.4087604827,811250.142857143,2119097.35486609,5616632,39,62119,20706.3333333333,35612.4237357321,61828,112,5678611,1892870.33333333,3278074.73962848,5678065,260,0,0,0,0,92,92,0.7043802414,0.7043802414,0,231,36.4444444444,79.6996096463,6352.0277777778,0,0,0,1,0,0,0,0,1,41.0,24.25,57.75,0,0,0,0,0,0,4,97,4,231,8192,141,1,20,0.0,0.0,0,0,0.0,0.0,0,0,Benign,Thursday,False,Normal
51713,6,22/02/2018 03:25:46,50,2,0,0,0,0,0,0.0,0.0,0,0,0.0,0.0,0.0,40000.0,50.0,0.0,50,50,50,50.0,0.0,50,50,0,0.0,0.0,0,0,0,0,0,0,40,0,40000.0,0.0,0,0,0.0,0.0,0.0,0,0,0,0,1,0,0,0,0,0.0,0.0,0.0,0,0,0,0,0,0,2,0,0,0,127,-1,0,20,0.0,0.0,0,0,0.0,0.0,0,0,Benign,Thursday,False,Normal
80,6,22/02/2018 04:12:38,75,2,0,0,0,0,0,0.0,0.0,0,0,0.0,0.0,0.0,26666.6666666667,75.0,0.0,75,75,75,75.0,0.0,75,75,0,0.0,0.0,0,0,0,0,0,0,40,0,26666.6666666667,0.0,0,0,0.0,0.0,0.0,0,0,0,0,1,0,0,0,0,0.0,0.0,0.0,0,0,0,0,0,0,2,0,0,0,278,-1,0,20,0.0,0.0,0,0,0.0,0.0,0,0,Benign,Thursday,False,Normal
53,17,22/02/2018 08:22:45,12757,1,1,39,117,39,39,39.0,0.0,117,117,117.0,0.0,12228.5803872384,156.7766716313,12757.0,0.0,12757,12757,0,0.0,0.0,0,0,0,0.0,0.0,0,0,0,0,0,0,8,8,78.3883358156,78.3883358156,39,117,65.0,45.0333209968,2028.0,0,0,0,0,0,0,0,0,1,97.5,39.0,117.0,0,0,0,0,0,0,1,39,1,117,-1,-1,0,8,0.0,0.0,0,0,0.0,0.0,0,0,Benign,Thursday,False,Normal
80,6,22/02/2018 05:27:45,54890561,2,0,0,0,0,0,0.0,0.0,0,0,0.0,0.0,0.0,0.036436137,54890561.0,0.0,54890561,54890561,54890561,54890561.0,0.0,54890561,54890561,0,0.0,0.0,0,0,0,0,0,0,40,0,0.036436137,0.0,0,0,0.0,0.0,0.0,0,0,0,0,1,0,0,0,0,0.0,0.0,0.0,0,0,0,0,0,0,2,0,0,0,279,-1,0,20,0.0,0.0,0,0,0.0,0.0,0,0,Benign,Thursday,False,Normal
40256,6,22/02/2018 05:00:27,86230900,2,0,0,0,0,0,0.0,0.0,0,0,0.0,0.0,0.0,0.023193542,86230900.0,0.0,86230900,86230900,86230900,86230900.0,0.0,86230900,86230900,0,0.0,0.0,0,0,0,0,0,0,40,0,0.023193542,0.0,0,0,0.0,0.0,0.0,0,0,0,0,1,0,0,0,0,0.0,0.0,0.0,0,0,0,0,0,0,2,0,0,0,64000,-1,0,20,0.0,0.0,0,0,86230900.0,0.0,86230900,86230900,Benign,Thursday,False,Normal
53,17,22/02/2018 08:28:08,12614,1,1,33,120,33,33,33.0,0.0,120,120,120.0,0.0,12129.3800539084,158.5539876328,12614.0,0.0,12614,12614,0,0.0,0.0,0,0,0,0.0,0.0,0,0,0,0,0,0,8,8,79.2769938164,79.2769938164,33,120,62.0,50.2294734195,2523.0,0,0,0,0,0,0,0,0,1,93.0,33.0,120.0,0,0,0,0,0,0,1,33,1,120,-1,-1,0,8,0.0,0.0,0,0,0.0,0.0,0,0,Benign,Thursday,False,Normal
49790,6,22/02/2018 09:10:27,30,1,1,0,0,0,0,0.0,0.0,0,0,0.0,0.0,0.0,66666.6666666667,30.0,0.0,30,30,0,0.0,0.0,0,0,0,0.0,0.0,0,0,0,0,0,0,20,20,33333.3333333333,33333.3333333333,0,0,0.0,0.0,0.0,0,0,0,0,1,1,0,0,1,0.0,0.0,0.0,0,0,0,0,0,0,1,0,1,0,142,253,0,20,0.0,0.0,0,0,0.0,0.0,0,0,Benign,Thursday,False,Normal
443,6,22/02/2018 04:46:45,948,1,1,0,0,0,0,0.0,0.0,0,0,0.0,0.0,0.0,2109.7046413502,948.0,0.0,948,948,0,0.0,0.0,0,0,0,0.0,0.0,0,0,0,0,0,0,20,20,1054.8523206751,1054.8523206751,0,0,0.0,0.0,0.0,1,0,0,0,1,0,0,0,1,0.0,0.0,0.0,0,0,0,0,0,0,1,0,1,0,0,292,0,20,0.0,0.0,0,0,0.0,0.0,0,0,Benign,Thursday,False,Normal
3389,6,22/02/2018 08:46:06,1594360,8,7,1148,1581,677,0,143.5,228.129662379,1173,0,225.8571428571,430.0986044197,1711.6585965529,9.4081637773,113882.857142857,247375.843715546,958527,3,1594360,227765.714285714,391297.986049726,1111350,3,1490279,248379.833333333,348375.118334485,958527,93781,0,0,0,0,172,152,5.0176873479,4.3904764294,0,1173,170.5625,319.433241591,102037.595833333,0,0,0,1,0,0,0,0,0,181.9333333333,143.5,225.8571428571,0,0,0,0,0,0,8,1148,7,1581,8192,62852,5,20,0.0,0.0,0,0,0.0,0.0,0,0,Benign,Thursday,False,Normal
53,17,22/02/2018 08:23:39,645,1,1,36,68,36,36,36.0,0.0,68,68,68.0,0.0,161240.310077519,3100.7751937985,645.0,0.0,645,645,0,0.0,0.0,0,0,0,0.0,0.0,0,0,0,0,0,0,8,8,1550.3875968992,1550.3875968992,36,68,46.6666666667,18.4752086141,341.3333333333,0,0,0,0,0,0,0,0,1,70.0,36.0,68.0,0,0,0,0,0,0,1,36,1,68,-1,-1,0,8,0.0,0.0,0,0,0.0,0.0,0,0,Benign,Thursday,False,Normal
443,6,22/02/2018 09:48:15,532673,10,7,512,4472,194,0,51.2,80.7379850022,1430,0,638.8571428571,695.6206889226,9356.5846213343,31.9145141578,33292.0625,93544.8253109839,377077,10,532673,59185.8888888889,121271.782679901,377077,21,144100,24016.6666666667,49360.6570202086,124269,14,0,0,0,0,212,152,18.7732436223,13.1412705356,0,1430,276.8888888889,512.5005467875,262656.810457516,0,0,0,1,0,0,0,0,0,293.1764705882,51.2,638.8571428571,0,0,0,0,0,0,10,512,7,4472,8192,172,4,20,0.0,0.0,0,0,0.0,0.0,0,0,Benign,Thursday,False,Normal
80,6,22/02/2018 10:22:39,54481956,2,0,0,0,0,0,0.0,0.0,0,0,0.0,0.0,0.0,0.0367094015,54481956.0,0.0,54481956,54481956,54481956,54481956.0,0.0,54481956,54481956,0,0.0,0.0,0,0,0,0,0,0,40,0,0.0367094015,0.0,0,0,0.0,0.0,0.0,0,0,0,0,1,0,0,0,0,0.0,0.0,0.0,0,0,0,0,0,0,2,0,0,0,279,-1,0,20,0.0,0.0,0,0,0.0,0.0,0,0,Benign,Thursday,False,Normal
34485,6,22/02/2018 10:32:07,3980896,9,13,1731,1441,1179,0,192.3333333333,386.0744746807,725,0,110.8461538462,196.5501828007,796.8055432747,5.526394058,189566.476190476,276130.385716534,953163,4,3949672,493709.0,398188.466970819,1065896,67,3875544,322962.0,364443.412146897,1175989,4,0,0,0,0,204,260,2.2607975692,3.2655964888,0,1179,137.9130434783,278.894719961,77782.2648221344,0,0,1,1,0,0,0,1,1,144.1818181818,192.3333333333,110.8461538462,0,0,0,0,0,0,9,1731,13,1441,8192,256,5,20,0.0,0.0,0,0,0.0,0.0,0,0,Benign,Thursday,False,Normal
3389,6,22/02/2018 10:35:34,3966974,14,8,1441,1731,725,0,102.9285714286,191.1489408352,1179,0,216.375,405.4647906151,799.6019131963,5.5457888053,188903.523809524,259306.458672864,953587,3,3966974,305151.846153846,350806.997738273,1245713,3,3937666,562523.714285714,369905.140740035,993629,106924,0,0,0,0,292,172,3.5291383306,2.0166504746,0,1179,137.9130434783,278.894719961,77782.2648221344,0,0,1,1,0,0,0,1,0,144.1818181818,102.9285714286,216.375,0,0,0,0,0,0,14,1441,8,1731,8192,62559,7,20,0.0,0.0,0,0,0.0,0.0,0,0,Benign,Thursday,False,Normal
80,6,22/02/2018 10:58:40,53484552,2,0,0,0,0,0,0.0,0.0,0,0,0.0,0.0,0.0,0.037393975,53484552.0,0.0,53484552,53484552,53484552,53484552.0,0.0,53484552,53484552,0,0.0,0.0,0,0,0,0,0,0,40,0,0.037393975,0.0,0,0,0.0,0.0,0.0,0,0,0,0,1,0,0,0,0,0.0,0.0,0.0,0,0,0,0,0,0,2,0,0,0,279,-1,0,20,0.0,0.0,0,0,0.0,0.0,0,0,Benign,Thursday,False,Normal
443,6,22/02/2018 11:38:25,50647934,7,7,6,31,1,0,0.8571428571,0.377964473,31,0,4.4285714286,11.7168986633,0.7305332533,0.2764179878,3895994.92307692,5029683.53581595,10015003,161,50647934,8441322.33333333,3863160.12279453,10030904,555690,50636225,8439370.83333333,3867950.9778446,10026550,543954,0,0,0,0,140,212,0.1382089939,0.1382089939,0,31,2.5333333333,7.8909230554,62.2666666667,0,0,0,0,1,0,0,0,1,2.7142857143,0.8571428571,4.4285714286,0,0,0,0,0,0,7,6,7,31,251,765,5,20,12452.8,1928.1129894278,15901,11547,10005996.0,5035.411403252,10015003,10003663,Benign,Thursday,False,Normal
3389,6,22/02/2018 11:42:47,4189701,14,8,1442,1731,725,0,103.0,191.1254119078,1179,0,216.375,405.4647906151,757.3332798689,5.25097137,199509.571428571,280356.20372975,953141,61,4189701,322284.692307692,359945.578499117,1196748,6682,4070108,581444.0,383289.008471849,999925,119724,0,0,0,0,292,172,3.3415272355,1.9094441346,0,1179,137.9565217391,278.8794914492,77773.7707509882,0,0,1,1,0,0,0,1,0,144.2272727273,103.0,216.375,0,0,0,0,0,0,14,1442,8,1731,8192,62643,7,20,0.0,0.0,0,0,0.0,0.0,0,0,Benign,Thursday,False,Normal
80,6,22/02/2018 01:31:07,110560837,15,14,665,471,654,0,44.3333333333,168.6597024725,471,0,33.6428571429,125.8800449408,10.274886034,0.2622990273,3948601.32142857,4950593.9679641,10001717,31,110550004,7896428.85714286,4184009.94510527,10013661,10774,110550094,8503853.38461539,3688202.09190231,10041321,2601,0,0,0,0,312,424,0.1356719107,0.1266271166,0,654,37.8666666667,144.6221553431,20915.567816092,0,0,0,1,0,0,0,0,0,39.1724137931,44.3333333333,33.6428571429,0,0,0,0,0,0,15,665,14,471,8192,60,12,20,58565.3636363636,157146.034414663,532373,10806,9991435.0,30401.8711858334,10001717,9899786,Benign,Thursday,False,Normal
443,6,22/02/2018 01:41:48,116058892,20,18,1812,5193,1205,0,90.6,276.0666204875,1400,0,288.5,546.3955957535,60.3572882636,0.3274199792,3136726.81081081,4619737.37597855,10003861,11,116058892,6108362.73684211,4864135.60055684,10015376,40,110245980,6485057.64705882,4913548.63356837,10015524,13,0,0,0,0,424,504,0.1723263048,0.1550936743,0,1400,179.6153846154,426.9692220748,182302.71659919,0,0,0,1,0,0,0,0,0,184.3421052632,90.6,288.5,0,0,0,0,0,0,20,1812,18,5193,8192,14460,15,20,26977.0833333333,53443.8900827236,196684,11402,9644593.91666667,1210646.45553225,10003861,5801532,Benign,Thursday,False,Normal
80,6,22/02/2018 01:51:36,6266983,4,4,97,231,97,0,24.25,48.5,231,0,57.75,115.5,52.3377835874,1.276531307,895283.285714286,2341402.21398316,6204832,41,62151,20717.0,35559.0213026174,61777,151,6266801,2088933.66666667,3617652.53841912,6266239,228,0,0,0,0,92,92,0.6382656535,0.6382656535,0,231,36.4444444444,79.6996096463,6352.0277777778,0,0,0,1,0,0,0,0,1,41.0,24.25,57.75,0,0,0,0,0,0,4,97,4,231,8192,141,1,20,0.0,0.0,0,0,0.0,0.0,0,0,Benign,Thursday,False,Normal
53,17,22/02/2018 01:31:49,20700,1,1,33,61,33,33,33.0,0.0,61,61,61.0,0.0,4541.0628019324,96.6183574879,20700.0,0.0,20700,20700,0,0.0,0.0,0,0,0,0.0,0.0,0,0,0,0,0,0,8,8,48.309178744,48.309178744,33,61,42.3333333333,16.1658075373,261.3333333333,0,0,0,0,0,0,0,0,1,63.5,33.0,61.0,0,0,0,0,0,0,1,33,1,61,-1,-1,0,8,0.0,0.0,0,0,0.0,0.0,0,0,Benign,Thursday,False,Normal
52589,6,22/02/2018 02:03:28,7932,3,1,97,0,66,0,32.3333333333,33.0201958403,0,0,0.0,0.0,12228.9460413515,504.2864346949,2644.0,4538.8391687743,7885,23,7932,3966.0,5574.8298628747,7908,24,0,0.0,0.0,0,0,1,0,0,0,60,20,378.2148260212,126.0716086737,0,66,32.6,33.0121189868,1089.8,0,1,0,0,1,0,0,0,0,40.75,32.3333333333,0.0,0,0,0,0,0,0,3,97,1,0,62,0,1,20,0.0,0.0,0,0,0.0,0.0,0,0,Benign,Thursday,False,Normal
0,0,22/02/2018 02:15:32,115796948,24,0,0,0,0,0,0.0,0.0,0,0,0.0,0.0,0.0,0.2072593485,5034649.91304348,49051.2231734368,5173699,4994061,115796948,5034649.91304348,49051.2231734368,5173699,4994061,0,0.0,0.0,0,0,0,0,0,0,0,0,0.2072593485,0.0,0,0,0.0,0.0,0.0,0,0,0,0,0,0,0,0,0,0.0,0.0,0.0,0,0,0,0,0,0,24,0,0,0,-1,-1,0,0,6248135.25,2500350.68723014,9998659,4994061,5044689.27777778,51198.508639591,5173699,5000348,Benign,Thursday,False,Normal
443,6,22/02/2018 04:00:31,60191054,14,14,684,5770,361,0,48.8571428571,107.2910184375,1460,0,412.1428571429,603.5852953736,107.2252364944,0.4651854078,2229298.2962963,4232466.53875153,10088957,15,60191054,4630081.07692308,5183615.67338257,10100703,688,60179239,4629172.23076923,5195223.83939039,10100658,25,0,0,0,0,292,284,0.2325927039,0.2325927039,0,1460,222.5517241379,457.5118723055,209317.113300493,0,0,0,1,0,0,0,0,1,230.5,48.8571428571,412.1428571429,0,0,0,0,0,0,14,684,14,5770,8192,31088,8,20,33169.6666666667,52329.7185762227,139987,11701,9998644.5,140364.608078746,10088957,9725790,Benign,Thursday,False,Normal
443,6,22/02/2018 04:13:52,61199291,13,11,830,5132,284,0,63.8461538462,94.8971778241,1460,0,466.5454545455,638.4852956234,97.4194292545,0.3921614059,2660838.73913043,12251992.6230829,58834330,2,61199291,5099940.91666667,16930855.2586723,58834330,207,61131507,6113150.7,18582781.7987377,58967932,2,0,0,0,0,272,232,0.2124207615,0.1797406444,0,1460,238.48,465.9303524491,217091.093333333,0,0,0,1,0,0,0,0,0,248.4166666667,63.8461538462,466.5454545455,0,0,0,0,0,0,13,830,11,5132,8192,32,6,20,2297122.0,0.0,2297122,2297122,58834330.0,0.0,58834330,58834330,Benign,Thursday,False,Normal
53,17,22/02/2018 09:23:56,669,1,1,49,110,49,49,49.0,0.0,110,110,110.0,0.0,237668.161434978,2989.5366218236,669.0,0.0,669,669,0,0.0,0.0,0,0,0,0.0,0.0,0,0,0,0,0,0,8,8,1494.7683109118,1494.7683109118,49,110,69.3333333333,35.2183664206,1240.3333333333,0,0,0,0,0,0,0,0,1,104.0,49.0,110.0,0,0,0,0,0,0,1,49,1,110,-1,-1,0,8,0.0,0.0,0,0,0.0,0.0,0,0,Benign,Thursday,False,Normal
3389,6,22/02/2018 12:04:23,4200955,9,8,1148,1581,677,0,127.5555555556,218.6910555505,1173,0,197.625,406.1217050168,649.6141948676,4.0466989054,262559.6875,746677.121684665,2906501,86,4200955,525119.375,1027248.14067237,2906587,104,4155019,593574.142857143,1127071.81267365,3013731,23661,0,0,0,0,196,176,2.1423700087,1.9043288966,0,1173,151.6111111111,305.0826578234,93075.4281045752,0,0,0,1,0,0,0,0,0,160.5294117647,127.5555555556,197.625,0,0,0,0,0,0,9,1148,8,1581,8192,62852,5,20,0.0,0.0,0,0,0.0,0.0,0,0,Benign,Thursday,False,Normal
0,0,22/02/2018 01:52:31,6125650,51,0,0,0,0,0,0.0,0.0,0,0,0.0,0.0,0.0,8.3256470742,122513.0,587530.513333077,4151633,48,6125650,122513.0,587530.513333077,4151633,48,0,0.0,0.0,0,0,0,0,0,0,0,0,8.3256470742,0.0,0,0,0.0,0.0,0.0,0,0,0,0,0,0,0,0,0,0.0,0.0,0.0,0,0,0,0,0,0,51,0,0,0,-1,-1,0,0,0.0,0.0,0,0,0.0,0.0,0,0,Benign,Thursday,False,Normal
27472,6,22/02/2018 10:35:38,86154175,2,0,0,0,0,0,0.0,0.0,0,0,0.0,0.0,0.0,0.0232141971,86154175.0,0.0,86154175,86154175,86154175,86154175.0,0.0,86154175,86154175,0,0.0,0.0,0,0,0,0,0,0,40,0,0.0232141971,0.0,0,0,0.0,0.0,0.0,0,0,0,0,1,0,0,0,0,0.0,0.0,0.0,0,0,0,0,0,0,2,0,0,0,62559,-1,0,20,0.0,0.0,0,0,86154175.0,0.0,86154175,86154175,Benign,Thursday,False,Normal
3389,6,22/02/2018 01:41:49,8982894,12,10,1144,1640,536,0,95.3333333333,155.8468556765,1173,0,164.0,365.3780386273,309.922392494,2.449099366,427756.857142857,752406.825892767,3000361,3,8982894,816626.727272727,943931.412988157,3064274,3,8830609,981178.777777778,977125.745790911,3000361,156517,0,0,0,0,276,224,1.3358723814,1.1132269845,0,1173,121.0434782609,261.9608711692,68623.4980237154,0,0,0,1,0,0,0,0,0,126.5454545455,95.3333333333,164.0,0,0,0,0,0,0,12,1144,10,1640,8192,62856,6,20,0.0,0.0,0,0,0.0,0.0,0,0,Benign,Thursday,False,Normal
53,17,22/02/2018 02:03:21,355,1,1,40,56,40,40,40.0,0.0,56,56,56.0,0.0,270422.535211268,5633.8028169014,355.0,0.0,355,355,0,0.0,0.0,0,0,0,0.0,0.0,0,0,0,0,0,0,8,8,2816.9014084507,2816.9014084507,40,56,45.3333333333,9.237604307,85.3333333333,0,0,0,0,0,0,0,0,1,68.0,40.0,56.0,0,0,0,0,0,0,1,40,1,56,-1,-1,0,8,0.0,0.0,0,0,0.0,0.0,0,0,Benign,Thursday,False,Normal
53,17,22/02/2018 01:52:36,342,1,1,41,57,41,41,41.0,0.0,57,57,57.0,0.0,286549.707602339,5847.9532163743,342.0,0.0,342,342,0,0.0,0.0,0,0,0,0.0,0.0,0,0,0,0,0,0,8,8,2923.9766081871,2923.9766081871,41,57,46.3333333333,9.237604307,85.3333333333,0,0,0,0,0,0,0,0,1,69.5,41.0,57.0,0,0,0,0,0,0,1,41,1,57,-1,-1,0,8,0.0,0.0,0,0,0.0,0.0,0,0,Benign,Thursday,False,Normal
53,17,22/02/2018 09:03:12,1128,1,1,48,138,48,48,48.0,0.0,138,138,138.0,0.0,164893.617021277,1773.0496453901,1128.0,0.0,1128,1128,0,0.0,0.0,0,0,0,0.0,0.0,0,0,0,0,0,0,8,8,886.524822695,886.524822695,48,138,78.0,51.9615242271,2700.0,0,0,0,0,0,0,0,0,1,117.0,48.0,138.0,0,0,0,0,0,0,1,48,1,138,-1,-1,0,8,0.0,0.0,0,0,0.0,0.0,0,0,Benign,Thursday,False,Normal
55476,6,22/02/2018 12:08:41,85847899,2,0,0,0,0,0,0.0,0.0,0,0,0.0,0.0,0.0,0.0232970174,85847899.0,0.0,85847899,85847899,85847899,85847899.0,0.0,85847899,85847899,0,0.0,0.0,0,0,0,0,0,0,40,0,0.0232970174,0.0,0,0,0.0,0.0,0.0,0,0,0,0,1,0,0,0,0,0.0,0.0,0.0,0,0,0,0,0,0,2,0,0,0,62560,-1,0,20,0.0,0.0,0,0,85847899.0,0.0,85847899,85847899,Benign,Thursday,False,Normal
53,17,22/02/2018 03:46:50,250306,2,2,56,190,28,28,28.0,0.0,95,95,95.0,0.0,982.797056403,15.9804399415,83435.3333333334,89798.3300197355,178487,26,71793,71793.0,0.0,71793,71793,26,26.0,0.0,26,26,0,0,0,0,16,16,7.9902199708,7.9902199708,28,95,54.8,36.6974113528,1346.7,0,0,0,0,0,0,0,0,1,68.5,28.0,95.0,0,0,0,0,0,0,2,56,2,190,-1,-1,1,8,0.0,0.0,0,0,0.0,0.0,0,0,Benign,Thursday,False,Normal
53,17,22/02/2018 04:34:48,14307,1,1,38,95,38,38,38.0,0.0,95,95,95.0,0.0,9296.1487383798,139.7917103516,14307.0,0.0,14307,14307,0,0.0,0.0,0,0,0,0.0,0.0,0,0,0,0,0,0,8,8,69.8958551758,69.8958551758,38,95,57.0,32.9089653438,1083.0,0,0,0,0,0,0,0,0,1,85.5,38.0,95.0,0,0,0,0,0,0,1,38,1,95,-1,-1,0,8,0.0,0.0,0,0,0.0,0.0,0,0,Benign,Thursday,False,Normal
21,6,22/02/2018 01:30:06,3069096,2,0,0,0,0,0,0.0,0.0,0,0,0.0,0.0,0.0,0.6516576868,3069096.0,0.0,3069096,3069096,3069096,3069096.0,0.0,3069096,3069096,0,0.0,0.0,0,0,0,0,0,0,64,0,0.6516576868,0.0,0,0,0.0,0.0,0.0,0,0,0,1,0,0,0,0,0,0.0,0.0,0.0,0,0,0,0,0,0,2,0,0,0,8192,-1,0,32,0.0,0.0,0,0,0.0,0.0,0,0,Benign,Thursday,False,Normal
53,17,22/02/2018 01:31:13,1216,1,1,39,126,39,39,39.0,0.0,126,126,126.0,0.0,135690.789473684,1644.7368421053,1216.0,0.0,1216,1216,0,0.0,0.0,0,0,0,0.0,0.0,0,0,0,0,0,0,8,8,822.3684210526,822.3684210526,39,126,68.0,50.2294734195,2523.0,0,0,0,0,0,0,0,0,1,102.0,39.0,126.0,0,0,0,0,0,0,1,39,1,126,-1,-1,0,8,0.0,0.0,0,0,0.0,0.0,0,0,Benign,Thursday,False,Normal
49483,6,22/02/2018 08:24:59,5,3,0,31,0,31,0,10.3333333333,17.8978583449,0,0,0.0,0.0,6200000.0,600000.0,2.5,3.5355339059,5,0,5,2.5,3.5355339059,5,0,0,0.0,0.0,0,0,0,0,0,0,60,0,600000.0,0.0,0,31,7.75,15.5,240.25,0,0,0,0,1,0,0,0,0,10.3333333333,10.3333333333,0.0,0,0,0,0,0,0,3,31,0,0,1162,-1,1,20,0.0,0.0,0,0,0.0,0.0,0,0,Benign,Thursday,False,Normal
443,6,22/02/2018 08:33:33,177360,6,18,838,16656,437,0,139.6666666667,175.8939074177,1460,0,925.3333333333,693.9426150203,98635.5435272891,135.3179972936,7711.3043478261,14275.032878277,61631,0,97848,19569.6,12436.3157647271,34865,349,159139,9361.1176470588,17352.6685803739,61631,0,0,0,0,0,132,368,33.8294993234,101.4884979702,0,1460,699.76,696.0885527958,484539.273333333,0,0,0,1,0,0,0,0,3,728.9166666667,139.6666666667,925.3333333333,0,0,0,0,0,0,6,838,18,16656,8192,64240,3,20,0.0,0.0,0,0,0.0,0.0,0,0,Benign,Thursday,False,Normal
443,6,22/02/2018 08:36:20,118774942,20,36,937,33717,205,0,46.85,72.627582842,1410,0,936.5833333333,611.3906104705,291.7618768444,0.4714799187,2159544.4,11082668.15723,58829181,0,118774942,6251312.73684211,18479101.7647498,58829181,255,118702222,3391492.05714286,13824145.4356125,58851696,0,0,0,0,0,436,732,0.1683856853,0.3030942335,0,1410,607.9649122807,651.0627291731,423882.677318296,0,0,0,1,0,0,0,0,1,618.8214285714,46.85,936.5833333333,0,0,0,0,0,0,20,937,36,33717,8192,123,8,20,662968.0,835655.965579137,1253866,72070,58688095.0,199525.73466097,58829181,58547009,Benign,Thursday,False,Normal
80,6,22/02/2018 10:41:01,703,3,4,161,488,161,0,53.6666666667,92.9533933395,488,0,122.0,244.0,923186.344238976,9957.3257467994,117.1666666667,77.6747492218,201,0,383,191.5,92.6309883354,257,126,502,167.3333333333,189.4316059514,373,0,0,0,0,0,72,92,4267.4253200569,5689.9004267425,0,488,81.125,173.7875858627,30202.125,0,0,0,1,0,0,0,0,1,92.7142857143,53.6666666667,122.0,0,0,0,0,0,0,3,161,4,488,8192,149,1,20,0.0,0.0,0,0,0.0,0.0,0,0,Benign,Thursday,False,Normal
445,6,22/02/2018 12:05:59,82808,3,1,0,0,0,0,0.0,0.0,0,0,0.0,0.0,0.0,48.3045116414,27602.6666666667,47595.3129450089,82561,120,82808,41404.0,58384.3927090109,82688,120,0,0.0,0.0,0,0,0,0,0,0,72,32,36.228383731,12.0761279103,0,0,0.0,0.0,0.0,0,0,0,1,0,0,0,0,0,0.0,0.0,0.0,0,0,0,0,0,0,3,0,1,0,8192,8192,0,20,0.0,0.0,0,0,0.0,0.0,0,0,Benign,Thursday,False,Normal
80,6,22/02/2018 03:16:01,54190627,2,0,0,0,0,0,0.0,0.0,0,0,0.0,0.0,0.0,0.0369067514,54190627.0,0.0,54190627,54190627,54190627,54190627.0,0.0,54190627,54190627,0,0.0,0.0,0,0,0,0,0,0,40,0,0.0369067514,0.0,0,0,0.0,0.0,0.0,0,0,0,0,1,0,0,0,0,0.0,0.0,0.0,0,0,0,0,0,0,2,0,0,0,279,-1,0,20,0.0,0.0,0,0,0.0,0.0,0,0,Benign,Thursday,False,Normal
443,6,22/02/2018 03:21:18,60592133,15,15,687,6302,366,0,45.8,105.0416244026,1460,0,420.1333333333,618.5251890779,115.345006917,0.4951137799,2089383.89655172,4077693.68495845,10009382,1,60592133,4328009.5,5102211.98079172,10094735,177,60506657,4321904.07142857,5114713.10067006,10094778,1,0,0,0,0,312,372,0.2475568899,0.2475568899,0,1460,225.4516129032,469.5374914892,220465.455913978,0,0,0,1,0,0,0,0,1,232.9666666667,45.8,420.1333333333,0,0,0,0,0,0,15,687,15,6302,8192,114,8,20,165929.0,197302.971248788,568672,85345,9932733.16666667,162063.750282926,10009382,9604419,Benign,Thursday,False,Normal
443,6,22/02/2018 03:24:17,934,3,0,77,0,46,0,25.6666666667,23.4591844132,0,0,0.0,0.0,82441.113490364,3211.9914346895,467.0,633.5676759431,915,19,934,467.0,633.5676759431,915,19,0,0.0,0.0,0,0,1,0,0,0,60,0,3211.9914346895,0.0,0,46,30.75,21.6852484422,470.25,0,1,0,0,1,0,0,0,0,41.0,25.6666666667,0.0,0,0,0,0,0,0,3,77,0,0,252,-1,1,20,0.0,0.0,0,0,0.0,0.0,0,0,Benign,Thursday,False,Normal
80,6,22/02/2018 03:54:22,995,3,4,148,243,148,0,49.3333333333,85.4478398401,243,0,60.75,121.5,392964.824120603,7035.175879397,165.8333333333,135.2603662078,359,0,575,287.5,174.6553749531,411,164,636,212.0,187.4886663241,356,0,0,0,0,0,72,92,3015.0753768844,4020.1005025126,0,243,48.875,93.9930658537,8834.6964285714,0,0,0,1,0,0,0,0,1,55.8571428571,49.3333333333,60.75,0,0,0,0,0,0,3,148,4,243,8192,149,1,20,0.0,0.0,0,0,0.0,0.0,0,0,Benign,Thursday,False,Normal
80,6,22/02/2018 04:50:10,82,2,0,0,0,0,0,0.0,0.0,0,0,0.0,0.0,0.0,24390.243902439,82.0,0.0,82,82,82,82.0,0.0,82,82,0,0.0,0.0,0,0,0,0,0,0,40,0,24390.243902439,0.0,0,0,0.0,0.0,0.0,0,0,0,0,1,0,0,0,0,0.0,0.0,0.0,0,0,0,0,0,0,2,0,0,0,278,-1,0,20,0.0,0.0,0,0,0.0,0.0,0,0,Benign,Thursday,False,Normal
443,6,22/02/2018 04:51:20,16876938,13,13,2440,5169,1099,0,187.6923076923,385.5751947017,1460,0,397.6153846154,621.5441172947,450.8519258648,1.5405638155,675077.52,2265385.81155442,9952813,0,16876938,1406411.5,3177057.95108329,9952813,37,10954273,912856.083333333,2882004.07127904,10031647,0,0,0,0,0,272,268,0.7702819078,0.7702819078,0,1460,281.8148148148,510.9846480486,261105.310541311,0,0,0,1,0,0,0,0,1,292.6538461538,187.6923076923,397.6153846154,0,0,0,0,0,0,13,2440,13,5169,8192,6788,6,20,509229.5,696152.990039187,1001484,16975,7929221.0,2861791.2511097,9952813,5905629,Benign,Thursday,False,Normal
80,6,22/02/2018 05:05:32,804,3,4,161,488,161,0,53.6666666667,92.9533933395,488,0,122.0,244.0,807213.930348259,8706.4676616916,134.0,93.0720151281,239,1,429,214.5,112.4299782087,294,135,565,188.3333333333,172.2914197902,340,1,0,0,0,0,72,92,3731.3432835821,4975.1243781095,0,488,81.125,173.7875858627,30202.125,0,0,0,1,0,0,0,0,1,92.7142857143,53.6666666667,122.0,0,0,0,0,0,0,3,161,4,488,8192,149,1,20,0.0,0.0,0,0,0.0,0.0,0,0,Benign,Thursday,False,Normal
135,6,22/02/2018 05:29:05,2191972,3,0,0,0,0,0,0.0,0.0,0,0,0.0,0.0,0.0,1.3686306212,1095986.0,1549956.85115748,2191971,1,2191972,1095986.0,1549956.85115748,2191971,1,0,0.0,0.0,0,0,0,0,0,0,60,0,1.3686306212,0.0,0,0,0.0,0.0,0.0,0,0,0,0,1,1,0,0,0,0.0,0.0,0.0,0,0,0,0,0,0,3,0,0,0,65443,-1,0,20,0.0,0.0,0,0,0.0,0.0,0,0,Benign,Thursday,False,Normal
17768,6,22/02/2018 10:49:28,86101316,2,0,0,0,0,0,0.0,0.0,0,0,0.0,0.0,0.0,0.0232284487,86101316.0,0.0,86101316,86101316,86101316,86101316.0,0.0,86101316,86101316,0,0.0,0.0,0,0,0,0,0,0,40,0,0.0232284487,0.0,0,0,0.0,0.0,0.0,0,0,0,0,1,0,0,0,0,0.0,0.0,0.0,0,0,0,0,0,0,2,0,0,0,62566,-1,0,20,0.0,0.0,0,0,86101316.0,0.0,86101316,86101316,Benign,Thursday,False,Normal
53,17,22/02/2018 04:51:26,367,1,1,32,48,32,32,32.0,0.0,48,48,48.0,0.0,217983.651226158,5449.591280654,367.0,0.0,367,367,0,0.0,0.0,0,0,0,0.0,0.0,0,0,0,0,0,0,8,8,2724.795640327,2724.795640327,32,48,37.3333333333,9.237604307,85.3333333333,0,0,0,0,0,0,0,0,1,56.0,32.0,48.0,0,0,0,0,0,0,1,32,1,48,-1,-1,0,8,0.0,0.0,0,0,0.0,0.0,0,0,Benign,Thursday,False,Normal
3389,6,22/02/2018 12:01:39,5547422,10,10,1262,1640,661,0,126.2,201.2923799408,1173,0,164.0,365.3780386273,523.1258772093,3.6052782716,291969.578947368,696441.785183986,3001949,3,5547422,616380.222222222,967817.301866135,3002029,3,5348678,594297.555555556,946531.706493516,3004647,47436,0,0,0,0,224,236,1.8026391358,1.8026391358,0,1173,138.1904761905,282.2563761986,79668.6619047619,0,0,0,1,0,0,0,0,1,145.1,126.2,164.0,0,0,0,0,0,0,10,1262,10,1640,8192,62872,6,20,0.0,0.0,0,0,0.0,0.0,0,0,Benign,Thursday,False,Normal
53,17,22/02/2018 04:52:00,404,1,1,40,56,40,40,40.0,0.0,56,56,56.0,0.0,237623.762376238,4950.495049505,404.0,0.0,404,404,0,0.0,0.0,0,0,0,0.0,0.0,0,0,0,0,0,0,8,8,2475.2475247525,2475.2475247525,40,56,45.3333333333,9.237604307,85.3333333333,0,0,0,0,0,0,0,0,1,68.0,40.0,56.0,0,0,0,0,0,0,1,40,1,56,-1,-1,0,8,0.0,0.0,0,0,0.0,0.0,0,0,Benign,Thursday,False,Normal
49412,6,22/02/2018 10:14:26,86048084,2,0,0,0,0,0,0.0,0.0,0,0,0.0,0.0,0.0,0.0232428185,86048084.0,0.0,86048084,86048084,86048084,86048084.0,0.0,86048084,86048084,0,0.0,0.0,0,0,0,0,0,0,40,0,0.0232428185,0.0,0,0,0.0,0.0,0.0,0,0,0,0,1,0,0,0,0,0.0,0.0,0.0,0,0,0,0,0,0,2,0,0,0,62567,-1,0,20,0.0,0.0,0,0,86048084.0,0.0,86048084,86048084,Benign,Thursday,False,Normal
50121,6,22/02/2018 09:05:21,16,1,1,0,0,0,0,0.0,0.0,0,0,0.0,0.0,0.0,125000.0,16.0,0.0,16,16,0,0.0,0.0,0,0,0,0.0,0.0,0,0,0,0,0,0,20,20,62500.0,62500.0,0,0,0.0,0.0,0.0,0,0,0,0,1,1,0,0,1,0.0,0.0,0.0,0,0,0,0,0,0,1,0,1,0,946,253,0,20,0.0,0.0,0,0,0.0,0.0,0,0,Benign,Thursday,False,Normal
3389,6,22/02/2018 08:24:39,2561229,9,9,1333,2754,661,0,148.1111111111,209.334925684,1173,0,306.0,500.024249412,1595.7183055479,7.0278760704,150660.529411765,240623.317198822,953089,3,2561229,320153.625,380823.692725176,1180521,3,2384892,298111.5,291952.361543063,953089,61549,0,0,0,0,192,204,3.5139380352,3.5139380352,0,1173,215.1052631579,373.5552755077,139543.543859649,0,0,1,1,0,0,0,1,1,227.0555555556,148.1111111111,306.0,0,0,0,0,0,0,9,1333,9,2754,8192,62872,6,20,0.0,0.0,0,0,0.0,0.0,0,0,Benign,Thursday,False,Normal
53,17,22/02/2018 08:54:27,309,1,1,33,65,33,33,33.0,0.0,65,65,65.0,0.0,317152.103559871,6472.4919093851,309.0,0.0,309,309,0,0.0,0.0,0,0,0,0.0,0.0,0,0,0,0,0,0,8,8,3236.2459546926,3236.2459546926,33,65,43.6666666667,18.4752086141,341.3333333333,0,0,0,0,0,0,0,0,1,65.5,33.0,65.0,0,0,0,0,0,0,1,33,1,65,-1,-1,0,8,0.0,0.0,0,0,0.0,0.0,0,0,Benign,Thursday,False,Normal
53,17,22/02/2018 09:16:48,295,1,1,51,147,51,51,51.0,0.0,147,147,147.0,0.0,671186.440677966,6779.6610169492,295.0,0.0,295,295,0,0.0,0.0,0,0,0,0.0,0.0,0,0,0,0,0,0,8,8,3389.8305084746,3389.8305084746,51,147,83.0,55.4256258422,3072.0,0,0,0,0,0,0,0,0,1,124.5,51.0,147.0,0,0,0,0,0,0,1,51,1,147,-1,-1,0,8,0.0,0.0,0,0,0.0,0.0,0,0,Benign,Thursday,False,Normal
53064,6,22/02/2018 04:44:17,19,1,1,0,0,0,0,0.0,0.0,0,0,0.0,0.0,0.0,105263.157894737,19.0,0.0,19,19,0,0.0,0.0,0,0,0,0.0,0.0,0,0,0,0,0,0,20,20,52631.5789473684,52631.5789473684,0,0,0.0,0.0,0.0,0,0,0,0,1,1,0,0,1,0.0,0.0,0.0,0,0,0,0,0,0,1,0,1,0,172,258,0,20,0.0,0.0,0,0,0.0,0.0,0,0,Benign,Thursday,False,Normal
47848,6,22/02/2018 09:35:52,149,2,0,0,0,0,0,0.0,0.0,0,0,0.0,0.0,0.0,13422.8187919463,149.0,0.0,149,149,149,149.0,0.0,149,149,0,0.0,0.0,0,0,0,0,0,0,52,0,13422.8187919463,0.0,0,0,0.0,0.0,0.0,0,0,0,0,1,0,0,0,0,0.0,0.0,0.0,0,0,0,0,0,0,2,0,0,0,257,-1,0,20,0.0,0.0,0,0,0.0,0.0,0,0,Benign,Thursday,False,Normal
53,17,22/02/2018 04:51:26,337,1,1,40,56,40,40,40.0,0.0,56,56,56.0,0.0,284866.46884273,5934.7181008902,337.0,0.0,337,337,0,0.0,0.0,0,0,0,0.0,0.0,0,0,0,0,0,0,8,8,2967.3590504451,2967.3590504451,40,56,45.3333333333,9.237604307,85.3333333333,0,0,0,0,0,0,0,0,1,68.0,40.0,56.0,0,0,0,0,0,0,1,40,1,56,-1,-1,0,8,0.0,0.0,0,0,0.0,0.0,0,0,Benign,Thursday,False,Normal
21927,6,22/02/2018 08:22:35,536313,2,4,85,202,85,0,42.5,60.1040764009,117,0,50.5,59.7578446733,535.1352661599,11.1874968535,107262.6,109250.443435256,248814,36,484967,484967.0,0.0,484967,484967,287499,95833.0,88916.7110446625,198210,37907,1,0,0,0,40,80,3.7291656178,7.4583312357,0,117,53.1428571429,50.9817894659,2599.1428571429,0,1,0,0,1,0,0,0,2,62.0,42.5,50.5,0,0,0,0,0,0,2,85,4,202,62766,256,0,20,0.0,0.0,0,0,0.0,0.0,0,0,Benign,Thursday,False,Normal
80,6,22/02/2018 09:13:34,53983536,2,0,0,0,0,0,0.0,0.0,0,0,0.0,0.0,0.0,0.0370483327,53983536.0,0.0,53983536,53983536,53983536,53983536.0,0.0,53983536,53983536,0,0.0,0.0,0,0,0,0,0,0,40,0,0.0370483327,0.0,0,0,0.0,0.0,0.0,0,0,0,0,1,0,0,0,0,0.0,0.0,0.0,0,0,0,0,0,0,2,0,0,0,279,-1,0,20,0.0,0.0,0,0,0.0,0.0,0,0,Benign,Thursday,False,Normal
80,6,22/02/2018 11:04:52,1527,2,0,0,0,0,0,0.0,0.0,0,0,0.0,0.0,0.0,1309.7576948265,1527.0,0.0,1527,1527,1527,1527.0,0.0,1527,1527,0,0.0,0.0,0,0,0,0,0,0,40,0,1309.7576948265,0.0,0,0,0.0,0.0,0.0,0,0,0,0,1,0,0,0,0,0.0,0.0,0.0,0,0,0,0,0,0,2,0,0,0,252,-1,0,20,0.0,0.0,0,0,0.0,0.0,0,0,Benign,Thursday,False,Normal
53,17,22/02/2018 10:51:24,430,1,1,39,55,39,39,39.0,0.0,55,55,55.0,0.0,218604.651162791,4651.1627906977,430.0,0.0,430,430,0,0.0,0.0,0,0,0,0.0,0.0,0,0,0,0,0,0,8,8,2325.5813953488,2325.5813953488,39,55,44.3333333333,9.237604307,85.3333333333,0,0,0,0,0,0,0,0,1,66.5,39.0,55.0,0,0,0,0,0,0,1,39,1,55,-1,-1,0,8,0.0,0.0,0,0,0.0,0.0,0,0,Benign,Thursday,False,Normal
443,6,22/02/2018 01:04:31,771,3,0,77,0,46,0,25.6666666667,23.4591844132,0,0,0.0,0.0,99870.2983138781,3891.0505836576,385.5,521.1376977345,754,17,771,385.5,521.1376977345,754,17,0,0.0,0.0,0,0,1,0,0,0,60,0,3891.0505836576,0.0,0,46,30.75,21.6852484422,470.25,0,1,0,0,1,0,0,0,0,41.0,25.6666666667,0.0,0,0,0,0,0,0,3,77,0,0,254,-1,1,20,0.0,0.0,0,0,0.0,0.0,0,0,Benign,Thursday,False,Normal
443,6,22/02/2018 01:28:39,60386046,14,13,1035,1917,382,0,73.9285714286,141.8235438227,945,0,147.4615384615,324.8003528797,48.8854660231,0.4471231648,2322540.23076923,4286592.60431455,10003884,28,60386046,4645080.46153846,5166265.24336394,10015377,618,60374129,5031177.41666667,5207030.35725488,10020304,355,0,0,0,0,292,344,0.231841641,0.2152815238,0,945,105.4285714286,241.5535257869,58348.1058201058,0,0,0,1,0,0,0,0,0,109.3333333333,73.9285714286,147.4615384615,0,0,0,0,0,0,14,1035,13,1917,8192,127,10,20,27109.6666666667,38156.8672071839,104997,11484,9996340.0,18334.4736275684,10003884,9958915,Benign,Thursday,False,Normal
80,6,22/02/2018 02:01:37,54218247,2,0,0,0,0,0,0.0,0.0,0,0,0.0,0.0,0.0,0.0368879503,54218247.0,0.0,54218247,54218247,54218247,54218247.0,0.0,54218247,54218247,0,0.0,0.0,0,0,0,0,0,0,40,0,0.0368879503,0.0,0,0,0.0,0.0,0.0,0,0,0,0,1,0,0,0,0,0.0,0.0,0.0,0,0,0,0,0,0,2,0,0,0,279,-1,0,20,0.0,0.0,0,0,0.0,0.0,0,0,Benign,Thursday,False,Normal
80,6,22/02/2018 03:24:29,117,2,0,0,0,0,0,0.0,0.0,0,0,0.0,0.0,0.0,17094.0170940171,117.0,0.0,117,117,117,117.0,0.0,117,117,0,0.0,0.0,0,0,0,0,0,0,40,0,17094.0170940171,0.0,0,0,0.0,0.0,0.0,0,0,0,0,1,0,0,0,0,0.0,0.0,0.0,0,0,0,0,0,0,2,0,0,0,256,-1,0,20,0.0,0.0,0,0,0.0,0.0,0,0,Benign,Thursday,False,Normal
80,6,22/02/2018 03:23:24,115393394,16,14,456,971,445,0,28.5,111.0675470153,971,0,69.3571428571,259.510665897,12.3663924817,0.2599802204,3979082.55172414,4873028.79790945,10005383,28,115393394,7692892.93333333,4127535.37944843,10015378,9873,110499830,8499986.92307692,3699354.38086221,10015675,19980,0,0,0,0,332,424,0.1386561175,0.1213241028,0,971,46.0322580645,189.3135818109,35839.6322580645,0,0,0,1,0,0,0,0,0,47.5666666667,28.5,69.3571428571,0,0,0,0,0,0,16,456,14,971,8192,119,12,20,44926.4545454545,115508.648625429,393198,9976,10000485.8181818,15804.671346271,10005383,9952834,Benign,Thursday,False,Normal
53,17,22/02/2018 10:59:02,2792,1,1,56,294,56,56,56.0,0.0,294,294,294.0,0.0,125358.166189112,716.3323782235,2792.0,0.0,2792,2792,0,0.0,0.0,0,0,0,0.0,0.0,0,0,0,0,0,0,8,8,358.1661891117,358.1661891117,56,294,135.3333333333,137.4093640671,18881.3333333333,0,0,0,0,0,0,0,0,1,203.0,56.0,294.0,0,0,0,0,0,0,1,56,1,294,-1,-1,0,8,0.0,0.0,0,0,0.0,0.0,0,0,Benign,Thursday,False,Normal
53,17,22/02/2018 04:30:53,523,1,1,47,63,47,47,47.0,0.0,63,63,63.0,0.0,210325.047801147,3824.0917782027,523.0,0.0,523,523,0,0.0,0.0,0,0,0,0.0,0.0,0,0,0,0,0,0,8,8,1912.0458891013,1912.0458891013,47,63,52.3333333333,9.237604307,85.3333333333,0,0,0,0,0,0,0,0,1,78.5,47.0,63.0,0,0,0,0,0,0,1,47,1,63,-1,-1,0,8,0.0,0.0,0,0,0.0,0.0,0,0,Benign,Thursday,False,Normal
53,17,22/02/2018 11:02:42,475,1,1,65,193,65,65,65.0,0.0,193,193,193.0,0.0,543157.894736842,4210.5263157895,475.0,0.0,475,475,0,0.0,0.0,0,0,0,0.0,0.0,0,0,0,0,0,0,8,8,2105.2631578947,2105.2631578947,65,193,107.6666666667,73.9008344563,5461.3333333333,0,0,0,0,0,0,0,0,1,161.5,65.0,193.0,0,0,0,0,0,0,1,65,1,193,-1,-1,0,8,0.0,0.0,0,0,0.0,0.0,0,0,Benign,Thursday,False,Normal
53,17,22/02/2018 12:21:09,12024,1,1,54,115,54,54,54.0,0.0,115,115,115.0,0.0,14055.2228875582,166.3339986693,12024.0,0.0,12024,12024,0,0.0,0.0,0,0,0,0.0,0.0,0,0,0,0,0,0,8,8,83.1669993347,83.1669993347,54,115,74.3333333333,35.2183664206,1240.3333333333,0,0,0,0,0,0,0,0,1,111.5,54.0,115.0,0,0,0,0,0,0,1,54,1,115,-1,-1,0,8,0.0,0.0,0,0,0.0,0.0,0,0,Benign,Thursday,False,Normal
35843,6,22/02/2018 08:26:40,86351534,2,0,0,0,0,0,0.0,0.0,0,0,0.0,0.0,0.0,0.0231611404,86351534.0,0.0,86351534,86351534,86351534,86351534.0,0.0,86351534,86351534,0,0.0,0.0,0,0,0,0,0,0,40,0,0.0231611404,0.0,0,0,0.0,0.0,0.0,0,0,0,0,1,0,0,0,0,0.0,0.0,0.0,0,0,0,0,0,0,2,0,0,0,62563,-1,0,20,0.0,0.0,0,0,86351534.0,0.0,86351534,86351534,Benign,Thursday,False,Normal
3389,6,22/02/2018 01:51:03,3744806,12,7,1148,1581,677,0,95.6666666667,195.2189136391,1173,0,225.8571428571,430.0986044197,728.7426905426,5.0736940712,208044.777777778,421441.999612612,1655071,94,3744806,340436.909090909,538470.388375156,1655071,429,3463282,577213.666666667,684101.358730318,1799963,25037,0,0,0,0,248,148,3.2044383608,1.8692557104,0,1173,136.45,292.3279475989,85455.6289473685,0,0,0,1,0,0,0,0,0,143.6315789474,95.6666666667,225.8571428571,0,0,0,0,0,0,12,1148,7,1581,8192,62852,5,20,0.0,0.0,0,0,0.0,0.0,0,0,Benign,Thursday,False,Normal
53,17,22/02/2018 05:29:52,116894,2,2,78,110,39,39,39.0,0.0,55,55,55.0,0.0,1608.2946943385,34.2190360498,38964.6666666667,40554.0136155885,80941,1,35952,35952.0,0.0,35952,35952,1,1.0,0.0,1,1,0,0,0,0,16,16,17.1095180249,17.1095180249,39,55,45.4,8.7635609201,76.8,0,0,0,0,0,0,0,0,1,56.75,39.0,55.0,0,0,0,0,0,0,2,78,2,110,-1,-1,1,8,0.0,0.0,0,0,0.0,0.0,0,0,Benign,Thursday,False,Normal
40987,6,22/02/2018 08:51:56,86270393,2,0,0,0,0,0,0.0,0.0,0,0,0.0,0.0,0.0,0.0231829244,86270393.0,0.0,86270393,86270393,86270393,86270393.0,0.0,86270393,86270393,0,0.0,0.0,0,0,0,0,0,0,40,0,0.0231829244,0.0,0,0,0.0,0.0,0.0,0,0,0,0,1,0,0,0,0,0.0,0.0,0.0,0,0,0,0,0,0,2,0,0,0,62563,-1,0,20,0.0,0.0,0,0,86270393.0,0.0,86270393,86270393,Benign,Thursday,False,Normal
49138,6,22/02/2018 09:18:50,86041306,2,0,0,0,0,0,0.0,0.0,0,0,0.0,0.0,0.0,0.0232446495,86041306.0,0.0,86041306,86041306,86041306,86041306.0,0.0,86041306,86041306,0,0.0,0.0,0,0,0,0,0,0,40,0,0.0232446495,0.0,0,0,0.0,0.0,0.0,0,0,0,0,1,0,0,0,0,0.0,0.0,0.0,0,0,0,0,0,0,2,0,0,0,62562,-1,0,20,0.0,0.0,0,0,86041306.0,0.0,86041306,86041306,Benign,Thursday,False,Normal
80,6,22/02/2018 10:15:43,5905344,4,4,97,231,97,0,24.25,48.5,231,0,57.75,115.5,55.5429116407,1.354705162,843620.571428571,2204819.33298754,5843415,40,61929,20643.0,35448.1636900982,61575,148,5905178,1968392.66666667,3408833.02898079,5904574,249,0,0,0,0,92,92,0.677352581,0.677352581,0,231,36.4444444444,79.6996096463,6352.0277777778,0,0,0,1,0,0,0,0,1,41.0,24.25,57.75,0,0,0,0,0,0,4,97,4,231,8192,141,1,20,0.0,0.0,0,0,0.0,0.0,0,0,Benign,Thursday,False,Normal
445,6,22/02/2018 10:25:50,236152,3,1,0,0,0,0,0.0,0.0,0,0,0.0,0.0,0.0,16.9382431654,78717.3333333333,136254.09572315,236050,0,236152,118076.0,166984.680590766,236152,0,0,0.0,0.0,0,0,0,0,0,0,72,32,12.7036823741,4.2345607914,0,0,0.0,0.0,0.0,0,0,0,1,0,0,0,0,0,0.0,0.0,0.0,0,0,0,0,0,0,3,0,1,0,8192,8192,0,20,0.0,0.0,0,0,0.0,0.0,0,0,Benign,Thursday,False,Normal
50087,6,22/02/2018 11:09:18,9740,2,1,38,0,38,0,19.0,26.8700576851,0,0,0.0,0.0,3901.4373716633,308.0082135524,4870.0,6864.592631759,9724,16,9740,9740.0,0.0,9740,9740,0,0.0,0.0,0,0,1,0,0,0,40,20,205.3388090349,102.6694045175,0,38,19.0,21.9393102292,481.3333333333,0,1,0,0,1,0,0,0,0,25.3333333333,19.0,0.0,0,0,0,0,0,0,2,38,1,0,123,0,0,20,0.0,0.0,0,0,0.0,0.0,0,0,Benign,Thursday,False,Normal
80,6,22/02/2018 01:10:51,54713467,2,0,0,0,0,0,0.0,0.0,0,0,0.0,0.0,0.0,0.0365540718,54713467.0,0.0,54713467,54713467,54713467,54713467.0,0.0,54713467,54713467,0,0.0,0.0,0,0,0,0,0,0,40,0,0.0365540718,0.0,0,0,0.0,0.0,0.0,0,0,0,0,1,0,0,0,0,0.0,0.0,0.0,0,0,0,0,0,0,2,0,0,0,279,-1,0,20,0.0,0.0,0,0,0.0,0.0,0,0,Benign,Thursday,False,Normal
3389,6,22/02/2018 03:09:26,4005647,15,8,1460,1731,741,0,97.3333333333,189.9126365564,1179,0,216.375,405.4647906151,796.6253641422,5.7418938813,182074.863636364,262614.147828057,953146,25,4005647,286117.642857143,353421.282060334,1249446,32684,3951113,564444.714285714,327394.943198941,1058425,249909,0,0,0,0,312,172,3.7447134009,1.9971804805,0,1179,132.9583333333,275.6911440073,76005.606884058,0,0,1,1,0,0,0,1,0,138.7391304348,97.3333333333,216.375,0,0,0,0,0,0,15,1460,8,1731,8192,64000,7,20,0.0,0.0,0,0,0.0,0.0,0,0,Benign,Thursday,False,Normal
3389,6,22/02/2018 04:43:09,1814735,11,7,675,301,187,0,61.3636363636,67.6140114581,197,0,43.0,74.6681547471,537.8195714526,9.9188035719,106749.117647059,165968.141718856,564929,4,1814735,181473.5,215871.276852794,615931,4,1340470,223411.666666667,222957.864200092,623694,255,0,0,0,0,232,152,6.0614910717,3.8573125002,0,197,51.3684210526,68.0671323248,4633.134502924,0,0,1,1,0,0,0,1,0,54.2222222222,61.3636363636,43.0,0,0,0,0,0,0,11,675,7,301,8192,63325,6,20,0.0,0.0,0,0,0.0,0.0,0,0,Benign,Thursday,False,Normal
3389,6,22/02/2018 04:46:49,2192863,10,7,671,301,187,0,67.1,68.118279485,197,0,43.0,74.6681547471,443.2561450487,7.7524222899,137053.9375,229354.947447682,830872,3,2192863,243651.444444444,291092.818537795,887645,3,1361897,226982.833333333,271295.088505794,744915,255,0,0,0,0,212,152,4.5602484059,3.1921738841,0,197,54.0,68.8954877717,4746.5882352941,0,0,1,1,0,0,0,1,0,57.1764705882,67.1,43.0,0,0,0,0,0,0,10,671,7,301,8192,63329,6,20,0.0,0.0,0,0,0.0,0.0,0,0,Benign,Thursday,False,Normal
53,17,22/02/2018 01:34:01,321,1,1,42,58,42,42,42.0,0.0,58,58,58.0,0.0,311526.479750779,6230.5295950156,321.0,0.0,321,321,0,0.0,0.0,0,0,0,0.0,0.0,0,0,0,0,0,0,8,8,3115.2647975078,3115.2647975078,42,58,47.3333333333,9.237604307,85.3333333333,0,0,0,0,0,0,0,0,1,71.0,42.0,58.0,0,0,0,0,0,0,1,42,1,58,-1,-1,0,8,0.0,0.0,0,0,0.0,0.0,0,0,Benign,Thursday,False,Normal
14051,6,22/02/2018 05:05:23,88063835,2,0,0,0,0,0,0.0,0.0,0,0,0.0,0.0,0.0,0.0227107984,88063835.0,0.0,88063835,88063835,88063835,88063835.0,0.0,88063835,88063835,0,0.0,0.0,0,0,0,0,0,0,40,0,0.0227107984,0.0,0,0,0.0,0.0,0.0,0,0,0,0,1,0,0,0,0,0.0,0.0,0.0,0,0,0,0,0,0,2,0,0,0,63328,-1,0,20,0.0,0.0,0,0,88063835.0,0.0,88063835,88063835,Benign,Thursday,False,Normal
3389,6,22/02/2018 11:49:28,5458939,10,10,1213,1874,661,0,121.3,201.6774377289,1173,0,187.4,365.3993857563,565.4945036023,3.6637156048,287312.578947368,694609.649833417,2999102,16,5458939,606548.777777778,986746.932589073,3066261,16,5294576,588286.222222222,945010.836501728,2999102,1232,0,0,0,0,224,236,1.8318578024,1.8318578024,0,1173,147.0,283.9234051641,80612.5,0,0,0,1,0,0,0,0,1,154.35,121.3,187.4,0,0,0,0,0,0,10,1213,10,1874,8192,62872,6,20,0.0,0.0,0,0,0.0,0.0,0,0,Benign,Thursday,False,Normal
1920,6,22/02/2018 02:52:30,85971317,2,0,0,0,0,0,0.0,0.0,0,0,0.0,0.0,0.0,0.0232635729,85971317.0,0.0,85971317,85971317,85971317,85971317.0,0.0,85971317,85971317,0,0.0,0.0,0,0,0,0,0,0,40,0,0.0232635729,0.0,0,0,0.0,0.0,0.0,0,0,0,0,1,0,0,0,0,0.0,0.0,0.0,0,0,0,0,0,0,2,0,0,0,64000,-1,0,20,0.0,0.0,0,0,85971317.0,0.0,85971317,85971317,Benign,Thursday,False,Normal
53,17,22/02/2018 03:25:52,261,1,1,50,66,50,50,50.0,0.0,66,66,66.0,0.0,444444.444444444,7662.8352490422,261.0,0.0,261,261,0,0.0,0.0,0,0,0,0.0,0.0,0,0,0,0,0,0,8,8,3831.4176245211,3831.4176245211,50,66,55.3333333333,9.237604307,85.3333333333,0,0,0,0,0,0,0,0,1,83.0,50.0,66.0,0,0,0,0,0,0,1,50,1,66,-1,-1,0,8,0.0,0.0,0,0,0.0,0.0,0,0,Benign,Thursday,False,Normal
51593,6,22/02/2018 02:00:28,43,1,1,0,0,0,0,0.0,0.0,0,0,0.0,0.0,0.0,46511.6279069767,43.0,0.0,43,43,0,0.0,0.0,0,0,0,0.0,0.0,0,0,0,0,0,0,20,20,23255.8139534884,23255.8139534884,0,0,0.0,0.0,0.0,0,0,0,0,1,1,0,0,1,0.0,0.0,0.0,0,0,0,0,0,0,1,0,1,0,30856,63520,0,20,0.0,0.0,0,0,0.0,0.0,0,0,Benign,Thursday,False,Normal
3389,6,22/02/2018 01:56:10,1959446,10,7,1128,1581,661,0,112.8,205.1388689536,1173,0,225.8571428571,430.0986044197,1382.5336345069,8.6759216636,122465.375,231497.34371921,953521,4,1959446,217716.222222222,340487.982480578,1109636,4,1854716,309119.333333333,327793.044517218,953521,106745,0,0,0,0,212,152,5.1034833315,3.5724383321,0,1173,150.5,303.4372209516,92074.1470588235,0,0,1,1,0,0,0,1,0,159.3529411765,112.8,225.8571428571,0,0,0,0,0,0,10,1128,7,1581,8192,62872,5,20,0.0,0.0,0,0,0.0,0.0,0,0,Benign,Thursday,False,Normal
53,17,22/02/2018 03:52:52,398,1,1,47,63,47,47,47.0,0.0,63,63,63.0,0.0,276381.909547739,5025.1256281407,398.0,0.0,398,398,0,0.0,0.0,0,0,0,0.0,0.0,0,0,0,0,0,0,8,8,2512.5628140704,2512.5628140704,47,63,52.3333333333,9.237604307,85.3333333333,0,0,0,0,0,0,0,0,1,78.5,47.0,63.0,0,0,0,0,0,0,1,47,1,63,-1,-1,0,8,0.0,0.0,0,0,0.0,0.0,0,0,Benign,Thursday,False,Normal
53,17,22/02/2018 01:48:41,1334,1,1,42,123,42,42,42.0,0.0,123,123,123.0,0.0,123688.155922039,1499.2503748126,1334.0,0.0,1334,1334,0,0.0,0.0,0,0,0,0.0,0.0,0,0,0,0,0,0,8,8,749.6251874063,749.6251874063,42,123,69.0,46.7653718044,2187.0,0,0,0,0,0,0,0,0,1,103.5,42.0,123.0,0,0,0,0,0,0,1,42,1,123,-1,-1,0,8,0.0,0.0,0,0,0.0,0.0,0,0,Benign,Thursday,False,Normal
3389,6,22/02/2018 11:28:55,4250302,11,7,1148,1581,677,0,104.3636363636,202.2944748268,1173,0,225.8571428571,430.0986044197,642.0720221763,4.234993184,250017.764705882,602706.307159997,2417860,3,4250302,425030.2,766663.684270547,2417860,3,4191763,698627.166666667,1013385.61419559,2653186,32043,0,0,0,0,228,148,2.5880513902,1.6469417938,0,1173,143.6315789474,298.5202785828,89114.3567251462,0,0,0,1,0,0,0,0,0,151.6111111111,104.3636363636,225.8571428571,0,0,0,0,0,0,11,1148,7,1581,8192,62852,5,20,0.0,0.0,0,0,0.0,0.0,0,0,Benign,Thursday,False,Normal
15774,6,22/02/2018 03:21:36,86163512,2,0,0,0,0,0,0.0,0.0,0,0,0.0,0.0,0.0,0.0232116815,86163512.0,0.0,86163512,86163512,86163512,86163512.0,0.0,86163512,86163512,0,0.0,0.0,0,0,0,0,0,0,40,0,0.0232116815,0.0,0,0,0.0,0.0,0.0,0,0,0,0,1,0,0,0,0,0.0,0.0,0.0,0,0,0,0,0,0,2,0,0,0,62558,-1,0,20,0.0,0.0,0,0,86163512.0,0.0,86163512,86163512,Benign,Thursday,False,Normal
53,17,22/02/2018 12:23:05,1642,1,1,51,161,51,51,51.0,0.0,161,161,161.0,0.0,129110.84043849,1218.0267965895,1642.0,0.0,1642,1642,0,0.0,0.0,0,0,0,0.0,0.0,0,0,0,0,0,0,8,8,609.0133982948,609.0133982948,51,161,87.6666666667,63.5085296109,4033.3333333333,0,0,0,0,0,0,0,0,1,131.5,51.0,161.0,0,0,0,0,0,0,1,51,1,161,-1,-1,0,8,0.0,0.0,0,0,0.0,0.0,0,0,Benign,Thursday,False,Normal
80,6,22/02/2018 10:26:40,6204662,4,4,97,231,97,0,24.25,48.5,231,0,57.75,115.5,52.8634758831,1.2893530703,886380.285714286,2317888.10731369,6142603,36,62059,20686.3333333333,35467.7824276248,61641,202,6204482,2068160.66666667,3581603.36553468,6203840,238,0,0,0,0,92,92,0.6446765352,0.6446765352,0,231,36.4444444444,79.6996096463,6352.0277777778,0,0,0,1,0,0,0,0,1,41.0,24.25,57.75,0,0,0,0,0,0,4,97,4,231,8192,141,1,20,0.0,0.0,0,0,0.0,0.0,0,0,Benign,Thursday,False,Normal
443,6,22/02/2018 10:42:20,10200616,8,9,699,5423,375,0,87.375,138.6825125447,1460,0,602.5555555556,661.9890692283,600.1598334846,1.6665660192,637538.5,2483048.06201139,9948722,0,251893,35984.7142857143,29655.2191399439,77621,4681,10176737,1272092.125,3526437.15816615,9999043,0,0,0,0,0,172,192,0.784266362,0.8822996572,0,1460,340.1111111111,536.1650194712,287472.928104575,0,0,0,1,0,0,0,0,1,360.1176470588,87.375,602.5555555556,0,0,0,0,0,0,8,699,9,5423,8192,11,3,20,251893.0,0.0,251893,251893,9948722.0,0.0,9948722,9948722,Benign,Thursday,False,Normal
0,0,22/02/2018 10:49:49,112639941,3,0,0,0,0,0,0.0,0.0,0,0,0.0,0.0,0.0,0.0266335367,56319970.5,57.2756492761,56320011,56319930,112639941,56319970.5,57.2756492761,56320011,56319930,0,0.0,0.0,0,0,0,0,0,0,0,0,0.0266335367,0.0,0,0,0.0,0.0,0.0,0,0,0,0,0,0,0,0,0,0.0,0.0,0.0,0,0,0,0,0,0,3,0,0,0,-1,-1,0,0,0.0,0.0,0,0,56319970.5,57.2756492761,56320011,56319930,Benign,Thursday,False,Normal
443,6,22/02/2018 11:07:08,115344135,21,20,770,4490,410,0,36.6666666667,98.3815700898,1460,0,224.5,465.6398540548,45.6026654498,0.3554580387,2883603.375,4484187.98831479,10015657,1,115344135,5767206.75,4979283.62416658,10109202,28,111342931,5860154.2631579,5108077.41657777,10109264,1,0,0,0,0,432,412,0.1820638735,0.1733941652,0,1460,125.2380952381,338.2398347777,114406.18583043,0,0,0,1,0,0,0,0,0,128.2926829268,36.6666666667,224.5,0,0,0,0,0,0,21,770,20,4490,8192,2560,15,20,115597.636363636,72941.0176927533,335523,93529,10006483.3636364,7693.9459872386,10015657,9999860,Benign,Thursday,False,Normal
50555,6,22/02/2018 11:30:59,1,2,0,0,0,0,0,0.0,0.0,0,0,0.0,0.0,0.0,2000000.0,1.0,0.0,1,1,1,1.0,0.0,1,1,0,0.0,0.0,0,0,0,0,0,0,40,0,2000000.0,0.0,0,0,0.0,0.0,0.0,0,0,0,0,1,0,0,0,0,0.0,0.0,0.0,0,0,0,0,0,0,2,0,0,0,189,-1,0,20,0.0,0.0,0,0,0.0,0.0,0,0,Benign,Thursday,False,Normal
80,6,22/02/2018 01:06:43,5045243,4,4,97,231,97,0,24.25,48.5,231,0,57.75,115.5,65.0117348163,1.5856520687,720749.0,1879684.17535615,4983158,41,62085,20695.0,35575.4906220561,61774,107,5045080,1681693.33333333,2912295.9202434,5044523,236,0,0,0,0,92,92,0.7928260343,0.7928260343,0,231,36.4444444444,79.6996096463,6352.0277777778,0,0,0,1,0,0,0,0,1,41.0,24.25,57.75,0,0,0,0,0,0,4,97,4,231,8192,141,1,20,0.0,0.0,0,0,0.0,0.0,0,0,Benign,Thursday,False,Normal
445,6,22/02/2018 01:41:17,173651,7,4,619,806,428,0,88.4285714286,158.4548906817,409,0,201.5,211.7836946824,8206.114563118,63.3454457504,17365.1,18969.9078569191,44164,86,173651,28941.8333333333,21945.2711663963,50662,474,129401,43133.6666666667,5681.4338272423,49694,39839,0,0,0,0,232,136,40.3107382048,23.0347075456,0,428,118.75,174.0251418617,30284.75,0,0,0,1,0,0,0,0,0,129.5454545455,88.4285714286,201.5,0,0,0,0,0,0,7,619,4,806,29200,257,3,32,0.0,0.0,0,0,0.0,0.0,0,0,Benign,Thursday,False,Normal
80,6,22/02/2018 02:47:01,82,2,0,0,0,0,0,0.0,0.0,0,0,0.0,0.0,0.0,24390.243902439,82.0,0.0,82,82,82,82.0,0.0,82,82,0,0.0,0.0,0,0,0,0,0,0,40,0,24390.243902439,0.0,0,0,0.0,0.0,0.0,0,0,0,0,1,0,0,0,0,0.0,0.0,0.0,0,0,0,0,0,0,2,0,0,0,278,-1,0,20,0.0,0.0,0,0,0.0,0.0,0,0,Benign,Thursday,False,Normal
53,17,22/02/2018 11:36:45,390,1,1,42,58,42,42,42.0,0.0,58,58,58.0,0.0,256410.256410256,5128.2051282051,390.0,0.0,390,390,0,0.0,0.0,0,0,0,0.0,0.0,0,0,0,0,0,0,8,8,2564.1025641026,2564.1025641026,42,58,47.3333333333,9.237604307,85.3333333333,0,0,0,0,0,0,0,0,1,71.0,42.0,58.0,0,0,0,0,0,0,1,42,1,58,-1,-1,0,8,0.0,0.0,0,0,0.0,0.0,0,0,Benign,Thursday,False,Normal
52001,6,22/02/2018 03:31:54,0,2,0,0,0,0,0,0.0,0.0,0,0,0.0,0.0,788.1881481705,46.3644477415,0.0,0.0,0,0,0,0.0,0.0,0,0,0,0.0,0.0,0,0,0,0,0,0,40,0,0.0,0.0,0,0,0.0,0.0,0.0,0,0,0,0,1,0,0,0,0,0.0,0.0,0.0,0,0,0,0,0,0,2,0,0,0,131,-1,0,20,0.0,0.0,0,0,0.0,0.0,0,0,Benign,Thursday,False,Normal
5355,17,22/02/2018 10:25:07,416640,2,0,44,0,22,22,22.0,0.0,0,0,0.0,0.0,105.6067588326,4.8003072197,416640.0,0.0,416640,416640,416640,416640.0,0.0,416640,416640,0,0.0,0.0,0,0,0,0,0,0,16,0,4.8003072197,0.0,22,22,22.0,0.0,0.0,0,0,0,0,0,0,0,0,0,33.0,22.0,0.0,0,0,0,0,0,0,2,44,0,0,-1,-1,1,8,0.0,0.0,0,0,0.0,0.0,0,0,Benign,Thursday,False,Normal
53,17,22/02/2018 11:36:26,286,1,1,31,63,31,31,31.0,0.0,63,63,63.0,0.0,328671.328671329,6993.006993007,286.0,0.0,286,286,0,0.0,0.0,0,0,0,0.0,0.0,0,0,0,0,0,0,8,8,3496.5034965035,3496.5034965035,31,63,41.6666666667,18.4752086141,341.3333333333,0,0,0,0,0,0,0,0,1,62.5,31.0,63.0,0,0,0,0,0,0,1,31,1,63,-1,-1,0,8,0.0,0.0,0,0,0.0,0.0,0,0,Benign,Thursday,False,Normal
52415,6,22/02/2018 11:45:53,33,2,0,0,0,0,0,0.0,0.0,0,0,0.0,0.0,0.0,60606.0606060606,33.0,0.0,33,33,33,33.0,0.0,33,33,0,0.0,0.0,0,0,0,0,0,0,40,0,60606.0606060606,0.0,0,0,0.0,0.0,0.0,0,0,0,0,1,0,0,0,0,0.0,0.0,0.0,0,0,0,0,0,0,2,0,0,0,260,-1,0,20,0.0,0.0,0,0,0.0,0.0,0,0,Benign,Thursday,False,Normal
50807,6,22/02/2018 11:54:54,10,2,0,0,0,0,0,0.0,0.0,0,0,0.0,0.0,0.0,200000.0,10.0,0.0,10,10,10,10.0,0.0,10,10,0,0.0,0.0,0,0,0,0,0,0,40,0,200000.0,0.0,0,0,0.0,0.0,0.0,1,0,0,0,0,0,0,0,0,0.0,0.0,0.0,0,0,0,0,0,0,2,0,0,0,0,-1,0,20,0.0,0.0,0,0,0.0,0.0,0,0,Benign,Thursday,False,Normal
3389,6,22/02/2018 03:49:13,2337985,10,6,1148,408,536,0,114.8,165.3607504149,293,0,68.0,112.5308846495,665.5303605455,6.8434998514,155865.666666667,257658.977514207,1009496,1,2337985,259776.111111111,373356.744076776,1221019,1,2126430,425286.0,344611.125659779,1009496,211767,0,0,0,0,208,132,4.2771874071,2.5663124443,0,536,91.5294117647,142.8566228982,20408.0147058824,0,0,0,1,0,0,0,0,0,97.25,114.8,68.0,0,0,0,0,0,0,10,1148,6,408,8192,64000,6,20,0.0,0.0,0,0,0.0,0.0,0,0,Benign,Thursday,False,Normal
1189,6,22/02/2018 12:23:13,85874711,2,0,0,0,0,0,0.0,0.0,0,0,0.0,0.0,0.0,0.0232897436,85874711.0,0.0,85874711,85874711,85874711,85874711.0,0.0,85874711,85874711,0,0.0,0.0,0,0,0,0,0,0,40,0,0.0232897436,0.0,0,0,0.0,0.0,0.0,0,0,0,0,1,0,0,0,0,0.0,0.0,0.0,0,0,0,0,0,0,2,0,0,0,62558,-1,0,20,0.0,0.0,0,0,85874711.0,0.0,85874711,85874711,Benign,Thursday,False,Normal
445,6,22/02/2018 09:48:26,331663,3,1,0,0,0,0,0.0,0.0,0,0,0.0,0.0,0.0,12.060434839,110554.333333333,187871.378366513,327477,75,331663,165831.5,228707.324413758,327552,4111,0,0.0,0.0,0,0,0,0,0,0,72,32,9.0453261292,3.0151087097,0,0,0.0,0.0,0.0,0,0,0,1,0,0,0,0,0,0.0,0.0,0.0,0,0,0,0,0,0,3,0,1,0,8192,8192,0,20,0.0,0.0,0,0,0.0,0.0,0,0,Benign,Thursday,False,Normal
3389,6,22/02/2018 10:05:21,4218595,13,9,1439,1731,725,0,110.6923076923,196.6076399903,1179,0,192.3333333333,386.0744746807,751.4350156865,5.215006418,200885.476190476,243567.717755785,953354,69,4218595,351549.583333333,341921.455449124,1305471,105069,4049492,506186.5,338602.259500098,953354,140624,0,0,0,0,272,192,3.0815947016,2.1334117165,0,1179,137.8260869565,278.9256421235,77799.5138339921,0,0,1,1,0,0,0,1,0,144.0909090909,110.6923076923,192.3333333333,0,0,0,0,0,0,13,1439,9,1731,8192,62561,7,20,0.0,0.0,0,0,0.0,0.0,0,0,Benign,Thursday,False,Normal
3389,6,22/02/2018 10:21:39,3966111,14,8,1438,1731,725,0,102.7142857143,191.221751487,1179,0,216.375,405.4647906151,799.0194928987,5.5469955329,188862.428571429,263989.471609299,953137,59,3966111,305085.461538462,353382.190254314,1231369,53611,3845515,549359.285714286,345123.796874742,953137,165736,0,0,0,0,292,172,3.5299062482,2.0170892847,0,1179,137.7826086957,278.9413357226,77808.2687747036,0,0,1,1,0,0,0,1,0,144.0454545455,102.7142857143,216.375,0,0,0,0,0,0,14,1438,8,1731,8192,62647,7,20,0.0,0.0,0,0,0.0,0.0,0,0,Benign,Thursday,False,Normal
443,6,22/02/2018 10:22:55,179036,8,8,583,5343,249,0,72.875,106.0019373138,1460,0,667.875,618.9512876056,33099.4883710539,89.3675015081,11935.7333333333,17613.671396579,52063,14,179036,25576.5714285714,29588.5267395835,83186,300,96633,13804.7142857143,16843.316317502,32453,27,0,0,0,0,172,172,44.683750754,44.683750754,0,1460,348.5882352941,518.7465733409,269098.007352941,0,0,0,1,0,0,0,0,1,370.375,72.875,667.875,0,0,0,0,0,0,8,583,8,5343,8192,980,3,20,0.0,0.0,0,0,0.0,0.0,0,0,Benign,Thursday,False,Normal
3389,6,22/02/2018 10:46:35,4120430,13,8,1438,1731,725,0,110.6153846154,196.6369490803,1179,0,216.375,405.4647906151,769.0944877112,5.0965554566,206021.5,246663.982035758,953144,56,4120430,343369.166666667,351916.175519588,1314806,50087,3606128,515161.142857143,328203.58648377,953144,107439,0,0,0,0,272,172,3.1550105207,1.9415449358,0,1179,144.0454545455,283.8456115018,80568.3311688312,0,0,1,1,0,0,0,1,0,150.9047619048,110.6153846154,216.375,0,0,0,0,0,0,13,1438,8,1731,8192,62647,7,20,0.0,0.0,0,0,0.0,0.0,0,0,Benign,Thursday,False,Normal
443,6,22/02/2018 10:54:05,116960917,17,18,1104,3843,457,0,64.9411764706,118.671010881,1430,0,213.5,452.0168203534,42.2961800137,0.2992452599,3440026.97058824,13838262.5692629,57977937,1,116960917,7310057.3125,19803473.7701597,58114710,95,116804980,6870881.17647059,19281381.7858251,58122602,1,0,0,0,0,352,372,0.1453476976,0.1538975622,0,1430,137.4166666667,334.2850259456,111746.478571429,0,0,0,1,0,0,0,0,1,141.3428571429,64.9411764706,213.5,0,0,0,0,0,0,17,1104,18,3843,8192,180,8,20,429699.5,387130.356097917,703442,155957,57972735.5,7356.0318446837,57977937,57967534,Benign,Thursday,False,Normal
80,6,22/02/2018 11:31:57,5460690,3,1,0,0,0,0,0.0,0.0,0,0,0.0,0.0,0.0,0.7325081629,1820230.0,3142999.94782676,5449448,35,5460690,2730345.0,3845392.34008937,5449448,11242,0,0.0,0.0,0,0,0,0,0,0,72,32,0.5493811222,0.1831270407,0,0,0.0,0.0,0.0,0,0,0,1,0,0,0,0,0,0.0,0.0,0.0,0,0,0,0,0,0,3,0,1,0,8192,65535,0,20,0.0,0.0,0,0,0.0,0.0,0,0,Benign,Thursday,False,Normal
443,6,22/02/2018 11:36:05,110105602,1815,5745,11940,8328149,502,0,6.5785123967,56.8469994475,1460,35,1449.6342906876,97.201735276,75746.2731097006,68.6613565766,14566.1598094986,378283.042766465,9939157,0,110105602,60697.6857772877,770550.103356896,9939157,14,110083864,19165.0181058496,435038.231214215,9968129,0,1,0,0,0,36300,114900,16.4841748924,52.1771816842,0,1460,1103.1056738527,622.8328625547,387920.77467812,0,1,0,0,1,0,0,0,3,1103.2515873016,6.5785123967,1449.6342906876,0,0,0,0,0,0,1815,11940,5745,8328149,17667,3526,23,20,80036.2727272727,14424.9086173252,122177,70216,9922967.81818182,10689.494439104,9939157,9895450,Benign,Thursday,False,Normal
3389,6,22/02/2018 11:46:28,4098418,14,8,1440,1731,725,0,102.8571428571,191.1728405006,1179,0,216.375,405.4647906151,773.7131742053,5.367924892,195162.761904762,244575.448410077,953173,37,4098418,315262.923076923,330182.837996733,1254014,35889,4062499,580357.0,298210.836364699,953173,162338,0,0,0,0,292,172,3.415952204,1.951972688,0,1179,137.8695652174,278.9101035276,77790.8458498024,0,0,1,1,0,0,0,1,0,144.1363636364,102.8571428571,216.375,0,0,0,0,0,0,14,1440,8,1731,8192,62560,7,20,0.0,0.0,0,0,0.0,0.0,0,0,Benign,Thursday,False,Normal
3389,6,22/02/2018 11:51:54,4018498,14,8,1459,1731,741,0,104.2142857143,195.1134496691,1179,0,216.375,405.4647906151,793.8289380759,5.4746823316,191357.047619048,268473.141756578,953131,56,4018498,309115.230769231,376438.347874557,1314365,14689,3929533,561361.857142857,389833.007623533,1086571,149937,0,0,0,0,292,172,3.4838887564,1.9907935751,0,1179,138.6956521739,280.4109702793,78630.3122529644,0,0,1,1,0,0,0,1,0,145.0,104.2142857143,216.375,0,0,0,0,0,0,14,1459,8,1731,8192,62626,7,20,0.0,0.0,0,0,0.0,0.0,0,0,Benign,Thursday,False,Normal
80,6,22/02/2018 01:45:42,93,2,0,0,0,0,0,0.0,0.0,0,0,0.0,0.0,0.0,21505.376344086,93.0,0.0,93,93,93,93.0,0.0,93,93,0,0.0,0.0,0,0,0,0,0,0,40,0,21505.376344086,0.0,0,0,0.0,0.0,0.0,0,0,0,0,1,0,0,0,0,0.0,0.0,0.0,0,0,0,0,0,0,2,0,0,0,278,-1,0,20,0.0,0.0,0,0,0.0,0.0,0,0,Benign,Thursday,False,Normal
80,6,22/02/2018 01:46:52,116836065,29,26,4495,11014,510,0,155.0,234.3801856569,1460,0,423.6153846154,557.112992268,132.7415468845,0.4707450563,2163630.83333333,4059425.90703464,10012160,0,116836065,4172716.60714286,4903680.240792,10062290,112,111898219,4475928.76,5054600.29776543,10062623,0,0,0,0,0,592,664,0.2482110297,0.2225340266,0,1460,276.9464285714,434.1090947778,188450.706168831,0,0,0,1,0,0,0,0,0,281.9818181818,155.0,423.6153846154,0,0,0,0,0,0,29,4495,26,11014,8192,252,20,20,163585.636363636,375354.195123292,1295321,50130,10008971.4545455,9533.6358055429,10012160,9980231,Benign,Thursday,False,Normal
445,6,22/02/2018 02:07:03,281468,3,1,0,0,0,0,0.0,0.0,0,0,0.0,0.0,0.0,14.2112069578,93822.6666666667,162317.698228916,281251,101,281468,140734.0,198863.88271378,281352,116,0,0.0,0.0,0,0,0,0,0,0,68,28,10.6584052184,3.5528017395,0,0,0.0,0.0,0.0,0,0,0,1,0,0,0,0,0,0.0,0.0,0.0,0,0,0,0,0,0,3,0,1,0,8192,8192,0,20,0.0,0.0,0,0,0.0,0.0,0,0,Benign,Thursday,False,Normal
443,6,22/02/2018 04:10:54,258,3,0,46,0,46,0,15.3333333333,26.5581123827,0,0,0.0,0.0,178294.573643411,11627.9069767442,129.0,12.7279220614,138,120,258,129.0,12.7279220614,138,120,0,0.0,0.0,0,0,0,0,0,0,60,0,11627.9069767442,0.0,0,46,11.5,23.0,529.0,0,0,0,0,1,0,0,0,0,15.3333333333,15.3333333333,0.0,0,0,0,0,0,0,3,46,0,0,255,-1,1,20,0.0,0.0,0,0,0.0,0.0,0,0,Benign,Thursday,False,Normal
443,6,22/02/2018 04:15:26,60848575,20,19,2379,9401,584,0,118.95,185.3669121102,1460,0,494.7894736842,555.7866875927,193.5953307041,0.6409353054,1601278.28947368,3678190.33124421,10003784,16,60848575,3202556.57894737,4739536.36311234,10015419,201,60836050,3379780.55555556,4829711.10449316,10015888,24,0,0,0,0,412,464,0.328684772,0.3122505334,0,1460,294.5,443.7117336336,196880.102564103,0,0,0,1,0,0,0,0,0,302.0512820513,118.95,494.7894736842,0,0,0,0,0,0,20,2379,19,9401,8192,142,13,20,58377.8333333333,114163.18664336,291412,11615,9980018.83333333,57775.5229744108,10003784,9862086,Benign,Thursday,False,Normal
53,17,22/02/2018 01:24:20,1020,1,1,49,77,49,49,49.0,0.0,77,77,77.0,0.0,123529.411764706,1960.7843137255,1020.0,0.0,1020,1020,0,0.0,0.0,0,0,0,0.0,0.0,0,0,0,0,0,0,8,8,980.3921568627,980.3921568627,49,77,58.3333333333,16.1658075373,261.3333333333,0,0,0,0,0,0,0,0,1,87.5,49.0,77.0,0,0,0,0,0,0,1,49,1,77,-1,-1,0,8,0.0,0.0,0,0,0.0,0.0,0,0,Benign,Thursday,False,Normal
443,6,22/02/2018 05:14:30,339,3,0,77,0,46,0,25.6666666667,23.4591844132,0,0,0.0,0.0,227138.643067847,8849.5575221239,169.5,195.8685783887,308,31,339,169.5,195.8685783887,308,31,0,0.0,0.0,0,0,1,0,0,0,60,0,8849.5575221239,0.0,0,46,30.75,21.6852484422,470.25,0,1,0,0,1,0,0,0,0,41.0,25.6666666667,0.0,0,0,0,0,0,0,3,77,0,0,258,-1,1,20,0.0,0.0,0,0,0.0,0.0,0,0,Benign,Thursday,False,Normal
80,6,22/02/2018 05:24:57,54920172,2,0,0,0,0,0,0.0,0.0,0,0,0.0,0.0,0.0,0.0364164919,54920172.0,0.0,54920172,54920172,54920172,54920172.0,0.0,54920172,54920172,0,0.0,0.0,0,0,0,0,0,0,40,0,0.0364164919,0.0,0,0,0.0,0.0,0.0,0,0,0,0,1,0,0,0,0,0.0,0.0,0.0,0,0,0,0,0,0,2,0,0,0,279,-1,0,20,0.0,0.0,0,0,0.0,0.0,0,0,Benign,Thursday,False,Normal
53551,6,22/02/2018 04:52:00,22,2,0,0,0,0,0,0.0,0.0,0,0,0.0,0.0,0.0,90909.0909090909,22.0,0.0,22,22,22,22.0,0.0,22,22,0,0.0,0.0,0,0,0,0,0,0,40,0,90909.0909090909,0.0,0,0,0.0,0.0,0.0,1,0,0,0,0,0,0,0,0,0.0,0.0,0.0,0,0,0,0,0,0,2,0,0,0,0,-1,0,20,0.0,0.0,0,0,0.0,0.0,0,0,Benign,Thursday,False,Normal
0,0,22/02/2018 05:29:46,31344,2,0,0,0,0,0,0.0,0.0,0,0,0.0,0.0,0.0,63.8080653395,31344.0,0.0,31344,31344,31344,31344.0,0.0,31344,31344,0,0.0,0.0,0,0,0,0,0,0,0,0,63.8080653395,0.0,0,0,0.0,0.0,0.0,0,0,0,0,0,0,0,0,0,0.0,0.0,0.0,0,0,0,0,0,0,2,0,0,0,-1,-1,0,0,0.0,0.0,0,0,0.0,0.0,0,0,Benign,Thursday,False,Normal
53,17,22/02/2018 11:45:22,12061,1,1,55,83,55,55,55.0,0.0,83,83,83.0,0.0,11441.8373269215,165.8237293757,12061.0,0.0,12061,12061,0,0.0,0.0,0,0,0,0.0,0.0,0,0,0,0,0,0,8,8,82.9118646878,82.9118646878,55,83,64.3333333333,16.1658075373,261.3333333333,0,0,0,0,0,0,0,0,1,96.5,55.0,83.0,0,0,0,0,0,0,1,55,1,83,-1,-1,0,8,0.0,0.0,0,0,0.0,0.0,0,0,Benign,Thursday,False,Normal
40705,6,22/02/2018 09:40:45,86089365,2,0,0,0,0,0,0.0,0.0,0,0,0.0,0.0,0.0,0.0232316733,86089365.0,0.0,86089365,86089365,86089365,86089365.0,0.0,86089365,86089365,0,0.0,0.0,0,0,0,0,0,0,40,0,0.0232316733,0.0,0,0,0.0,0.0,0.0,0,0,0,0,1,0,0,0,0,0.0,0.0,0.0,0,0,0,0,0,0,2,0,0,0,62541,-1,0,20,0.0,0.0,0,0,86089365.0,0.0,86089365,86089365,Benign,Thursday,False,Normal
53,17,22/02/2018 01:46:52,397,1,1,41,201,41,41,41.0,0.0,201,201,201.0,0.0,609571.788413098,5037.7833753149,397.0,0.0,397,397,0,0.0,0.0,0,0,0,0.0,0.0,0,0,0,0,0,0,8,8,2518.8916876574,2518.8916876574,41,201,94.3333333333,92.3760430703,8533.3333333333,0,0,0,0,0,0,0,0,1,141.5,41.0,201.0,0,0,0,0,0,0,1,41,1,201,-1,-1,0,8,0.0,0.0,0,0,0.0,0.0,0,0,Benign,Thursday,False,Normal
53,17,22/02/2018 10:59:29,13023,1,1,32,160,32,32,32.0,0.0,160,160,160.0,0.0,14743.1467403824,153.5744452123,13023.0,0.0,13023,13023,0,0.0,0.0,0,0,0,0.0,0.0,0,0,0,0,0,0,8,8,76.7872226062,76.7872226062,32,160,74.6666666667,73.9008344563,5461.3333333333,0,0,0,0,0,0,0,0,1,112.0,32.0,160.0,0,0,0,0,0,0,1,32,1,160,-1,-1,0,8,0.0,0.0,0,0,0.0,0.0,0,0,Benign,Thursday,False,Normal
49909,6,22/02/2018 09:59:17,38,1,1,0,0,0,0,0.0,0.0,0,0,0.0,0.0,0.0,52631.5789473684,38.0,0.0,38,38,0,0.0,0.0,0,0,0,0.0,0.0,0,0,0,0,0,0,20,20,26315.7894736842,26315.7894736842,0,0,0.0,0.0,0.0,0,0,0,0,1,1,0,0,1,0.0,0.0,0.0,0,0,0,0,0,0,1,0,1,0,946,253,0,20,0.0,0.0,0,0,0.0,0.0,0,0,Benign,Thursday,False,Normal
53,17,22/02/2018 09:30:23,830,1,1,45,61,45,45,45.0,0.0,61,61,61.0,0.0,127710.843373494,2409.6385542169,830.0,0.0,830,830,0,0.0,0.0,0,0,0,0.0,0.0,0,0,0,0,0,0,8,8,1204.8192771084,1204.8192771084,45,61,50.3333333333,9.237604307,85.3333333333,0,0,0,0,0,0,0,0,1,75.5,45.0,61.0,0,0,0,0,0,0,1,45,1,61,-1,-1,0,8,0.0,0.0,0,0,0.0,0.0,0,0,Benign,Thursday,False,Normal
445,6,22/02/2018 10:11:10,1026059,6,5,455,338,140,0,75.8333333333,62.9362110924,145,0,67.6,69.7588704037,772.8600402121,10.7206310748,102605.9,132337.450397291,258951,4,1025995,205199.0,114721.846117032,259059,4,1025997,256499.25,1999.1718910589,259015,254152,0,0,0,0,132,112,5.8476169499,4.8730141249,0,145,66.0833333333,63.40269328,4019.9015151515,0,0,0,1,0,0,0,0,0,72.0909090909,75.8333333333,67.6,0,0,0,0,0,0,6,455,5,338,8192,0,4,20,0.0,0.0,0,0,0.0,0.0,0,0,Benign,Thursday,False,Normal
53,17,22/02/2018 10:48:37,18197,1,1,37,69,37,37,37.0,0.0,69,69,69.0,0.0,5825.1360114305,109.9082266308,18197.0,0.0,18197,18197,0,0.0,0.0,0,0,0,0.0,0.0,0,0,0,0,0,0,8,8,54.9541133154,54.9541133154,37,69,47.6666666667,18.4752086141,341.3333333333,0,0,0,0,0,0,0,0,1,71.5,37.0,69.0,0,0,0,0,0,0,1,37,1,69,-1,-1,0,8,0.0,0.0,0,0,0.0,0.0,0,0,Benign,Thursday,False,Normal
53,17,22/02/2018 11:18:22,227,1,1,51,67,51,51,51.0,0.0,67,67,67.0,0.0,519823.788546256,8810.5726872247,227.0,0.0,227,227,0,0.0,0.0,0,0,0,0.0,0.0,0,0,0,0,0,0,8,8,4405.2863436123,4405.2863436123,51,67,56.3333333333,9.237604307,85.3333333333,0,0,0,0,0,0,0,0,1,84.5,51.0,67.0,0,0,0,0,0,0,1,51,1,67,-1,-1,0,8,0.0,0.0,0,0,0.0,0.0,0,0,Benign,Thursday,False,Normal
51696,6,22/02/2018 01:27:14,1,2,0,0,0,0,0,0.0,0.0,0,0,0.0,0.0,0.0,2000000.0,1.0,0.0,1,1,1,1.0,0.0,1,1,0,0.0,0.0,0,0,0,0,0,0,40,0,2000000.0,0.0,0,0,0.0,0.0,0.0,1,0,0,0,0,0,0,0,0,0.0,0.0,0.0,0,0,0,0,0,0,2,0,0,0,0,-1,0,20,0.0,0.0,0,0,0.0,0.0,0,0,Benign,Thursday,False,Normal
445,6,22/02/2018 12:21:12,1239377,6,5,455,338,140,0,75.8333333333,62.9362110924,145,0,67.6,69.7588704037,639.8375958244,8.8754269282,123937.7,159856.130559151,311097,69,1239304,247860.8,138443.880918226,311227,210,1239308,309827.0,965.8253810429,311211,309097,0,0,0,0,132,112,4.8411419608,4.0342849674,0,145,66.0833333333,63.40269328,4019.9015151515,0,0,0,1,0,0,0,0,0,72.0909090909,75.8333333333,67.6,0,0,0,0,0,0,6,455,5,338,8192,0,4,20,0.0,0.0,0,0,0.0,0.0,0,0,Benign,Thursday,False,Normal
55540,6,22/02/2018 10:28:50,86368725,2,0,0,0,0,0,0.0,0.0,0,0,0.0,0.0,0.0,0.0231565303,86368725.0,0.0,86368725,86368725,86368725,86368725.0,0.0,86368725,86368725,0,0.0,0.0,0,0,0,0,0,0,40,0,0.0231565303,0.0,0,0,0.0,0.0,0.0,0,0,0,0,1,0,0,0,0,0.0,0.0,0.0,0,0,0,0,0,0,2,0,0,0,62560,-1,0,20,0.0,0.0,0,0,86368725.0,0.0,86368725,86368725,Benign,Thursday,False,Normal
53,17,22/02/2018 02:16:53,61277,2,2,60,320,30,30,30.0,0.0,160,160,160.0,0.0,6201.3479772182,65.2773471286,20425.6666666667,30839.4018964917,55939,395,60882,60882.0,0.0,60882,60882,5338,5338.0,0.0,5338,5338,0,0,0,0,16,16,32.6386735643,32.6386735643,30,160,82.0,71.2039324757,5070.0,0,0,0,0,0,0,0,0,1,102.5,30.0,160.0,0,0,0,0,0,0,2,60,2,320,-1,-1,1,8,0.0,0.0,0,0,0.0,0.0,0,0,Benign,Thursday,False,Normal
80,6,22/02/2018 09:06:48,439,2,0,0,0,0,0,0.0,0.0,0,0,0.0,0.0,0.0,4555.8086560365,439.0,0.0,439,439,439,439.0,0.0,439,439,0,0.0,0.0,0,0,0,0,0,0,40,0,4555.8086560365,0.0,0,0,0.0,0.0,0.0,0,0,0,0,1,0,0,0,0,0.0,0.0,0.0,0,0,0,0,0,0,2,0,0,0,256,-1,0,20,0.0,0.0,0,0,0.0,0.0,0,0,Benign,Thursday,False,Normal
445,6,22/02/2018 09:35:48,229627,3,1,0,0,0,0,0.0,0.0,0,0,0.0,0.0,0.0,17.4195543207,76542.3333333333,132505.933970269,229547,1,229627,114813.5,162369.394629961,229626,1,0,0.0,0.0,0,0,0,0,0,0,72,32,13.0646657405,4.3548885802,0,0,0.0,0.0,0.0,0,0,0,1,0,0,0,0,0,0.0,0.0,0.0,0,0,0,0,0,0,3,0,1,0,8192,8192,0,20,0.0,0.0,0,0,0.0,0.0,0,0,Benign,Thursday,False,Normal
443,6,22/02/2018 09:53:32,320,3,0,77,0,46,0,25.6666666667,23.4591844132,0,0,0.0,0.0,240625.0,9375.0,160.0,195.1614716075,298,22,320,160.0,195.1614716075,298,22,0,0.0,0.0,0,0,1,0,0,0,60,0,9375.0,0.0,0,46,30.75,21.6852484422,470.25,0,1,0,0,1,0,0,0,0,41.0,25.6666666667,0.0,0,0,0,0,0,0,3,77,0,0,255,-1,1,20,0.0,0.0,0,0,0.0,0.0,0,0,Benign,Thursday,False,Normal
80,6,22/02/2018 02:52:21,2418,2,0,0,0,0,0,0.0,0.0,0,0,0.0,0.0,0.0,827.1298593879,2418.0,0.0,2418,2418,2418,2418.0,0.0,2418,2418,0,0.0,0.0,0,0,0,0,0,0,40,0,827.1298593879,0.0,0,0,0.0,0.0,0.0,0,0,0,0,1,0,0,0,0,0.0,0.0,0.0,0,0,0,0,0,0,2,0,0,0,253,-1,0,20,0.0,0.0,0,0,0.0,0.0,0,0,Benign,Thursday,False,Normal
53032,6,22/02/2018 04:09:53,62,3,1,31,0,31,0,10.3333333333,17.8978583449,0,0,0.0,0.0,500000.0,64516.1290322581,20.6666666667,17.2433562085,36,2,62,31.0,41.0121933088,60,2,0,0.0,0.0,0,0,0,0,0,0,60,20,48387.0967741936,16129.0322580645,0,31,6.2,13.8636214605,192.2,0,0,0,0,1,0,0,0,0,7.75,10.3333333333,0.0,0,0,0,0,0,0,3,31,1,0,30016,0,1,20,0.0,0.0,0,0,0.0,0.0,0,0,Benign,Thursday,False,Normal
80,6,22/02/2018 04:26:45,116050049,16,15,443,2502,432,0,27.6875,107.8175735521,1460,0,166.8,447.2160232243,25.3769819606,0.2671261259,3868334.96666667,4834398.49132321,10000921,1,116050049,7736669.93333333,4099235.34746063,10031005,30365,110893124,7920937.42857143,4194944.41249155,10031711,1,0,0,0,0,332,444,0.1378715489,0.129254577,0,1460,92.03125,317.9047822931,101063.450604839,0,0,0,1,0,0,0,0,0,95.0,27.6875,166.8,0,0,0,0,0,0,16,443,15,2502,8192,946,12,20,80541.5454545455,166266.533665897,581854,30372,10000575.7272727,125.3611510071,10000921,10000437,Benign,Thursday,False,Normal
443,6,22/02/2018 04:32:47,2043638,10,14,1611,5785,1049,0,161.1,322.8964230214,1460,0,413.2142857143,605.4240952959,3619.0362481027,11.7437628386,88853.8260869565,406525.906254521,1953165,0,44221,4913.4444444445,5267.1224143528,13546,34,2032155,156319.615384615,540040.700304391,1953165,0,0,0,0,0,212,292,4.8932345161,6.8505283225,0,1460,295.84,506.8407606603,256887.556666667,0,0,0,1,0,0,0,0,1,308.1666666667,161.1,413.2142857143,0,0,0,0,0,0,10,1611,14,5785,8192,122,5,20,0.0,0.0,0,0,0.0,0.0,0,0,Benign,Thursday,False,Normal
53,17,22/02/2018 09:09:15,37015,1,1,43,102,43,43,43.0,0.0,102,102,102.0,0.0,3917.330811833,54.0321491287,37015.0,0.0,37015,37015,0,0.0,0.0,0,0,0,0.0,0.0,0,0,0,0,0,0,8,8,27.0160745644,27.0160745644,43,102,62.6666666667,34.0636658822,1160.3333333333,0,0,0,0,0,0,0,0,1,94.0,43.0,102.0,0,0,0,0,0,0,1,43,1,102,-1,-1,0,8,0.0,0.0,0,0,0.0,0.0,0,0,Benign,Thursday,False,Normal
53,17,22/02/2018 04:04:44,19826,2,2,90,218,45,45,45.0,0.0,109,109,109.0,0.0,15535.1558559467,201.7552708565,6608.6666666667,10645.5389874507,18901,425,19401,19401.0,0.0,19401,19401,19326,19326.0,0.0,19326,19326,0,0,0,0,16,16,100.8776354282,100.8776354282,45,109,70.6,35.0542436803,1228.8,0,0,0,0,0,0,0,0,1,88.25,45.0,109.0,0,0,0,0,0,0,2,90,2,218,-1,-1,1,8,0.0,0.0,0,0,0.0,0.0,0,0,Benign,Thursday,False,Normal
53,17,22/02/2018 02:38:50,266,1,1,38,118,38,38,38.0,0.0,118,118,118.0,0.0,586466.165413534,7518.7969924812,266.0,0.0,266,266,0,0.0,0.0,0,0,0,0.0,0.0,0,0,0,0,0,0,8,8,3759.3984962406,3759.3984962406,38,118,64.6666666667,46.1880215352,2133.3333333333,0,0,0,0,0,0,0,0,1,97.0,38.0,118.0,0,0,0,0,0,0,1,38,1,118,-1,-1,0,8,0.0,0.0,0,0,0.0,0.0,0,0,Benign,Thursday,False,Normal
3389,6,22/02/2018 12:58:33,4379025,8,8,1128,1618,661,0,141.0,222.62332056,1173,0,202.25,403.7533723875,627.0802290464,3.6537813783,291935.0,314287.363247168,953128,77,4379025,625575.0,725821.145773989,2230820,77,3965240,566462.857142857,220829.77071146,953128,409441,0,0,0,0,172,172,1.8268906891,1.8268906891,0,1173,161.5294117647,309.3111535426,95673.3897058824,0,0,1,1,0,0,0,1,1,171.625,141.0,202.25,0,0,0,0,0,0,8,1128,8,1618,8192,62872,5,20,0.0,0.0,0,0,0.0,0.0,0,0,Benign,Thursday,False,Normal
53,17,22/02/2018 12:35:06,351,1,1,45,61,45,45,45.0,0.0,61,61,61.0,0.0,301994.301994302,5698.0056980057,351.0,0.0,351,351,0,0.0,0.0,0,0,0,0.0,0.0,0,0,0,0,0,0,8,8,2849.0028490029,2849.0028490029,45,61,50.3333333333,9.237604307,85.3333333333,0,0,0,0,0,0,0,0,1,75.5,45.0,61.0,0,0,0,0,0,0,1,45,1,61,-1,-1,0,8,0.0,0.0,0,0,0.0,0.0,0,0,Benign,Thursday,False,Normal
3389,6,22/02/2018 09:41:45,11189371,8,7,1148,1581,677,0,143.5,228.129662379,1173,0,225.8571428571,430.0986044197,243.8921723125,1.3405579277,799240.785714286,2406349.93865625,9117120,99,11189371,1598481.57142857,3336618.6384526,9117120,170054,11017236,1836206.0,3663924.62522749,9289229,172063,0,0,0,0,172,152,0.7149642281,0.6255936996,0,1173,170.5625,319.433241591,102037.595833333,0,0,0,1,0,0,0,0,0,181.9333333333,143.5,225.8571428571,0,0,0,0,0,0,8,1148,7,1581,8192,62852,5,20,170054.0,0.0,170054,170054,9117120.0,0.0,9117120,9117120,Benign,Thursday,False,Normal
51098,6,22/02/2018 11:58:59,4973762,2,0,0,0,0,0,0.0,0.0,0,0,0.0,0.0,0.0,0.402110113,4973762.0,0.0,4973762,4973762,4973762,4973762.0,0.0,4973762,4973762,0,0.0,0.0,0,0,0,0,0,0,40,0,0.402110113,0.0,0,0,0.0,0.0,0.0,0,0,0,0,1,0,0,0,0,0.0,0.0,0.0,0,0,0,0,0,0,2,0,0,0,237,-1,0,20,0.0,0.0,0,0,0.0,0.0,0,0,Benign,Thursday,False,Normal
53,17,22/02/2018 04:32:45,455,1,1,42,58,42,42,42.0,0.0,58,58,58.0,0.0,219780.21978022,4395.6043956044,455.0,0.0,455,455,0,0.0,0.0,0,0,0,0.0,0.0,0,0,0,0,0,0,8,8,2197.8021978022,2197.8021978022,42,58,47.3333333333,9.237604307,85.3333333333,0,0,0,0,0,0,0,0,1,71.0,42.0,58.0,0,0,0,0,0,0,1,42,1,58,-1,-1,0,8,0.0,0.0,0,0,0.0,0.0,0,0,Benign,Thursday,False,Normal
51640,6,22/02/2018 01:33:05,12,1,1,0,0,0,0,0.0,0.0,0,0,0.0,0.0,0.0,166666.666666667,12.0,0.0,12,12,0,0.0,0.0,0,0,0,0.0,0.0,0,0,0,0,0,0,20,20,83333.3333333333,83333.3333333333,0,0,0.0,0.0,0.0,0,0,0,0,1,1,0,0,1,0.0,0.0,0.0,0,0,0,0,0,0,1,0,1,0,946,253,0,20,0.0,0.0,0,0,0.0,0.0,0,0,Benign,Thursday,False,Normal
3389,6,22/02/2018 02:57:52,3596656,8,7,1128,1581,661,0,141.0,222.62332056,1173,0,225.8571428571,430.0986044197,753.1996387756,4.1705406355,256904.0,291093.439906528,952005,111,3596656,513808.0,444933.903494665,1454130,218,3144815,524135.833333333,210249.68671788,952005,416159,0,0,0,0,172,152,2.2242883389,1.9462522966,0,1173,169.3125,317.7312740352,100953.1625,0,0,1,1,0,0,0,1,0,180.6,141.0,225.8571428571,0,0,0,0,0,0,8,1128,7,1581,8192,62872,5,20,0.0,0.0,0,0,0.0,0.0,0,0,Benign,Thursday,False,Normal
53,17,22/02/2018 12:07:24,367,1,1,34,98,34,34,34.0,0.0,98,98,98.0,0.0,359673.024523161,5449.591280654,367.0,0.0,367,367,0,0.0,0.0,0,0,0,0.0,0.0,0,0,0,0,0,0,8,8,2724.795640327,2724.795640327,34,98,55.3333333333,36.9504172281,1365.3333333333,0,0,0,0,0,0,0,0,1,83.0,34.0,98.0,0,0,0,0,0,0,1,34,1,98,-1,-1,0,8,0.0,0.0,0,0,0.0,0.0,0,0,Benign,Thursday,False,Normal
53,17,22/02/2018 01:44:44,1343,1,1,43,71,43,43,43.0,0.0,71,71,71.0,0.0,84884.5867460908,1489.2032762472,1343.0,0.0,1343,1343,0,0.0,0.0,0,0,0,0.0,0.0,0,0,0,0,0,0,8,8,744.6016381236,744.6016381236,43,71,52.3333333333,16.1658075373,261.3333333333,0,0,0,0,0,0,0,0,1,78.5,43.0,71.0,0,0,0,0,0,0,1,43,1,71,-1,-1,0,8,0.0,0.0,0,0,0.0,0.0,0,0,Benign,Thursday,False,Normal
53,17,22/02/2018 02:38:57,52989,2,2,76,228,38,38,38.0,0.0,114,114,114.0,0.0,5737.0397629697,75.4873653022,17663.0,29369.5912637544,51574,382,52607,52607.0,0.0,52607,52607,51956,51956.0,0.0,51956,51956,0,0,0,0,16,16,37.7436826511,37.7436826511,38,114,68.4,41.6269143704,1732.8,0,0,0,0,0,0,0,0,1,85.5,38.0,114.0,0,0,0,0,0,0,2,76,2,228,-1,-1,1,8,0.0,0.0,0,0,0.0,0.0,0,0,Benign,Thursday,False,Normal
80,6,22/02/2018 09:15:34,82,2,0,0,0,0,0,0.0,0.0,0,0,0.0,0.0,0.0,24390.243902439,82.0,0.0,82,82,82,82.0,0.0,82,82,0,0.0,0.0,0,0,0,0,0,0,40,0,24390.243902439,0.0,0,0,0.0,0.0,0.0,0,0,0,0,1,0,0,0,0,0.0,0.0,0.0,0,0,0,0,0,0,2,0,0,0,279,-1,0,20,0.0,0.0,0,0,0.0,0.0,0,0,Benign,Thursday,False,Normal
53,17,22/02/2018 11:08:43,459,1,1,45,61,45,45,45.0,0.0,61,61,61.0,0.0,230936.819172113,4357.2984749455,459.0,0.0,459,459,0,0.0,0.0,0,0,0,0.0,0.0,0,0,0,0,0,0,8,8,2178.6492374728,2178.6492374728,45,61,50.3333333333,9.237604307,85.3333333333,0,0,0,0,0,0,0,0,1,75.5,45.0,61.0,0,0,0,0,0,0,1,45,1,61,-1,-1,0,8,0.0,0.0,0,0,0.0,0.0,0,0,Benign,Thursday,False,Normal
53,17,22/02/2018 11:25:29,313,1,1,42,58,42,42,42.0,0.0,58,58,58.0,0.0,319488.817891374,6389.7763578275,313.0,0.0,313,313,0,0.0,0.0,0,0,0,0.0,0.0,0,0,0,0,0,0,8,8,3194.8881789137,3194.8881789137,42,58,47.3333333333,9.237604307,85.3333333333,0,0,0,0,0,0,0,0,1,71.0,42.0,58.0,0,0,0,0,0,0,1,42,1,58,-1,-1,0,8,0.0,0.0,0,0,0.0,0.0,0,0,Benign,Thursday,False,Normal
443,6,22/02/2018 11:30:50,974,3,0,77,0,46,0,25.6666666667,23.4591844132,0,0,0.0,0.0,79055.4414784394,3080.0821355236,487.0,661.8519471906,955,19,974,487.0,661.8519471906,955,19,0,0.0,0.0,0,0,1,0,0,0,60,0,3080.0821355236,0.0,0,46,30.75,21.6852484422,470.25,0,1,0,0,1,0,0,0,0,41.0,25.6666666667,0.0,0,0,0,0,0,0,3,77,0,0,254,-1,1,20,0.0,0.0,0,0,0.0,0.0,0,0,Benign,Thursday,False,Normal
3389,6,22/02/2018 11:38:00,4117465,14,8,1440,1731,725,0,102.8571428571,191.1728405006,1179,0,216.375,405.4647906151,770.134050927,5.3430933839,196069.761904762,289201.323225345,1047590,40,4117465,316728.076923077,373766.766288475,1202510,20626,4089543,584220.428571429,420230.302962101,1296352,127864,0,0,0,0,292,172,3.4001503352,1.9429430487,0,1179,137.8695652174,278.9101035276,77790.8458498024,0,0,1,1,0,0,0,1,0,144.1363636364,102.8571428571,216.375,0,0,0,0,0,0,14,1440,8,1731,8192,62560,7,20,0.0,0.0,0,0,0.0,0.0,0,0,Benign,Thursday,False,Normal
53,17,22/02/2018 11:14:59,104992,2,2,82,204,41,41,41.0,0.0,102,102,102.0,0.0,2724.0170679671,38.0981408107,34997.3333333333,59233.7659982322,103393,395,104597,104597.0,0.0,104597,104597,103788,103788.0,0.0,103788,103788,0,0,0,0,16,16,19.0490704054,19.0490704054,41,102,65.4,33.4110760078,1116.3,0,0,0,0,0,0,0,0,1,81.75,41.0,102.0,0,0,0,0,0,0,2,82,2,204,-1,-1,1,8,0.0,0.0,0,0,0.0,0.0,0,0,Benign,Thursday,False,Normal
53,17,22/02/2018 11:17:57,287,1,1,45,109,45,45,45.0,0.0,109,109,109.0,0.0,536585.365853659,6968.6411149826,287.0,0.0,287,287,0,0.0,0.0,0,0,0,0.0,0.0,0,0,0,0,0,0,8,8,3484.3205574913,3484.3205574913,45,109,66.3333333333,36.9504172281,1365.3333333333,0,0,0,0,0,0,0,0,1,99.5,45.0,109.0,0,0,0,0,0,0,1,45,1,109,-1,-1,0,8,0.0,0.0,0,0,0.0,0.0,0,0,Benign,Thursday,False,Normal
443,6,22/02/2018 01:43:23,115115733,21,19,975,6039,373,0,46.4285714286,112.2633383739,1460,0,317.8421052632,542.2162609921,60.9299859994,0.3474763958,2951685.46153846,4537881.65906861,10008096,8,115115733,5755786.65,4944683.34823522,10031080,43,110409219,6133845.5,5026083.53462275,10031441,21,0,0,0,0,432,524,0.1824251078,0.165051288,0,1460,171.0731707317,397.1411203995,157721.069512195,0,0,0,1,0,0,0,0,0,175.35,46.4285714286,317.8421052632,0,0,0,0,0,0,21,975,19,6039,8192,1013,15,20,35597.0,41642.3332103282,161153,22950,10001558.9090909,21307.2205106839,10008096,9937316,Benign,Thursday,False,Normal
3389,6,22/02/2018 01:49:35,4057441,13,8,1442,1731,725,0,110.9230769231,196.5220350404,1179,0,216.375,405.4647906151,782.0199973333,5.1756759987,202872.05,304557.433408143,956925,55,4057441,338120.083333333,398884.219150565,1217316,3621,3911780,558825.714285714,448150.704480727,1136793,110133,0,0,0,0,272,172,3.203989904,1.9716860948,0,1179,144.2272727273,283.7777352618,80529.803030303,0,0,1,1,0,0,0,1,0,151.0952380952,110.9230769231,216.375,0,0,0,0,0,0,13,1442,8,1731,8192,62643,7,20,0.0,0.0,0,0,0.0,0.0,0,0,Benign,Thursday,False,Normal
80,6,22/02/2018 04:04:47,5389105,4,4,97,231,97,0,24.25,48.5,231,0,57.75,115.5,60.8635385653,1.4844765504,769872.142857143,2009690.20596488,5327128,41,61977,20659.0,35501.8880061329,61653,107,5388929,1796309.66666667,3110863.13273348,5388425,184,0,0,0,0,92,92,0.7422382752,0.7422382752,0,231,36.4444444444,79.6996096463,6352.0277777778,0,0,0,1,0,0,0,0,1,41.0,24.25,57.75,0,0,0,0,0,0,4,97,4,231,8192,141,1,20,0.0,0.0,0,0,0.0,0.0,0,0,Benign,Thursday,False,Normal
53042,6,22/02/2018 04:05:13,222,2,1,38,0,38,0,19.0,26.8700576851,0,0,0.0,0.0,171171.171171171,13513.5135135135,111.0,106.066017178,186,36,222,222.0,0.0,222,222,0,0.0,0.0,0,0,1,0,0,0,40,20,9009.009009009,4504.5045045045,0,38,19.0,21.9393102292,481.3333333333,0,1,0,0,1,0,0,0,0,25.3333333333,19.0,0.0,0,0,0,0,0,0,2,38,1,0,176,0,0,20,0.0,0.0,0,0,0.0,0.0,0,0,Benign,Thursday,False,Normal
53,17,22/02/2018 04:25:29,1452,1,1,41,155,41,41,41.0,0.0,155,155,155.0,0.0,134986.225895317,1377.4104683196,1452.0,0.0,1452,1452,0,0.0,0.0,0,0,0,0.0,0.0,0,0,0,0,0,0,8,8,688.7052341598,688.7052341598,41,155,79.0,65.8179306876,4332.0,0,0,0,0,0,0,0,0,1,118.5,41.0,155.0,0,0,0,0,0,0,1,41,1,155,-1,-1,0,8,0.0,0.0,0,0,0.0,0.0,0,0,Benign,Thursday,False,Normal
31857,6,22/02/2018 12:16:29,86286570,2,0,0,0,0,0,0.0,0.0,0,0,0.0,0.0,0.0,0.0231785781,86286570.0,0.0,86286570,86286570,86286570,86286570.0,0.0,86286570,86286570,0,0.0,0.0,0,0,0,0,0,0,40,0,0.0231785781,0.0,0,0,0.0,0.0,0.0,0,0,0,0,1,0,0,0,0,0.0,0.0,0.0,0,0,0,0,0,0,2,0,0,0,62541,-1,0,20,0.0,0.0,0,0,86286570.0,0.0,86286570,86286570,Benign,Thursday,False,Normal
53270,6,22/02/2018 09:28:05,143,2,0,0,0,0,0,0.0,0.0,0,0,0.0,0.0,0.0,13986.013986014,143.0,0.0,143,143,143,143.0,0.0,143,143,0,0.0,0.0,0,0,0,0,0,0,40,0,13986.013986014,0.0,0,0,0.0,0.0,0.0,0,0,0,0,1,0,0,0,0,0.0,0.0,0.0,0,0,0,0,0,0,2,0,0,0,255,-1,0,20,0.0,0.0,0,0,0.0,0.0,0,0,Benign,Thursday,False,Normal
53,17,22/02/2018 12:24:15,24665,1,1,32,121,32,32,32.0,0.0,121,121,121.0,0.0,6203.1218325563,81.0865599027,24665.0,0.0,24665,24665,0,0.0,0.0,0,0,0,0.0,0.0,0,0,0,0,0,0,8,8,40.5432799513,40.5432799513,32,121,61.6666666667,51.3841739579,2640.3333333333,0,0,0,0,0,0,0,0,1,92.5,32.0,121.0,0,0,0,0,0,0,1,32,1,121,-1,-1,0,8,0.0,0.0,0,0,0.0,0.0,0,0,Benign,Thursday,False,Normal
53,17,22/02/2018 04:52:40,480,1,1,42,106,42,42,42.0,0.0,106,106,106.0,0.0,308333.333333333,4166.6666666667,480.0,0.0,480,480,0,0.0,0.0,0,0,0,0.0,0.0,0,0,0,0,0,0,8,8,2083.3333333333,2083.3333333333,42,106,63.3333333333,36.9504172281,1365.3333333333,0,0,0,0,0,0,0,0,1,95.0,42.0,106.0,0,0,0,0,0,0,1,42,1,106,-1,-1,0,8,0.0,0.0,0,0,0.0,0.0,0,0,Benign,Thursday,False,Normal
3389,6,22/02/2018 03:09:28,1639385,7,7,1148,1581,677,0,164.0,238.3163164088,1173,0,225.8571428571,430.0986044197,1664.6486334815,8.5397877863,126106.538461538,253264.73625162,953121,88,1639385,273230.833333333,412661.407820706,1115568,103263,1534549,255758.166666667,342441.479363944,953121,102863,0,0,0,0,152,152,4.2698938931,4.2698938931,0,1173,181.9333333333,327.275870235,107109.495238095,0,0,1,1,0,0,0,1,1,194.9285714286,164.0,225.8571428571,0,0,0,0,0,0,7,1148,7,1581,8192,62852,5,20,0.0,0.0,0,0,0.0,0.0,0,0,Benign,Thursday,False,Normal
53,17,22/02/2018 12:23:44,17689,1,1,32,128,32,32,32.0,0.0,128,128,128.0,0.0,9045.1693142631,113.0646164283,17689.0,0.0,17689,17689,0,0.0,0.0,0,0,0,0.0,0.0,0,0,0,0,0,0,8,8,56.5323082141,56.5323082141,32,128,64.0,55.4256258422,3072.0,0,0,0,0,0,0,0,0,1,96.0,32.0,128.0,0,0,0,0,0,0,1,32,1,128,-1,-1,0,8,0.0,0.0,0,0,0.0,0.0,0,0,Benign,Thursday,False,Normal
11205,6,22/02/2018 01:34:41,86208711,2,0,0,0,0,0,0.0,0.0,0,0,0.0,0.0,0.0,0.0231995117,86208711.0,0.0,86208711,86208711,86208711,86208711.0,0.0,86208711,86208711,0,0.0,0.0,0,0,0,0,0,0,40,0,0.0231995117,0.0,0,0,0.0,0.0,0.0,0,0,0,0,1,0,0,0,0,0.0,0.0,0.0,0,0,0,0,0,0,2,0,0,0,62562,-1,0,20,0.0,0.0,0,0,86208711.0,0.0,86208711,86208711,Benign,Thursday,False,Normal
53,17,22/02/2018 01:43:26,19732,1,1,47,271,47,47,47.0,0.0,271,271,271.0,0.0,16115.9537806609,101.3581998784,19732.0,0.0,19732,19732,0,0.0,0.0,0,0,0,0.0,0.0,0,0,0,0,0,0,8,8,50.6790999392,50.6790999392,47,271,121.6666666667,129.3264602985,16725.3333333333,0,0,0,0,0,0,0,0,1,182.5,47.0,271.0,0,0,0,0,0,0,1,47,1,271,-1,-1,0,8,0.0,0.0,0,0,0.0,0.0,0,0,Benign,Thursday,False,Normal
53,17,22/02/2018 04:32:09,13015,1,1,44,100,44,44,44.0,0.0,100,100,100.0,0.0,11064.1567422205,153.668843642,13015.0,0.0,13015,13015,0,0.0,0.0,0,0,0,0.0,0.0,0,0,0,0,0,0,8,8,76.834421821,76.834421821,44,100,62.6666666667,32.3316150746,1045.3333333333,0,0,0,0,0,0,0,0,1,94.0,44.0,100.0,0,0,0,0,0,0,1,44,1,100,-1,-1,0,8,0.0,0.0,0,0,0.0,0.0,0,0,Benign,Thursday,False,Normal
3389,6,22/02/2018 02:19:01,1903240,8,7,1144,1581,677,0,143.0,227.9699228282,1173,0,225.8571428571,430.0986044197,1431.7689834178,7.8812971564,135945.714285714,245798.76157303,953167,74,1903240,271891.428571429,392206.948220306,1152195,74,1755804,292634.0,324144.424483285,953167,147910,0,0,0,0,172,152,4.2033584834,3.677938673,0,1173,170.3125,319.402717323,102018.095833333,0,0,1,1,0,0,0,1,0,181.6666666667,143.0,225.8571428571,0,0,0,0,0,0,8,1144,7,1581,8192,62856,5,20,0.0,0.0,0,0,0.0,0.0,0,0,Benign,Thursday,False,Normal
53,17,22/02/2018 11:19:29,268,1,1,42,58,42,42,42.0,0.0,58,58,58.0,0.0,373134.328358209,7462.6865671642,268.0,0.0,268,268,0,0.0,0.0,0,0,0,0.0,0.0,0,0,0,0,0,0,8,8,3731.3432835821,3731.3432835821,42,58,47.3333333333,9.237604307,85.3333333333,0,0,0,0,0,0,0,0,1,71.0,42.0,58.0,0,0,0,0,0,0,1,42,1,58,-1,-1,0,8,0.0,0.0,0,0,0.0,0.0,0,0,Benign,Thursday,False,Normal
33745,6,22/02/2018 01:15:46,86239580,2,0,0,0,0,0,0.0,0.0,0,0,0.0,0.0,0.0,0.0231912076,86239580.0,0.0,86239580,86239580,86239580,86239580.0,0.0,86239580,86239580,0,0.0,0.0,0,0,0,0,0,0,40,0,0.0231912076,0.0,0,0,0.0,0.0,0.0,0,0,0,0,1,0,0,0,0,0.0,0.0,0.0,0,0,0,0,0,0,2,0,0,0,62558,-1,0,20,0.0,0.0,0,0,86239580.0,0.0,86239580,86239580,Benign,Thursday,False,Normal
37837,6,22/02/2018 11:43:45,32,2,0,0,0,0,0,0.0,0.0,0,0,0.0,0.0,0.0,62500.0,32.0,0.0,32,32,32,32.0,0.0,32,32,0,0.0,0.0,0,0,0,0,0,0,40,0,62500.0,0.0,0,0,0.0,0.0,0.0,0,0,0,0,1,0,0,0,0,0.0,0.0,0.0,0,0,0,0,0,0,2,0,0,0,256,-1,0,20,0.0,0.0,0,0,0.0,0.0,0,0,Benign,Thursday,False,Normal
53,17,22/02/2018 11:48:47,12861,1,1,30,124,30,30,30.0,0.0,124,124,124.0,0.0,11974.1855221211,155.5089028847,12861.0,0.0,12861,12861,0,0.0,0.0,0,0,0,0.0,0.0,0,0,0,0,0,0,8,8,77.7544514423,77.7544514423,30,124,61.3333333333,54.2709253038,2945.3333333333,0,0,0,0,0,0,0,0,1,92.0,30.0,124.0,0,0,0,0,0,0,1,30,1,124,-1,-1,0,8,0.0,0.0,0,0,0.0,0.0,0,0,Benign,Thursday,False,Normal
58744,6,22/02/2018 11:39:05,38,2,0,0,0,0,0,0.0,0.0,0,0,0.0,0.0,0.0,52631.5789473684,38.0,0.0,38,38,38,38.0,0.0,38,38,0,0.0,0.0,0,0,0,0,0,0,40,0,52631.5789473684,0.0,0,0,0.0,0.0,0.0,0,0,0,0,1,0,0,0,0,0.0,0.0,0.0,0,0,0,0,0,0,2,0,0,0,259,-1,0,20,0.0,0.0,0,0,0.0,0.0,0,0,Benign,Thursday,False,Normal
445,6,22/02/2018 09:17:22,1551534,11,8,364,582,103,0,33.0909090909,46.2784065098,409,0,72.75,139.9017512399,609.7191553649,12.2459449809,86196.3333333333,142464.462630056,310174,1,1551534,155153.4,162788.583750144,310188,1,1241296,177328.0,165535.551696103,311445,161,0,0,0,0,232,172,7.0897576205,5.1561873604,0,409,47.3,94.0504343984,8845.4842105263,0,0,0,1,0,0,0,0,0,49.7894736842,33.0909090909,72.75,0,0,0,0,0,0,11,364,8,582,8192,258,4,20,0.0,0.0,0,0,0.0,0.0,0,0,Benign,Thursday,False,Normal
443,6,22/02/2018 10:03:17,117219001,15,12,1013,5587,318,0,67.5333333333,100.8831478683,1430,0,465.5833333333,613.1131377625,56.3048647719,0.2303380832,4508423.11538462,15820681.6881805,58373817,16,117219001,8372785.78571429,21150613.4635438,58469184,35,117063111,10642101.0,23599359.1976749,58469760,42,0,0,0,0,312,252,0.1279656018,0.1023724814,0,1430,235.7142857143,446.856498396,199680.73015873,0,0,0,1,0,0,0,0,0,244.4444444444,67.5333333333,465.5833333333,0,0,0,0,0,0,15,1013,12,5587,8192,180,8,20,283226.5,179980.596122193,410492,155961,58248299.0,177509.257921946,58373817,58122781,Benign,Thursday,False,Normal
443,6,22/02/2018 10:07:58,119990950,17,16,1146,1446,411,0,67.4117647059,148.6956030047,482,0,90.375,194.300411734,21.6016291229,0.2750207411,3749717.1875,4828615.69419132,10003584,930,119979162,7498697.625,4284341.48895594,10015223,75169,119979218,7998614.53333333,3950370.6454329,10025463,930,0,0,0,0,340,320,0.1416773515,0.1333433896,0,482,76.2647058824,167.8959470017,28189.0490196078,0,0,0,0,1,0,0,0,0,78.5757575758,67.4117647059,90.375,0,0,0,0,0,0,17,1146,16,1446,64240,62920,13,20,125283.5,373990.91701355,1311449,11636,9872980.0,387423.291136335,10003584,8647066,Benign,Thursday,False,Normal
50651,6,22/02/2018 10:56:01,20963,5,1,408,0,274,0,81.6,109.6690475932,0,0,0.0,0.0,19462.8631398178,286.2185755856,4192.6,9319.0419464664,20863,11,20963,5240.75,10414.8629811758,20863,11,0,0.0,0.0,0,0,1,0,0,0,100,20,238.5154796546,47.7030959309,0,274,97.4285714286,122.4960640767,15005.2857142857,0,1,0,0,1,0,0,0,0,113.6666666667,81.6,0.0,0,0,0,0,0,0,5,408,1,0,123,0,3,20,0.0,0.0,0,0,0.0,0.0,0,0,Benign,Thursday,False,Normal
80,6,22/02/2018 11:53:39,118053654,23,18,2191,3940,436,0,95.2608695652,183.6219479334,788,0,218.8888888889,363.1802159824,51.934012987,0.3472997117,2951341.35,4471463.88303625,10003940,31,118053654,5366075.18181818,4865378.49589726,10015216,179,112756183,6632716.64705882,4731759.54887826,10024642,557,0,0,0,0,472,504,0.1948266675,0.1524730442,0,788,145.9761904762,277.6306976855,77078.8042973287,0,0,0,1,0,0,0,0,0,149.5365853659,95.2608695652,218.8888888889,0,0,0,0,0,0,23,2191,18,3940,8192,296,16,20,259952.181818182,824289.390017464,2745278,11257,9990608.81818182,43654.6857114288,10003940,9858989,Benign,Thursday,False,Normal
53,17,22/02/2018 11:09:35,1193,1,1,30,119,30,30,30.0,0.0,119,119,119.0,0.0,124895.222129086,1676.4459346186,1193.0,0.0,1193,1193,0,0.0,0.0,0,0,0,0.0,0.0,0,0,0,0,0,0,8,8,838.2229673093,838.2229673093,30,119,59.6666666667,51.3841739579,2640.3333333333,0,0,0,0,0,0,0,0,1,89.5,30.0,119.0,0,0,0,0,0,0,1,30,1,119,-1,-1,0,8,0.0,0.0,0,0,0.0,0.0,0,0,Benign,Thursday,False,Normal
445,6,22/02/2018 12:16:25,155303,3,1,0,0,0,0,0.0,0.0,0,0,0.0,0.0,0.0,25.7561025866,51767.6666666667,89601.0160340458,155230,1,155303,77651.5,109814.390225052,155302,1,0,0.0,0.0,0,0,0,0,0,0,72,32,19.3170769399,6.4390256466,0,0,0.0,0.0,0.0,0,0,0,1,0,0,0,0,0,0.0,0.0,0.0,0,0,0,0,0,0,3,0,1,0,8192,8192,0,20,0.0,0.0,0,0,0.0,0.0,0,0,Benign,Thursday,False,Normal
80,6,22/02/2018 12:17:59,6459146,4,4,97,231,97,0,24.25,48.5,231,0,57.75,115.5,50.7807069232,1.2385538274,922735.142857143,2414408.15062805,6397861,50,61285,20428.3333333333,35084.1829366644,60940,113,6458964,2152988.0,3728530.34814966,6458324,271,0,0,0,0,92,92,0.6192769137,0.6192769137,0,231,36.4444444444,79.6996096463,6352.0277777778,0,0,0,1,0,0,0,0,1,41.0,24.25,57.75,0,0,0,0,0,0,4,97,4,231,8192,141,1,20,0.0,0.0,0,0,0.0,0.0,0,0,Benign,Thursday,False,Normal
443,6,22/02/2018 01:12:00,16065597,10,11,358,3796,200,0,35.8,69.9377500988,1460,0,345.0909090909,587.8112715057,258.5649322587,1.3071409671,803279.85,2474766.5856202,9827726,19,16065597,1785066.33333333,3555117.03794928,9827726,27,10314854,1031485.4,3170081.02703148,10052499,25,0,0,0,0,212,228,0.6224480796,0.6846928875,0,1460,188.8181818182,438.4862094116,192270.155844156,0,0,0,1,0,0,0,0,1,197.8095238095,35.8,345.0909090909,0,0,0,0,0,0,10,358,11,3796,8192,6644,4,20,263346.0,316556.149588031,487185,39507,7769439.0,2910857.39065623,9827726,5711152,Benign,Thursday,False,Normal
80,6,22/02/2018 01:32:07,53132906,2,0,0,0,0,0,0.0,0.0,0,0,0.0,0.0,0.0,0.0376414571,53132906.0,0.0,53132906,53132906,53132906,53132906.0,0.0,53132906,53132906,0,0.0,0.0,0,0,0,0,0,0,40,0,0.0376414571,0.0,0,0,0.0,0.0,0.0,0,0,0,0,1,0,0,0,0,0.0,0.0,0.0,0,0,0,0,0,0,2,0,0,0,279,-1,0,20,0.0,0.0,0,0,0.0,0.0,0,0,Benign,Thursday,False,Normal
53,17,22/02/2018 11:32:04,970,1,1,65,147,65,65,65.0,0.0,147,147,147.0,0.0,218556.701030928,2061.8556701031,970.0,0.0,970,970,0,0.0,0.0,0,0,0,0.0,0.0,0,0,0,0,0,0,8,8,1030.9278350516,1030.9278350516,65,147,92.3333333333,47.3427220735,2241.3333333333,0,0,0,0,0,0,0,0,1,138.5,65.0,147.0,0,0,0,0,0,0,1,65,1,147,-1,-1,0,8,0.0,0.0,0,0,0.0,0.0,0,0,Benign,Thursday,False,Normal
443,6,22/02/2018 03:08:05,119259960,5,5,316,75,79,0,63.2,35.3298740445,75,0,15.0,33.5410196625,3.2785521645,0.083850439,13251106.6666667,15690053.7033707,30018381,11541,119259960,29814990.0,429831.34226888,30029987,29170243,119183361,29795840.25,468095.502693895,30029925,29093697,1,0,0,0,100,100,0.0419252195,0.0419252195,0,79,42.7272727273,40.9245425365,1674.8181818182,0,1,0,0,1,0,0,0,1,47.0,63.2,15.0,0,0,0,0,0,0,5,316,5,75,256,74,3,20,11568.5,28.4780617318,11606,11541,29787173.25,462317.504297912,30018381,29093697,Benign,Thursday,False,Normal
53,17,22/02/2018 12:15:15,13156,1,1,32,128,32,32,32.0,0.0,128,128,128.0,0.0,12161.7512921861,152.0218911523,13156.0,0.0,13156,13156,0,0.0,0.0,0,0,0,0.0,0.0,0,0,0,0,0,0,8,8,76.0109455762,76.0109455762,32,128,64.0,55.4256258422,3072.0,0,0,0,0,0,0,0,0,1,96.0,32.0,128.0,0,0,0,0,0,0,1,32,1,128,-1,-1,0,8,0.0,0.0,0,0,0.0,0.0,0,0,Benign,Thursday,False,Normal
17869,6,22/02/2018 02:04:16,88239701,2,0,0,0,0,0,0.0,0.0,0,0,0.0,0.0,0.0,0.0226655346,88239701.0,0.0,88239701,88239701,88239701,88239701.0,0.0,88239701,88239701,0,0.0,0.0,0,0,0,0,0,0,40,0,0.0226655346,0.0,0,0,0.0,0.0,0.0,0,0,0,0,1,0,0,0,0,0.0,0.0,0.0,0,0,0,0,0,0,2,0,0,0,63330,-1,0,20,0.0,0.0,0,0,88239701.0,0.0,88239701,88239701,Benign,Thursday,False,Normal
53,17,22/02/2018 10:00:17,255,1,1,33,49,33,33,33.0,0.0,49,49,49.0,0.0,321568.62745098,7843.137254902,255.0,0.0,255,255,0,0.0,0.0,0,0,0,0.0,0.0,0,0,0,0,0,0,8,8,3921.568627451,3921.568627451,33,49,38.3333333333,9.237604307,85.3333333333,0,0,0,0,0,0,0,0,1,57.5,33.0,49.0,0,0,0,0,0,0,1,33,1,49,-1,-1,0,8,0.0,0.0,0,0,0.0,0.0,0,0,Benign,Thursday,False,Normal
3389,6,22/02/2018 01:37:40,3711005,10,7,1148,1581,677,0,114.8,210.0924664153,1173,0,225.8571428571,430.0986044197,735.3803080298,4.5809693062,231937.8125,485478.457883934,1834836,3,3711005,412333.888888889,641439.758503564,1834836,3,3559766,593294.333333333,758107.621751864,1994707,111692,0,0,0,0,212,152,2.6946878272,1.886281479,0,1173,151.6111111111,305.0826578234,93075.4281045752,0,0,1,1,0,0,0,1,0,160.5294117647,114.8,225.8571428571,0,0,0,0,0,0,10,1148,7,1581,8192,62852,5,20,0.0,0.0,0,0,0.0,0.0,0,0,Benign,Thursday,False,Normal
53,17,22/02/2018 12:26:33,404,1,1,40,56,40,40,40.0,0.0,56,56,56.0,0.0,237623.762376238,4950.495049505,404.0,0.0,404,404,0,0.0,0.0,0,0,0,0.0,0.0,0,0,0,0,0,0,8,8,2475.2475247525,2475.2475247525,40,56,45.3333333333,9.237604307,85.3333333333,0,0,0,0,0,0,0,0,1,68.0,40.0,56.0,0,0,0,0,0,0,1,40,1,56,-1,-1,0,8,0.0,0.0,0,0,0.0,0.0,0,0,Benign,Thursday,False,Normal
3389,6,22/02/2018 10:34:47,2008026,9,7,1132,1581,661,0,125.7777777778,213.6736868322,1173,0,225.8571428571,430.0986044197,1351.0781234904,7.9680243184,133868.4,239859.468479179,953225,4,2008026,251003.25,358987.42958245,1120082,4,1895873,315978.833333333,336311.745056527,953225,112352,0,0,0,0,192,152,4.4820136791,3.4860106393,0,1173,159.5882352941,310.4088148764,96353.6323529412,0,0,1,1,0,0,0,1,0,169.5625,125.7777777778,225.8571428571,0,0,0,0,0,0,9,1132,7,1581,8192,62868,5,20,0.0,0.0,0,0,0.0,0.0,0,0,Benign,Thursday,False,Normal
53,17,22/02/2018 12:58:29,84051,2,2,66,386,33,33,33.0,0.0,193,193,193.0,0.0,5377.687356486,47.5901535972,28017.0,47366.4243847897,82710,379,83672,83672.0,0.0,83672,83672,83089,83089.0,0.0,83089,83089,0,0,0,0,16,16,23.7950767986,23.7950767986,33,193,97.0,87.6356092008,7680.0,0,0,0,0,0,0,0,0,1,121.25,33.0,193.0,0,0,0,0,0,0,2,66,2,386,-1,-1,1,8,0.0,0.0,0,0,0.0,0.0,0,0,Benign,Thursday,False,Normal
53,17,22/02/2018 11:59:03,1568,1,1,35,87,35,35,35.0,0.0,87,87,87.0,0.0,77806.1224489796,1275.5102040816,1568.0,0.0,1568,1568,0,0.0,0.0,0,0,0,0.0,0.0,0,0,0,0,0,0,8,8,637.7551020408,637.7551020408,35,87,52.3333333333,30.0222139979,901.3333333333,0,0,0,0,0,0,0,0,1,78.5,35.0,87.0,0,0,0,0,0,0,1,35,1,87,-1,-1,0,8,0.0,0.0,0,0,0.0,0.0,0,0,Benign,Thursday,False,Normal
3389,6,22/02/2018 10:25:16,1432953,8,7,1144,1581,677,0,143.0,227.9699228282,1173,0,225.8571428571,430.0986044197,1901.66739593,10.4678939226,102353.785714286,251507.025638581,968781,3,1432953,204707.571428571,388882.888162943,1084637,3,1364349,227391.5,363656.002706816,968781,68463,0,0,0,0,172,152,5.5828767587,4.8850171639,0,1173,170.3125,319.402717323,102018.095833333,0,0,0,1,0,0,0,0,0,181.6666666667,143.0,225.8571428571,0,0,0,0,0,0,8,1144,7,1581,8192,62856,5,20,0.0,0.0,0,0,0.0,0.0,0,0,Benign,Thursday,False,Normal
53,17,22/02/2018 04:03:06,4306022,4,4,148,148,37,37,37.0,0.0,37,37,37.0,0.0,68.7409400138,1.8578632436,615146.0,818609.280979638,2016838,0,3052817,1017605.66666667,998152.75717013,2016838,20536,58,19.3333333333,32.624121955,57,0,0,0,0,0,32,32,0.9289316218,0.9289316218,37,37,37.0,0.0,0.0,0,0,0,0,0,0,0,0,1,41.625,37.0,37.0,0,0,0,0,0,0,4,148,4,148,-1,-1,3,8,0.0,0.0,0,0,0.0,0.0,0,0,Benign,Thursday,False,Normal
53,17,22/02/2018 09:57:35,24292,2,2,92,254,46,46,46.0,0.0,127,127,127.0,0.0,14243.3723036391,164.6632636259,8097.3333333333,6737.8520563555,12680,361,23931,23931.0,0.0,23931,23931,11612,11612.0,0.0,11612,11612,0,0,0,0,16,16,82.3316318129,82.3316318129,46,127,78.4,44.3655271579,1968.3,0,0,0,0,0,0,0,0,1,98.0,46.0,127.0,0,0,0,0,0,0,2,92,2,254,-1,-1,1,8,0.0,0.0,0,0,0.0,0.0,0,0,Benign,Thursday,False,Normal
53,17,22/02/2018 11:05:06,23888,2,2,124,380,62,62,62.0,0.0,190,190,190.0,0.0,21098.459477562,167.4480910918,7962.6666666667,12952.5648553996,22919,482,23406,23406.0,0.0,23406,23406,23401,23401.0,0.0,23401,23401,0,0,0,0,16,16,83.7240455459,83.7240455459,62,190,113.2,70.1084873607,4915.2,0,0,0,0,0,0,0,0,1,141.5,62.0,190.0,0,0,0,0,0,0,2,124,2,380,-1,-1,1,8,0.0,0.0,0,0,0.0,0.0,0,0,Benign,Thursday,False,Normal
53,17,22/02/2018 12:11:13,452,1,1,42,58,42,42,42.0,0.0,58,58,58.0,0.0,221238.938053097,4424.778761062,452.0,0.0,452,452,0,0.0,0.0,0,0,0,0.0,0.0,0,0,0,0,0,0,8,8,2212.389380531,2212.389380531,42,58,47.3333333333,9.237604307,85.3333333333,0,0,0,0,0,0,0,0,1,71.0,42.0,58.0,0,0,0,0,0,0,1,42,1,58,-1,-1,0,8,0.0,0.0,0,0,0.0,0.0,0,0,Benign,Thursday,False,Normal
53,17,22/02/2018 01:12:01,111775,2,2,62,414,31,31,31.0,0.0,207,207,207.0,0.0,4258.5551330799,35.7861775889,37258.3333333333,34643.8257317712,68501,1,68501,68501.0,0.0,68501,68501,1,1.0,0.0,1,1,0,0,0,0,16,16,17.8930887945,17.8930887945,31,207,101.4,96.3991701209,9292.8,0,0,0,0,0,0,0,0,1,126.75,31.0,207.0,0,0,0,0,0,0,2,62,2,414,-1,-1,1,8,0.0,0.0,0,0,0.0,0.0,0,0,Benign,Thursday,False,Normal
51018,6,22/02/2018 11:34:02,28,1,1,0,0,0,0,0.0,0.0,0,0,0.0,0.0,0.0,71428.5714285714,28.0,0.0,28,28,0,0.0,0.0,0,0,0,0.0,0.0,0,0,0,0,0,0,20,20,35714.2857142857,35714.2857142857,0,0,0.0,0.0,0.0,0,0,0,0,1,1,0,0,1,0.0,0.0,0.0,0,0,0,0,0,0,1,0,1,0,176,258,0,20,0.0,0.0,0,0,0.0,0.0,0,0,Benign,Thursday,False,Normal
3389,6,22/02/2018 08:44:26,4072065,12,8,1442,1731,725,0,120.1666666667,202.287299441,1179,0,216.375,405.4647906151,779.2115302678,4.9115129547,214319.210526316,335816.099696707,958722,3,4072065,370187.727272727,434533.448522456,1198983,3,4050730,578675.714285714,490230.042897452,1174575,107740,0,0,0,0,252,172,2.9469077728,1.9646051819,0,1179,151.0952380952,288.9060236066,83466.6904761905,0,0,1,1,0,0,0,1,0,158.65,120.1666666667,216.375,0,0,0,0,0,0,12,1442,8,1731,8192,62558,7,20,0.0,0.0,0,0,0.0,0.0,0,0,Benign,Thursday,False,Normal
443,6,22/02/2018 09:12:38,6280726,10,13,654,3485,330,0,65.4,116.0499892288,1432,0,268.0769230769,463.2253701922,659.0002493342,3.6619970366,285487.545454545,1278354.34500241,6006170,1,6280726,697858.444444445,1992074.34162816,6006325,257,6269165,522430.416666667,1727754.67373654,6006212,1,0,0,0,0,212,272,1.5921726246,2.069824412,0,1432,172.4583333333,358.7027325827,128667.650362319,0,0,0,1,0,0,0,0,1,179.9565217391,65.4,268.0769230769,0,0,0,0,0,0,10,654,13,3485,8192,66,3,20,274401.0,0.0,274401,274401,6006170.0,0.0,6006170,6006170,Benign,Thursday,False,Normal
80,6,22/02/2018 09:41:31,54203609,2,0,0,0,0,0,0.0,0.0,0,0,0.0,0.0,0.0,0.0368979121,54203609.0,0.0,54203609,54203609,54203609,54203609.0,0.0,54203609,54203609,0,0.0,0.0,0,0,0,0,0,0,40,0,0.0368979121,0.0,0,0,0.0,0.0,0.0,0,0,0,0,1,0,0,0,0,0.0,0.0,0.0,0,0,0,0,0,0,2,0,0,0,279,-1,0,20,0.0,0.0,0,0,0.0,0.0,0,0,Benign,Thursday,False,Normal
50197,6,22/02/2018 11:00:21,3708,2,0,0,0,0,0,0.0,0.0,0,0,0.0,0.0,0.0,539.3743257821,3708.0,0.0,3708,3708,3708,3708.0,0.0,3708,3708,0,0.0,0.0,0,0,0,0,0,0,40,0,539.3743257821,0.0,0,0,0.0,0.0,0.0,0,0,0,0,1,0,0,0,0,0.0,0.0,0.0,0,0,0,0,0,0,2,0,0,0,14099,-1,0,20,0.0,0.0,0,0,0.0,0.0,0,0,Benign,Thursday,False,Normal
50445,6,22/02/2018 11:32:15,5919933,2,0,216,0,108,108,108.0,0.0,0,0,0.0,0.0,36.4868994294,0.3378416614,5919933.0,0.0,5919933,5919933,5919933,5919933.0,0.0,5919933,5919933,0,0.0,0.0,0,0,1,0,0,0,40,0,0.3378416614,0.0,108,108,108.0,0.0,0.0,0,1,0,0,1,1,0,0,0,162.0,108.0,0.0,0,0,0,0,0,0,2,216,0,0,980,-1,1,20,0.0,0.0,0,0,0.0,0.0,0,0,Benign,Thursday,False,Normal
80,6,22/02/2018 11:39:33,54108747,2,0,0,0,0,0,0.0,0.0,0,0,0.0,0.0,0.0,0.0369626005,54108747.0,0.0,54108747,54108747,54108747,54108747.0,0.0,54108747,54108747,0,0.0,0.0,0,0,0,0,0,0,40,0,0.0369626005,0.0,0,0,0.0,0.0,0.0,0,0,0,0,1,0,0,0,0,0.0,0.0,0.0,0,0,0,0,0,0,2,0,0,0,279,-1,0,20,0.0,0.0,0,0,0.0,0.0,0,0,Benign,Thursday,False,Normal
80,6,22/02/2018 11:45:42,5358651,3,1,0,0,0,0,0.0,0.0,0,0,0.0,0.0,0.0,0.7464565242,1786217.0,3075579.85467407,5337570,36,5358651,2679325.5,3759325.42400369,5337570,21081,0,0.0,0.0,0,0,0,0,0,0,72,32,0.5598423932,0.1866141311,0,0,0.0,0.0,0.0,0,0,0,1,0,0,0,0,0,0.0,0.0,0.0,0,0,0,0,0,0,3,0,1,0,8192,29200,0,20,0.0,0.0,0,0,0.0,0.0,0,0,Benign,Thursday,False,Normal
53,17,22/02/2018 08:23:10,120213,1,1,37,53,37,37,37.0,0.0,53,53,53.0,0.0,748.6711087819,16.6371357507,120213.0,0.0,120213,120213,0,0.0,0.0,0,0,0,0.0,0.0,0,0,0,0,0,0,8,8,8.3185678754,8.3185678754,37,53,42.3333333333,9.237604307,85.3333333333,0,0,0,0,0,0,0,0,1,63.5,37.0,53.0,0,0,0,0,0,0,1,37,1,53,-1,-1,0,8,0.0,0.0,0,0,0.0,0.0,0,0,Benign,Thursday,False,Normal
443,6,22/02/2018 12:04:10,72619,6,7,733,3763,373,0,122.1666666667,155.056656312,1460,0,537.5714285714,643.2852807122,61912.1717456864,179.0165108305,6051.5833333333,9335.2592548928,31623,1,60655,12131.0,12526.5991593888,31623,208,60917,10152.8333333333,17296.9399307122,44276,1,0,0,0,0,132,152,82.6230049987,96.3935058318,0,1460,321.1428571429,501.6648984428,251667.67032967,0,0,0,1,0,0,0,0,1,345.8461538462,122.1666666667,537.5714285714,0,0,0,0,0,0,6,733,7,3763,8192,245,3,20,0.0,0.0,0,0,0.0,0.0,0,0,Benign,Thursday,False,Normal
50928,6,22/02/2018 11:58:28,28,1,1,0,0,0,0,0.0,0.0,0,0,0.0,0.0,0.0,71428.5714285714,28.0,0.0,28,28,0,0.0,0.0,0,0,0,0.0,0.0,0,0,0,0,0,0,20,20,35714.2857142857,35714.2857142857,0,0,0.0,0.0,0.0,0,0,0,0,1,1,0,0,1,0.0,0.0,0.0,0,0,0,0,0,0,1,0,1,0,168,252,0,20,0.0,0.0,0,0,0.0,0.0,0,0,Benign,Thursday,False,Normal
53,17,22/02/2018 11:52:46,452,1,1,41,57,41,41,41.0,0.0,57,57,57.0,0.0,216814.159292035,4424.778761062,452.0,0.0,452,452,0,0.0,0.0,0,0,0,0.0,0.0,0,0,0,0,0,0,8,8,2212.389380531,2212.389380531,41,57,46.3333333333,9.237604307,85.3333333333,0,0,0,0,0,0,0,0,1,69.5,41.0,57.0,0,0,0,0,0,0,1,41,1,57,-1,-1,0,8,0.0,0.0,0,0,0.0,0.0,0,0,Benign,Thursday,False,Normal
53,17,22/02/2018 09:21:39,279,1,1,36,52,36,36,36.0,0.0,52,52,52.0,0.0,315412.186379928,7168.458781362,279.0,0.0,279,279,0,0.0,0.0,0,0,0,0.0,0.0,0,0,0,0,0,0,8,8,3584.229390681,3584.229390681,36,52,41.3333333333,9.237604307,85.3333333333,0,0,0,0,0,0,0,0,1,62.0,36.0,52.0,0,0,0,0,0,0,1,36,1,52,-1,-1,0,8,0.0,0.0,0,0,0.0,0.0,0,0,Benign,Thursday,False,Normal
50151,6,22/02/2018 10:59:23,12,1,1,0,0,0,0,0.0,0.0,0,0,0.0,0.0,0.0,166666.666666667,12.0,0.0,12,12,0,0.0,0.0,0,0,0,0.0,0.0,0,0,0,0,0,0,20,20,83333.3333333333,83333.3333333333,0,0,0.0,0.0,0.0,0,0,0,0,1,1,0,0,1,0.0,0.0,0.0,0,0,0,0,0,0,1,0,1,0,48180,64002,0,20,0.0,0.0,0,0,0.0,0.0,0,0,Benign,Thursday,False,Normal
53,17,22/02/2018 11:14:11,1690,1,1,39,137,39,39,39.0,0.0,137,137,137.0,0.0,104142.01183432,1183.4319526627,1690.0,0.0,1690,1690,0,0.0,0.0,0,0,0,0.0,0.0,0,0,0,0,0,0,8,8,591.7159763314,591.7159763314,39,137,71.6666666667,56.5803263806,3201.3333333333,0,0,0,0,0,0,0,0,1,107.5,39.0,137.0,0,0,0,0,0,0,1,39,1,137,-1,-1,0,8,0.0,0.0,0,0,0.0,0.0,0,0,Benign,Thursday,False,Normal
445,6,22/02/2018 11:41:13,713281,6,5,455,338,140,0,75.8333333333,62.9362110924,145,0,67.6,69.7588704037,1111.7638069709,15.4216921522,71328.1,91488.1921311889,184677,62,713214,142642.8,78495.525689048,184759,2439,713219,178304.75,4761.0330374125,184801,173344,0,0,0,0,132,112,8.411832083,7.0098600692,0,145,66.0833333333,63.40269328,4019.9015151515,0,0,0,1,0,0,0,0,0,72.0909090909,75.8333333333,67.6,0,0,0,0,0,0,6,455,5,338,8192,0,4,20,0.0,0.0,0,0,0.0,0.0,0,0,Benign,Thursday,False,Normal
3389,6,22/02/2018 09:20:01,1649739,8,7,1144,1581,677,0,143.0,227.9699228282,1173,0,225.8571428571,430.0986044197,1651.7764325145,9.0923473349,117838.5,245588.312712007,953117,71,1649739,235677.0,390730.962775326,1117186,71,1544995,257499.166666667,341551.050645971,953117,105248,0,0,0,0,172,152,4.849251912,4.243095423,0,1173,170.3125,319.402717323,102018.095833333,0,0,1,1,0,0,0,1,0,181.6666666667,143.0,225.8571428571,0,0,0,0,0,0,8,1144,7,1581,8192,62856,5,20,0.0,0.0,0,0,0.0,0.0,0,0,Benign,Thursday,False,Normal
53,17,22/02/2018 11:14:11,507,1,1,38,54,38,38,38.0,0.0,54,54,54.0,0.0,181459.566074951,3944.7731755424,507.0,0.0,507,507,0,0.0,0.0,0,0,0,0.0,0.0,0,0,0,0,0,0,8,8,1972.3865877712,1972.3865877712,38,54,43.3333333333,9.237604307,85.3333333333,0,0,0,0,0,0,0,0,1,65.0,38.0,54.0,0,0,0,0,0,0,1,38,1,54,-1,-1,0,8,0.0,0.0,0,0,0.0,0.0,0,0,Benign,Thursday,False,Normal
53,17,22/02/2018 09:44:57,47307,2,2,88,662,44,44,44.0,0.0,331,331,331.0,0.0,15853.8905447397,84.5540829053,15769.0,15862.8355598865,31725,1,31725,31725.0,0.0,31725,31725,1,1.0,0.0,1,1,0,0,0,0,16,16,42.2770414526,42.2770414526,44,331,158.8,157.196374004,24710.7,0,0,0,0,0,0,0,0,1,198.5,44.0,331.0,0,0,0,0,0,0,2,88,2,662,-1,-1,1,8,0.0,0.0,0,0,0.0,0.0,0,0,Benign,Thursday,False,Normal
443,6,22/02/2018 10:03:11,1,1,2,58,31,58,58,58.0,0.0,31,0,15.5,21.9203102168,89000000.0,3000000.0,0.5,0.7071067812,1,0,0,0.0,0.0,0,0,0,0.0,0.0,0,0,1,0,0,0,20,40,1000000.0,2000000.0,0,58,36.75,27.6088753846,762.25,0,1,0,0,1,0,0,0,2,49.0,58.0,15.5,0,0,0,0,0,0,1,58,2,31,65,65,0,20,0.0,0.0,0,0,0.0,0.0,0,0,Benign,Thursday,False,Normal
80,6,22/02/2018 11:49:06,53484480,2,0,0,0,0,0,0.0,0.0,0,0,0.0,0.0,0.0,0.0373940253,53484480.0,0.0,53484480,53484480,53484480,53484480.0,0.0,53484480,53484480,0,0.0,0.0,0,0,0,0,0,0,40,0,0.0373940253,0.0,0,0,0.0,0.0,0.0,0,0,0,0,1,0,0,0,0,0.0,0.0,0.0,0,0,0,0,0,0,2,0,0,0,279,-1,0,20,0.0,0.0,0,0,0.0,0.0,0,0,Benign,Thursday,False,Normal
80,6,22/02/2018 12:23:06,54163032,2,0,0,0,0,0,0.0,0.0,0,0,0.0,0.0,0.0,0.0369255547,54163032.0,0.0,54163032,54163032,54163032,54163032.0,0.0,54163032,54163032,0,0.0,0.0,0,0,0,0,0,0,40,0,0.0369255547,0.0,0,0,0.0,0.0,0.0,0,0,0,0,1,0,0,0,0,0.0,0.0,0.0,0,0,0,0,0,0,2,0,0,0,279,-1,0,20,0.0,0.0,0,0,0.0,0.0,0,0,Benign,Thursday,False,Normal
0,0,22/02/2018 01:39:18,112636781,3,0,0,0,0,0,0.0,0.0,0,0,0.0,0.0,0.0,0.0266342839,56318390.5,55.8614357137,56318430,56318351,112636781,56318390.5,55.8614357137,56318430,56318351,0,0.0,0.0,0,0,0,0,0,0,0,0,0.0266342839,0.0,0,0,0.0,0.0,0.0,0,0,0,0,0,0,0,0,0,0.0,0.0,0.0,0,0,0,0,0,0,3,0,0,0,-1,-1,0,0,0.0,0.0,0,0,56318390.5,55.8614357137,56318430,56318351,Benign,Thursday,False,Normal
443,6,22/02/2018 01:44:51,118289066,14,12,597,3727,197,0,42.6428571429,67.3710816105,1430,0,310.5833333333,536.8938372008,36.5545197559,0.2198005351,4731562.64,16203376.8889457,58772327,3,118289066,9099158.92307692,21970492.8515615,58839088,222,118092863,10735714.8181818,23731876.5814491,58925310,3,0,0,0,0,292,252,0.1183541343,0.1014464008,0,1430,160.1481481481,378.2719517962,143089.66951567,0,0,0,1,0,0,0,0,0,166.3076923077,42.6428571429,310.5833333333,0,0,0,0,0,0,14,597,12,3727,8192,176,6,20,486033.0,399414.922207471,768462,203604,58569084.5,287428.299950614,58772327,58365842,Benign,Thursday,False,Normal
80,6,22/02/2018 02:05:11,5973532,3,1,0,0,0,0,0.0,0.0,0,0,0.0,0.0,0.0,0.6696205863,1991177.33333333,3314382.2168895,5817234,64,5973532,2986766.0,4002886.23346305,5817234,156298,0,0.0,0.0,0,0,0,0,0,0,72,32,0.5022154397,0.1674051466,0,0,0.0,0.0,0.0,0,0,0,1,0,0,0,0,0,0.0,0.0,0.0,0,0,0,0,0,0,3,0,1,0,8192,42780,0,20,0.0,0.0,0,0,0.0,0.0,0,0,Benign,Thursday,False,Normal
443,6,22/02/2018 02:08:01,746,3,0,77,0,46,0,25.6666666667,23.4591844132,0,0,0.0,0.0,103217.158176944,4021.4477211796,373.0,483.6610383316,715,31,746,373.0,483.6610383316,715,31,0,0.0,0.0,0,0,1,0,0,0,60,0,4021.4477211796,0.0,0,46,30.75,21.6852484422,470.25,0,1,0,0,1,0,0,0,0,41.0,25.6666666667,0.0,0,0,0,0,0,0,3,77,0,0,251,-1,1,20,0.0,0.0,0,0,0.0,0.0,0,0,Benign,Thursday,False,Normal
53,17,22/02/2018 09:53:11,2097,1,1,30,207,30,30,30.0,0.0,207,207,207.0,0.0,113018.597997139,953.7434430138,2097.0,0.0,2097,2097,0,0.0,0.0,0,0,0,0.0,0.0,0,0,0,0,0,0,8,8,476.8717215069,476.8717215069,30,207,89.0,102.1909976466,10443.0,0,0,0,0,0,0,0,0,1,133.5,30.0,207.0,0,0,0,0,0,0,1,30,1,207,-1,-1,0,8,0.0,0.0,0,0,0.0,0.0,0,0,Benign,Thursday,False,Normal
80,6,22/02/2018 02:25:01,116336695,16,14,445,706,434,0,27.8125,108.3175693659,706,0,50.4285714286,188.6864367902,9.8936969114,0.2578722045,4011610.17241379,4827890.54944994,10019698,52,116336695,7755779.66666667,4198425.92996222,10171716,186,111904892,8608068.61538461,3766765.54847501,10170789,97258,0,0,0,0,332,424,0.1375318424,0.1203403621,0,706,37.1290322581,146.5227495273,21468.9161290322,0,0,0,1,0,0,0,0,0,38.3666666667,27.8125,50.4285714286,0,0,0,0,0,0,16,445,14,706,8192,172,12,20,169617.909090909,92642.4528469044,447953,126271,10002979.5454545,22593.8709005943,10019698,9937309,Benign,Thursday,False,Normal
52527,6,22/02/2018 02:27:21,57,3,1,53,0,53,0,17.6666666667,30.5995642671,0,0,0.0,0.0,929824.561403509,70175.4385964912,19.0,15.7162336455,33,2,57,28.5,37.4766594029,55,2,0,0.0,0.0,0,0,0,0,0,0,60,20,52631.5789473684,17543.8596491228,0,53,10.6,23.7023205615,561.8,0,0,0,0,1,0,0,0,0,13.25,17.6666666667,0.0,0,0,0,0,0,0,3,53,1,0,1013,0,1,20,0.0,0.0,0,0,0.0,0.0,0,0,Benign,Thursday,False,Normal
53,17,22/02/2018 02:45:47,840,1,1,33,49,33,33,33.0,0.0,49,49,49.0,0.0,97619.0476190476,2380.9523809524,840.0,0.0,840,840,0,0.0,0.0,0,0,0,0.0,0.0,0,0,0,0,0,0,8,8,1190.4761904762,1190.4761904762,33,49,38.3333333333,9.237604307,85.3333333333,0,0,0,0,0,0,0,0,1,57.5,33.0,49.0,0,0,0,0,0,0,1,33,1,49,-1,-1,0,8,0.0,0.0,0,0,0.0,0.0,0,0,Benign,Thursday,False,Normal
53,17,22/02/2018 08:50:28,20889,1,1,90,147,90,90,90.0,0.0,147,147,147.0,0.0,11345.6843314663,95.7441715736,20889.0,0.0,20889,20889,0,0.0,0.0,0,0,0,0.0,0.0,0,0,0,0,0,0,8,8,47.8720857868,47.8720857868,90,147,109.0,32.9089653438,1083.0,0,0,0,0,0,0,0,0,1,163.5,90.0,147.0,0,0,0,0,0,0,1,90,1,147,-1,-1,0,8,0.0,0.0,0,0,0.0,0.0,0,0,Benign,Thursday,False,Normal
53,17,22/02/2018 01:45:00,86976,2,2,84,278,42,42,42.0,0.0,139,139,139.0,0.0,4162.0676968359,45.9896983076,28992.0,25592.4802041537,48449,1,38526,38526.0,0.0,38526,38526,1,1.0,0.0,1,1,0,0,0,0,16,16,22.9948491538,22.9948491538,42,139,80.8,53.129088078,2822.7,0,0,0,0,0,0,0,0,1,101.0,42.0,139.0,0,0,0,0,0,0,2,84,2,278,-1,-1,1,8,0.0,0.0,0,0,0.0,0.0,0,0,Benign,Thursday,False,Normal
53,17,22/02/2018 09:08:06,141837,2,2,72,238,36,36,36.0,0.0,119,119,119.0,0.0,2185.6074226048,28.2013860981,47279.0,57747.161254905,111655,40,30142,30142.0,0.0,30142,30142,40,40.0,0.0,40,40,0,0,0,0,16,16,14.1006930491,14.1006930491,36,119,69.2,45.4609722729,2066.7,0,0,0,0,0,0,0,0,1,86.5,36.0,119.0,0,0,0,0,0,0,2,72,2,238,-1,-1,1,8,0.0,0.0,0,0,0.0,0.0,0,0,Benign,Thursday,False,Normal
443,6,22/02/2018 09:48:00,4193553,3,1,66,0,35,0,22.0,19.1572440607,0,0,0.0,0.0,15.7384442262,0.9538451046,1397851.0,2347843.55883692,4108465,139,4193553,2096776.5,2965093.18788002,4193414,139,0,0.0,0.0,0,0,1,0,0,0,60,20,0.7153838285,0.2384612762,0,35,19.4,17.7848249921,316.3,0,1,0,0,1,0,0,0,0,24.25,22.0,0.0,0,0,0,0,0,0,3,66,1,0,175,175,1,20,0.0,0.0,0,0,0.0,0.0,0,0,Benign,Thursday,False,Normal
53,17,22/02/2018 02:45:39,724,1,1,47,103,47,47,47.0,0.0,103,103,103.0,0.0,207182.320441989,2762.4309392265,724.0,0.0,724,724,0,0.0,0.0,0,0,0,0.0,0.0,0,0,0,0,0,0,8,8,1381.2154696133,1381.2154696133,47,103,65.6666666667,32.3316150746,1045.3333333333,0,0,0,0,0,0,0,0,1,98.5,47.0,103.0,0,0,0,0,0,0,1,47,1,103,-1,-1,0,8,0.0,0.0,0,0,0.0,0.0,0,0,Benign,Thursday,False,Normal
53,17,22/02/2018 02:25:21,272,1,1,35,51,35,35,35.0,0.0,51,51,51.0,0.0,316176.470588235,7352.9411764706,272.0,0.0,272,272,0,0.0,0.0,0,0,0,0.0,0.0,0,0,0,0,0,0,8,8,3676.4705882353,3676.4705882353,35,51,40.3333333333,9.237604307,85.3333333333,0,0,0,0,0,0,0,0,1,60.5,35.0,51.0,0,0,0,0,0,0,1,35,1,51,-1,-1,0,8,0.0,0.0,0,0,0.0,0.0,0,0,Benign,Thursday,False,Normal
53,17,22/02/2018 12:25:56,78599,2,2,64,242,32,32,32.0,0.0,121,121,121.0,0.0,3893.1793025357,50.8912327129,26199.6666666667,29367.514660477,57945,1,20653,20653.0,0.0,20653,20653,1,1.0,0.0,1,1,0,0,0,0,16,16,25.4456163564,25.4456163564,32,121,67.6,48.747307618,2376.3,0,0,0,0,0,0,0,0,1,84.5,32.0,121.0,0,0,0,0,0,0,2,64,2,242,-1,-1,1,8,0.0,0.0,0,0,0.0,0.0,0,0,Benign,Thursday,False,Normal
53,17,22/02/2018 02:26:50,1045,1,1,40,139,40,40,40.0,0.0,139,139,139.0,0.0,171291.866028708,1913.8755980861,1045.0,0.0,1045,1045,0,0.0,0.0,0,0,0,0.0,0.0,0,0,0,0,0,0,8,8,956.9377990431,956.9377990431,40,139,73.0,57.1576766498,3267.0,0,0,0,0,0,0,0,0,1,109.5,40.0,139.0,0,0,0,0,0,0,1,40,1,139,-1,-1,0,8,0.0,0.0,0,0,0.0,0.0,0,0,Benign,Thursday,False,Normal
53,17,22/02/2018 02:05:08,1179,1,1,38,90,38,38,38.0,0.0,90,90,90.0,0.0,108566.581849025,1696.352841391,1179.0,0.0,1179,1179,0,0.0,0.0,0,0,0,0.0,0.0,0,0,0,0,0,0,8,8,848.1764206955,848.1764206955,38,90,55.3333333333,30.0222139979,901.3333333333,0,0,0,0,0,0,0,0,1,83.0,38.0,90.0,0,0,0,0,0,0,1,38,1,90,-1,-1,0,8,0.0,0.0,0,0,0.0,0.0,0,0,Benign,Thursday,False,Normal
53,17,22/02/2018 08:23:11,1200,1,1,43,71,43,43,43.0,0.0,71,71,71.0,0.0,95000.0,1666.6666666667,1200.0,0.0,1200,1200,0,0.0,0.0,0,0,0,0.0,0.0,0,0,0,0,0,0,8,8,833.3333333333,833.3333333333,43,71,52.3333333333,16.1658075373,261.3333333333,0,0,0,0,0,0,0,0,1,78.5,43.0,71.0,0,0,0,0,0,0,1,43,1,71,-1,-1,0,8,0.0,0.0,0,0,0.0,0.0,0,0,Benign,Thursday,False,Normal
53,17,22/02/2018 04:07:01,12959,1,1,32,121,32,32,32.0,0.0,121,121,121.0,0.0,11806.4665483448,154.3328960568,12959.0,0.0,12959,12959,0,0.0,0.0,0,0,0,0.0,0.0,0,0,0,0,0,0,8,8,77.1664480284,77.1664480284,32,121,61.6666666667,51.3841739579,2640.3333333333,0,0,0,0,0,0,0,0,1,92.5,32.0,121.0,0,0,0,0,0,0,1,32,1,121,-1,-1,0,8,0.0,0.0,0,0,0.0,0.0,0,0,Benign,Thursday,False,Normal
445,6,22/02/2018 01:29:52,591747,6,5,455,338,140,0,75.8333333333,62.9362110924,145,0,67.6,69.7588704037,1340.0997385707,18.5890253774,59174.7,76219.8554811453,149019,3,591675,118335.0,66154.4990193411,149100,3,591666,147916.5,1204.4543716278,149476,146744,0,0,0,0,132,112,10.1394683877,8.4495569897,0,145,66.0833333333,63.40269328,4019.9015151515,0,0,0,1,0,0,0,0,0,72.0909090909,75.8333333333,67.6,0,0,0,0,0,0,6,455,5,338,8192,0,4,20,0.0,0.0,0,0,0.0,0.0,0,0,Benign,Thursday,False,Normal
443,6,22/02/2018 08:41:02,118322189,14,17,819,11720,229,0,58.5,81.4689653039,1460,0,689.4117647059,707.6570549023,105.9733605841,0.2619965052,3944072.96666667,14763161.8628684,58429876,0,118322189,9101706.84615385,21814534.694451,58429876,189,118256551,7391034.4375,19871562.505333,58441148,0,0,0,0,0,292,352,0.1183210023,0.1436755028,0,1460,391.84375,604.1049956474,364942.845766129,0,0,0,1,0,0,0,0,1,404.4838709677,58.5,689.4117647059,0,0,0,0,0,0,14,819,17,11720,8192,64,7,20,876805.5,1151915.83742585,1691333,62278,58245408.5,260876.440317059,58429876,58060941,Benign,Thursday,False,Normal
80,6,22/02/2018 10:41:25,91,2,0,0,0,0,0,0.0,0.0,0,0,0.0,0.0,0.0,21978.021978022,91.0,0.0,91,91,91,91.0,0.0,91,91,0,0.0,0.0,0,0,0,0,0,0,40,0,21978.021978022,0.0,0,0,0.0,0.0,0.0,0,0,0,0,1,0,0,0,0,0.0,0.0,0.0,0,0,0,0,0,0,2,0,0,0,278,-1,0,20,0.0,0.0,0,0,0.0,0.0,0,0,Benign,Thursday,False,Normal
80,6,22/02/2018 11:07:16,115883831,16,15,442,1780,431,0,27.625,107.5675756598,1460,0,118.6666666667,380.1102596929,19.1743747236,0.2675092783,3862794.36666667,4851242.23631689,10015632,1,115883831,7725588.73333333,4152613.02083715,10046596,149,110555259,7896804.21428571,4259634.48305856,10046715,1,0,0,0,0,332,444,0.1380693049,0.1294399734,0,1460,69.4375,270.3332396948,73080.060483871,0,0,0,1,0,0,0,0,0,71.6774193548,27.625,118.6666666667,0,0,0,0,0,0,16,442,15,1780,8192,946,12,20,41140.0,33421.0382424005,141908,30964,10009325.2727273,7683.1713125625,10015632,9999698,Benign,Thursday,False,Normal
443,6,22/02/2018 11:50:42,287,3,0,77,0,46,0,25.6666666667,23.4591844132,0,0,0.0,0.0,268292.682926829,10452.9616724739,143.5,176.0695885155,268,19,287,143.5,176.0695885155,268,19,0,0.0,0.0,0,0,1,0,0,0,60,0,10452.9616724739,0.0,0,46,30.75,21.6852484422,470.25,0,1,0,0,1,0,0,0,0,41.0,25.6666666667,0.0,0,0,0,0,0,0,3,77,0,0,253,-1,1,20,0.0,0.0,0,0,0.0,0.0,0,0,Benign,Thursday,False,Normal
443,6,22/02/2018 11:47:53,118199342,19,21,1269,4175,420,0,66.7894736842,106.866260629,1430,0,198.8095238095,420.5675473747,46.057786007,0.3384113593,3030752.35897436,13016993.9945372,58307219,9,118199342,6566630.11111111,18828918.3841867,58359138,113,118138424,5906921.2,17929669.160416,58342121,17,0,0,0,0,392,432,0.1607453957,0.1776659637,0,1430,132.7804878049,313.6493673033,98375.9256097561,0,0,0,1,0,0,0,0,1,136.1,66.7894736842,198.8095238095,0,0,0,0,0,0,19,1269,21,4175,8192,184,10,20,774999.5,1007292.70168333,1487263,62736,58294210.0,18397.5042329116,58307219,58281201,Benign,Thursday,False,Normal
443,6,22/02/2018 11:50:47,1119,3,0,77,0,46,0,25.6666666667,23.4591844132,0,0,0.0,0.0,68811.4387846291,2680.9651474531,559.5,768.6250711498,1103,16,1119,559.5,768.6250711498,1103,16,0,0.0,0.0,0,0,1,0,0,0,60,0,2680.9651474531,0.0,0,46,30.75,21.6852484422,470.25,0,1,0,0,1,0,0,0,0,41.0,25.6666666667,0.0,0,0,0,0,0,0,3,77,0,0,257,-1,1,20,0.0,0.0,0,0,0.0,0.0,0,0,Benign,Thursday,False,Normal
80,6,22/02/2018 12:28:16,116069879,16,15,335,602,324,0,20.9375,80.8178765291,597,0,40.1333333333,154.0579050073,8.0727231567,0.2670804886,3868995.96666667,4856948.94326917,10005288,10,116069879,7737991.93333333,4115819.79707287,10015327,9996,110395895,7885421.07142857,4231743.86190786,10015365,19,0,0,0,0,332,444,0.1378479941,0.1292324945,0,597,29.28125,118.3194784976,13999.4989919355,0,0,0,1,0,0,0,0,0,30.2258064516,20.9375,40.1333333333,0,0,0,0,0,0,16,335,15,602,8192,119,12,20,31209.9090909091,70172.8550929126,242789,10007,10004776.2727273,1517.809809621,10005288,10000201,Benign,Thursday,False,Normal
80,6,22/02/2018 12:32:54,784,3,4,148,243,148,0,49.3333333333,85.4478398401,243,0,60.75,121.5,498724.489795918,8928.5714285714,130.6666666667,71.6258798666,202,27,413,206.5,71.4177848998,257,156,582,194.0,176.6889923,379,27,0,0,0,0,72,92,3826.5306122449,5102.0408163265,0,243,48.875,93.9930658537,8834.6964285714,0,0,0,1,0,0,0,0,1,55.8571428571,49.3333333333,60.75,0,0,0,0,0,0,3,148,4,243,8192,149,1,20,0.0,0.0,0,0,0.0,0.0,0,0,Benign,Thursday,False,Normal
80,6,22/02/2018 12:55:16,47662,3,4,437,860,437,0,145.6666666667,252.3020676359,860,0,215.0,430.0,27212.4543661617,146.867525492,7943.6666666667,12111.5548079785,23595,17,23765,11882.5,16609.2311832908,23627,138,24067,8022.3333333333,13606.6632696386,23733,17,0,0,0,0,72,92,62.9432252109,83.9243002811,0,860,162.125,320.7787121099,102898.982142857,0,0,0,1,0,0,0,0,1,185.2857142857,145.6666666667,215.0,0,0,0,0,0,0,3,437,4,860,8192,31,1,20,0.0,0.0,0,0,0.0,0.0,0,0,Benign,Thursday,False,Normal
443,6,22/02/2018 12:55:19,118251273,23,38,857,37113,210,0,37.2608695652,67.5339762243,1430,0,976.6578947368,643.8184768646,321.0959090478,0.5158506835,1970854.55,10622323.6777188,58739088,0,118251273,5375057.86363636,17279969.2912123,58874299,23,118106908,3192078.59459459,13479973.9395728,58834680,0,0,0,0,0,472,772,0.1945010774,0.3213496061,0,1430,612.4193548387,683.0739956649,466590.083553675,0,0,0,1,0,0,0,0,1,622.4590163934,37.2608695652,976.6578947368,0,0,0,0,0,0,23,857,38,37113,8192,180,8,20,358557.0,301206.275582034,571542,145572,58694844.5,62569.757746854,58739088,58650601,Benign,Thursday,False,Normal
80,6,22/02/2018 02:34:28,5206577,3,1,0,0,0,0,0.0,0.0,0,0,0.0,0.0,0.0,0.7682590693,1735525.66666667,2978901.13839606,5175217,39,5206577,2603288.5,3637256.16615389,5175217,31360,0,0.0,0.0,0,0,0,0,0,0,72,32,0.5761943019,0.1920647673,0,0,0.0,0.0,0.0,0,0,0,1,0,0,0,0,0,0.0,0.0,0.0,0,0,0,0,0,0,3,0,1,0,8192,29200,0,20,0.0,0.0,0,0,0.0,0.0,0,0,Benign,Thursday,False,Normal
443,6,22/02/2018 03:04:10,733,3,0,77,0,46,0,25.6666666667,23.4591844132,0,0,0.0,0.0,105047.748976808,4092.7694406549,366.5,492.853426487,715,18,733,366.5,492.853426487,715,18,0,0.0,0.0,0,0,1,0,0,0,60,0,4092.7694406549,0.0,0,46,30.75,21.6852484422,470.25,0,1,0,0,1,0,0,0,0,41.0,25.6666666667,0.0,0,0,0,0,0,0,3,77,0,0,253,-1,1,20,0.0,0.0,0,0,0.0,0.0,0,0,Benign,Thursday,False,Normal
443,6,22/02/2018 03:04:10,1319,3,0,77,0,46,0,25.6666666667,23.4591844132,0,0,0.0,0.0,58377.5587566338,2274.4503411676,659.5,907.2180002623,1301,18,1319,659.5,907.2180002623,1301,18,0,0.0,0.0,0,0,1,0,0,0,60,0,2274.4503411676,0.0,0,46,30.75,21.6852484422,470.25,0,1,0,0,1,0,0,0,0,41.0,25.6666666667,0.0,0,0,0,0,0,0,3,77,0,0,251,-1,1,20,0.0,0.0,0,0,0.0,0.0,0,0,Benign,Thursday,False,Normal
443,6,22/02/2018 03:14:48,563177,10,7,512,4472,194,0,51.2,80.7379850022,1430,0,638.8571428571,695.6206889226,8849.793226641,30.1858918244,35198.5625,44222.1613748412,123799,1,563177,62575.2222222222,47548.5713791113,140585,23,430120,71686.6666666667,108140.744261664,249254,1,0,0,0,0,212,152,17.7564069555,12.4294848689,0,1430,276.8888888889,512.5005467875,262656.810457516,0,0,0,1,0,0,0,0,0,293.1764705882,51.2,638.8571428571,0,0,0,0,0,0,10,512,7,4472,8192,172,4,20,0.0,0.0,0,0,0.0,0.0,0,0,Benign,Thursday,False,Normal
53,17,22/02/2018 11:58:02,451,1,1,31,47,31,31,31.0,0.0,47,47,47.0,0.0,172949.002217295,4434.5898004435,451.0,0.0,451,451,0,0.0,0.0,0,0,0,0.0,0.0,0,0,0,0,0,0,8,8,2217.2949002217,2217.2949002217,31,47,36.3333333333,9.237604307,85.3333333333,0,0,0,0,0,0,0,0,1,54.5,31.0,47.0,0,0,0,0,0,0,1,31,1,47,-1,-1,0,8,0.0,0.0,0,0,0.0,0.0,0,0,Benign,Thursday,False,Normal
3389,6,22/02/2018 08:28:31,3434466,10,7,1132,1581,661,0,113.2,205.3424240412,1173,0,225.8571428571,430.0986044197,789.9335733706,4.9498233495,214654.125,444407.480109096,1638581,3,3434466,381607.333333333,582876.905074948,1638581,3,3324129,554021.5,688199.364984522,1793343,112250,0,0,0,0,212,152,2.9116607938,2.0381625557,0,1173,150.7222222222,303.4809433993,92100.683006536,0,0,1,1,0,0,0,1,0,159.5882352941,113.2,225.8571428571,0,0,0,0,0,0,10,1132,7,1581,8192,62868,5,20,0.0,0.0,0,0,0.0,0.0,0,0,Benign,Thursday,False,Normal
53,17,22/02/2018 02:49:31,298,1,1,40,56,40,40,40.0,0.0,56,56,56.0,0.0,322147.651006711,6711.4093959732,298.0,0.0,298,298,0,0.0,0.0,0,0,0,0.0,0.0,0,0,0,0,0,0,8,8,3355.7046979866,3355.7046979866,40,56,45.3333333333,9.237604307,85.3333333333,0,0,0,0,0,0,0,0,1,68.0,40.0,56.0,0,0,0,0,0,0,1,40,1,56,-1,-1,0,8,0.0,0.0,0,0,0.0,0.0,0,0,Benign,Thursday,False,Normal
53,17,22/02/2018 12:19:17,946,1,1,37,90,37,37,37.0,0.0,90,90,90.0,0.0,134249.471458774,2114.1649048626,946.0,0.0,946,946,0,0.0,0.0,0,0,0,0.0,0.0,0,0,0,0,0,0,8,8,1057.0824524313,1057.0824524313,37,90,54.6666666667,30.5995642671,936.3333333333,0,0,0,0,0,0,0,0,1,82.0,37.0,90.0,0,0,0,0,0,0,1,37,1,90,-1,-1,0,8,0.0,0.0,0,0,0.0,0.0,0,0,Benign,Thursday,False,Normal
53,17,22/02/2018 01:23:26,2836,1,1,51,161,51,51,51.0,0.0,161,161,161.0,0.0,74753.17348378,705.2186177715,2836.0,0.0,2836,2836,0,0.0,0.0,0,0,0,0.0,0.0,0,0,0,0,0,0,8,8,352.6093088858,352.6093088858,51,161,87.6666666667,63.5085296109,4033.3333333333,0,0,0,0,0,0,0,0,1,131.5,51.0,161.0,0,0,0,0,0,0,1,51,1,161,-1,-1,0,8,0.0,0.0,0,0,0.0,0.0,0,0,Benign,Thursday,False,Normal
80,6,22/02/2018 08:31:00,6440355,4,4,97,231,97,0,24.25,48.5,231,0,57.75,115.5,50.9288696042,1.2421675513,920050.714285714,2406925.38145333,6378199,39,62156,20718.6666666667,35596.5632095759,61822,119,6440179,2146726.33333333,3717732.45473452,6439594,244,0,0,0,0,92,92,0.6210837757,0.6210837757,0,231,36.4444444444,79.6996096463,6352.0277777778,0,0,0,1,0,0,0,0,1,41.0,24.25,57.75,0,0,0,0,0,0,4,97,4,231,8192,141,1,20,0.0,0.0,0,0,0.0,0.0,0,0,Benign,Thursday,False,Normal
443,6,22/02/2018 08:32:04,84513,5,4,1408,810,1109,0,281.6,471.4841460749,645,0,202.5,305.0819562019,26244.483097275,106.4924922793,10564.125,13347.0150160733,27356,50,56544,14136.0,14555.4211435694,27150,151,58319,19439.6666666667,16314.1582171234,29418,613,0,0,0,0,112,92,59.1624957107,47.3299965686,0,1109,221.8,370.7319486877,137442.177777778,0,0,0,1,0,0,0,0,0,246.4444444444,281.6,202.5,0,0,0,0,0,0,5,1408,4,810,8192,507,3,20,0.0,0.0,0,0,0.0,0.0,0,0,Benign,Thursday,False,Normal
80,6,22/02/2018 10:30:07,54403282,2,0,0,0,0,0,0.0,0.0,0,0,0.0,0.0,0.0,0.036762488,54403282.0,0.0,54403282,54403282,54403282,54403282.0,0.0,54403282,54403282,0,0.0,0.0,0,0,0,0,0,0,40,0,0.036762488,0.0,0,0,0.0,0.0,0.0,0,0,0,0,1,0,0,0,0,0.0,0.0,0.0,0,0,0,0,0,0,2,0,0,0,279,-1,0,20,0.0,0.0,0,0,0.0,0.0,0,0,Benign,Thursday,False,Normal
443,6,22/02/2018 11:18:36,117017175,23,21,783,6710,373,0,34.0434782609,89.4957989166,1460,0,319.5238095238,583.7920536499,64.0333352775,0.3760131793,2721329.65116279,4396849.93043726,10011380,14,117017175,5318962.5,4970211.15310505,10062252,32,111719393,5585969.65,5079439.22599734,10062606,79,0,0,0,0,472,564,0.1965523437,0.1794608356,0,1460,166.5111111111,424.1425908509,179896.937373737,0,0,0,1,0,0,0,0,0,170.2954545455,34.0434782609,319.5238095238,0,0,0,0,0,0,23,783,21,6710,8192,254,15,20,137573.75,299613.444680164,1088974,50842,9613854.83333334,1375284.56692397,10011380,5246741,Benign,Thursday,False,Normal
443,6,22/02/2018 01:49:00,116034434,19,17,1116,594,517,0,58.7368421053,160.095055828,291,0,34.9411764706,82.8518788171,14.7370047067,0.3102527307,3315269.54285714,4684734.17182274,10001386,1,116034434,6446357.44444444,4785308.92143159,10031727,33,110465336,6904083.5,4790351.93300583,10031792,1,0,0,0,0,392,484,0.1637444967,0.1465082339,0,517,46.2162162162,126.7603020436,16068.1741741742,0,0,0,1,0,0,0,0,0,47.5,58.7368421053,34.9411764706,0,0,0,0,0,0,19,1116,17,594,8192,980,15,20,40553.1666666667,35345.4572311462,152790,30271,9628980.25,1288082.89431656,10001386,5538768,Benign,Thursday,False,Normal
53,17,22/02/2018 12:57:36,1011,1,1,40,120,40,40,40.0,0.0,120,120,120.0,0.0,158259.149357072,1978.2393669634,1011.0,0.0,1011,1011,0,0.0,0.0,0,0,0,0.0,0.0,0,0,0,0,0,0,8,8,989.1196834817,989.1196834817,40,120,66.6666666667,46.1880215352,2133.3333333333,0,0,0,0,0,0,0,0,1,100.0,40.0,120.0,0,0,0,0,0,0,1,40,1,120,-1,-1,0,8,0.0,0.0,0,0,0.0,0.0,0,0,Benign,Thursday,False,Normal
3389,6,22/02/2018 03:56:55,3438796,12,7,1148,1581,677,0,95.6666666667,195.2189136391,1173,0,225.8571428571,430.0986044197,793.5917105871,5.5251896303,191044.222222222,286667.015923385,953186,91,3438796,312617.818181818,402903.186356429,1275393,6052,2816915,469485.833333333,419421.885600843,1060163,152846,0,0,0,0,252,152,3.4895934507,2.0355961796,0,1173,136.45,292.3279475989,85455.6289473685,0,0,1,1,0,0,0,1,0,143.6315789474,95.6666666667,225.8571428571,0,0,0,0,0,0,12,1148,7,1581,8192,62852,5,20,0.0,0.0,0,0,0.0,0.0,0,0,Benign,Thursday,False,Normal
52698,6,22/02/2018 04:44:34,164,1,1,0,0,0,0,0.0,0.0,0,0,0.0,0.0,0.0,12195.1219512195,164.0,0.0,164,164,0,0.0,0.0,0,0,0,0.0,0.0,0,0,0,0,0,0,20,20,6097.5609756098,6097.5609756098,0,0,0.0,0.0,0.0,0,0,0,0,1,1,0,0,1,0.0,0.0,0.0,0,0,0,0,0,0,1,0,1,0,60,256,0,20,0.0,0.0,0,0,0.0,0.0,0,0,Benign,Thursday,False,Normal
53,17,22/02/2018 02:18:37,336,1,1,54,70,54,54,54.0,0.0,70,70,70.0,0.0,369047.619047619,5952.380952381,336.0,0.0,336,336,0,0.0,0.0,0,0,0,0.0,0.0,0,0,0,0,0,0,8,8,2976.1904761905,2976.1904761905,54,70,59.3333333333,9.237604307,85.3333333333,0,0,0,0,0,0,0,0,1,89.0,54.0,70.0,0,0,0,0,0,0,1,54,1,70,-1,-1,0,8,0.0,0.0,0,0,0.0,0.0,0,0,Benign,Thursday,False,Normal
50261,6,22/02/2018 11:00:48,1927,2,0,0,0,0,0,0.0,0.0,0,0,0.0,0.0,0.0,1037.8827192527,1927.0,0.0,1927,1927,1927,1927.0,0.0,1927,1927,0,0.0,0.0,0,0,0,0,0,0,52,0,1037.8827192527,0.0,0,0,0.0,0.0,0.0,0,0,0,0,1,0,0,0,0,0.0,0.0,0.0,0,0,0,0,0,0,2,0,0,0,239,-1,0,20,0.0,0.0,0,0,0.0,0.0,0,0,Benign,Thursday,False,Normal
53,17,22/02/2018 02:18:48,12969,1,1,42,101,42,42,42.0,0.0,101,101,101.0,0.0,11026.2934690416,154.2138946719,12969.0,0.0,12969,12969,0,0.0,0.0,0,0,0,0.0,0.0,0,0,0,0,0,0,8,8,77.106947336,77.106947336,42,101,61.6666666667,34.0636658822,1160.3333333333,0,0,0,0,0,0,0,0,1,92.5,42.0,101.0,0,0,0,0,0,0,1,42,1,101,-1,-1,0,8,0.0,0.0,0,0,0.0,0.0,0,0,Benign,Thursday,False,Normal
3389,6,22/02/2018 09:21:14,1638848,8,7,1144,1581,677,0,143.0,227.9699228282,1173,0,225.8571428571,430.0986044197,1662.7533486937,9.1527707268,117060.571428571,245759.287875419,953105,3,1638848,234121.142857143,387608.905454294,1108545,3,1534561,255760.166666667,342194.718939622,953105,104754,0,0,0,0,172,152,4.8814777209,4.2712930058,0,1173,170.3125,319.402717323,102018.095833333,0,0,1,1,0,0,0,1,0,181.6666666667,143.0,225.8571428571,0,0,0,0,0,0,8,1144,7,1581,8192,62856,5,20,0.0,0.0,0,0,0.0,0.0,0,0,Benign,Thursday,False,Normal
443,6,22/02/2018 08:44:51,64507121,10,7,39,0,31,0,3.9,9.5271541746,0,0,0.0,0.0,0.6045844148,0.2635367962,4031695.0625,4878046.68314858,10175025,34,64507121,7167457.88888889,4633347.54358062,10337475,34,62540716,10423452.6666667,398621.600782329,11232043,10206974,0,0,0,0,200,224,0.1550216448,0.1085151514,0,31,2.2222222222,7.1993100614,51.8300653595,0,0,0,0,1,0,0,0,0,2.3529411765,3.9,0.0,0,0,0,0,0,0,10,39,7,0,251,1859,8,20,321550.666666667,444537.164122716,1228196,122637,10101353.6666667,69836.6042091585,10175025,10003847,Benign,Thursday,False,Normal
80,6,22/02/2018 08:47:44,84994,2,0,0,0,0,0,0.0,0.0,0,0,0.0,0.0,0.0,23.5310727816,84994.0,0.0,84994,84994,84994,84994.0,0.0,84994,84994,0,0.0,0.0,0,0,0,0,0,0,40,0,23.5310727816,0.0,0,0,0.0,0.0,0.0,0,0,0,0,1,0,0,0,0,0.0,0.0,0.0,0,0,0,0,0,0,2,0,0,0,279,-1,0,20,0.0,0.0,0,0,0.0,0.0,0,0,Benign,Thursday,False,Normal
80,6,22/02/2018 10:27:41,939,3,4,161,488,161,0,53.6666666667,92.9533933395,488,0,122.0,244.0,691160.809371672,7454.7390841321,156.5,128.8437037655,369,0,559,279.5,201.5254326382,422,137,570,190.0,188.517903659,377,0,0,0,0,0,72,92,3194.8881789137,4259.8509052183,0,488,81.125,173.7875858627,30202.125,0,0,0,1,0,0,0,0,1,92.7142857143,53.6666666667,122.0,0,0,0,0,0,0,3,161,4,488,8192,149,1,20,0.0,0.0,0,0,0.0,0.0,0,0,Benign,Thursday,False,Normal
443,6,22/02/2018 10:38:11,9810770,9,14,1349,6039,485,0,149.8888888889,206.2107201653,1460,0,431.3571428571,602.9227029349,753.0499644778,2.3443623691,445944.090909091,1232556.11271713,5174349,1,9810770,1226346.25,1960967.97107185,5374934,366,6860951,527765.461538462,1430350.22377089,5174349,1,0,0,0,0,192,292,0.9173591879,1.4270031812,0,1460,307.8333333333,493.3814704286,243425.275362319,0,0,0,1,0,0,0,0,1,321.2173913043,149.8888888889,431.3571428571,0,0,0,0,0,0,9,1349,14,6039,8192,256,4,20,379074.0,0.0,379074,379074,5174349.0,0.0,5174349,5174349,Benign,Thursday,False,Normal
80,6,22/02/2018 11:12:44,116145011,16,19,346,7965,335,0,21.625,83.5678367156,1430,0,419.2105263158,647.6330046963,71.5570985653,0.3013474251,3416029.73529412,4738888.22161768,10182874,1,116145011,7743000.73333333,4342111.65607128,10304413,607,112819810,6267767.22222222,5130920.07966997,10304604,1,0,0,0,0,332,524,0.1377588229,0.1635886022,0,1430,230.8611111111,509.405095761,259493.551587302,0,0,0,1,0,0,0,0,1,237.4571428571,21.625,419.2105263158,0,0,0,0,0,0,16,346,19,7965,8192,172,12,20,132710.545454545,36203.9779702829,241868,121539,10123488.4545455,61173.5007652221,10182874,10009834,Benign,Thursday,False,Normal
443,6,22/02/2018 01:07:06,105827327,13,11,42,0,31,0,3.2307692308,8.3481918816,0,0,0.0,0.0,0.3968729173,0.2267845242,4601188.13043478,5028226.91742876,10190966,38,105827327,8818943.91666667,3280562.82158976,10231655,38,101726482,10172648.2,48997.297240199,10231612,10095736,0,0,0,0,260,352,0.1228416173,0.1039429069,0,31,1.72,6.1204574992,37.46,0,0,0,0,1,0,0,0,0,1.7916666667,3.2307692308,0.0,0,0,0,0,0,0,13,42,11,0,253,1378,11,20,40370.2,817.4935677627,40698,38050,10132299.1,48922.4895465606,10190966,10055117,Benign,Thursday,False,Normal
50866,6,22/02/2018 10:58:26,46,1,1,0,0,0,0,0.0,0.0,0,0,0.0,0.0,0.0,43478.2608695652,46.0,0.0,46,46,0,0.0,0.0,0,0,0,0.0,0.0,0,0,0,0,0,0,20,20,21739.1304347826,21739.1304347826,0,0,0.0,0.0,0.0,0,0,0,0,1,1,0,0,1,0.0,0.0,0.0,0,0,0,0,0,0,1,0,1,0,172,255,0,20,0.0,0.0,0,0,0.0,0.0,0,0,Benign,Thursday,False,Normal
50706,6,22/02/2018 10:41:33,51,1,1,0,0,0,0,0.0,0.0,0,0,0.0,0.0,0.0,39215.6862745098,51.0,0.0,51,51,0,0.0,0.0,0,0,0,0.0,0.0,0,0,0,0,0,0,20,20,19607.8431372549,19607.8431372549,0,0,0.0,0.0,0.0,0,0,0,0,1,1,0,0,1,0.0,0.0,0.0,0,0,0,0,0,0,1,0,1,0,256,256,0,20,0.0,0.0,0,0,0.0,0.0,0,0,Benign,Thursday,False,Normal
53,17,22/02/2018 08:29:47,265,1,1,53,117,53,53,53.0,0.0,117,117,117.0,0.0,641509.433962264,7547.1698113208,265.0,0.0,265,265,0,0.0,0.0,0,0,0,0.0,0.0,0,0,0,0,0,0,8,8,3773.5849056604,3773.5849056604,53,117,74.3333333333,36.9504172281,1365.3333333333,0,0,0,0,0,0,0,0,1,111.5,53.0,117.0,0,0,0,0,0,0,1,53,1,117,-1,-1,0,8,0.0,0.0,0,0,0.0,0.0,0,0,Benign,Thursday,False,Normal
3389,6,22/02/2018 10:55:14,6630668,10,10,1128,1581,661,0,112.8,205.1388689536,1173,0,158.1,367.7307136721,408.556121344,3.0162873484,348982.526315789,643772.248825914,2716616,3,6630668,736740.888888889,888020.013378562,2716616,3,6464087,718231.888888889,1023831.58988362,3208641,1272,0,0,0,0,212,212,1.5081436742,1.5081436742,0,1173,129.0,284.9126181832,81175.2,0,0,0,1,0,0,0,0,1,135.45,112.8,158.1,0,0,0,0,0,0,10,1128,10,1581,8192,62872,5,20,0.0,0.0,0,0,0.0,0.0,0,0,Benign,Thursday,False,Normal
53,17,22/02/2018 11:05:11,448,1,1,35,67,35,35,35.0,0.0,67,67,67.0,0.0,227678.571428571,4464.2857142857,448.0,0.0,448,448,0,0.0,0.0,0,0,0,0.0,0.0,0,0,0,0,0,0,8,8,2232.1428571429,2232.1428571429,35,67,45.6666666667,18.4752086141,341.3333333333,0,0,0,0,0,0,0,0,1,68.5,35.0,67.0,0,0,0,0,0,0,1,35,1,67,-1,-1,0,8,0.0,0.0,0,0,0.0,0.0,0,0,Benign,Thursday,False,Normal
80,6,22/02/2018 08:46:04,54325393,2,0,0,0,0,0,0.0,0.0,0,0,0.0,0.0,0.0,0.0368151962,54325393.0,0.0,54325393,54325393,54325393,54325393.0,0.0,54325393,54325393,0,0.0,0.0,0,0,0,0,0,0,40,0,0.0368151962,0.0,0,0,0.0,0.0,0.0,0,0,0,0,1,0,0,0,0,0.0,0.0,0.0,0,0,0,0,0,0,2,0,0,0,279,-1,0,20,0.0,0.0,0,0,0.0,0.0,0,0,Benign,Thursday,False,Normal
80,6,22/02/2018 09:02:51,70,2,0,0,0,0,0,0.0,0.0,0,0,0.0,0.0,0.0,28571.4285714286,70.0,0.0,70,70,70,70.0,0.0,70,70,0,0.0,0.0,0,0,0,0,0,0,40,0,28571.4285714286,0.0,0,0,0.0,0.0,0.0,0,0,0,0,1,0,0,0,0,0.0,0.0,0.0,0,0,0,0,0,0,2,0,0,0,278,-1,0,20,0.0,0.0,0,0,0.0,0.0,0,0,Benign,Thursday,False,Normal
443,6,22/02/2018 09:03:37,363488,10,9,1124,5476,565,0,112.4,194.0642505289,1460,0,608.4444444444,699.0264857484,18157.4082225548,52.2713267013,20193.7777777778,36376.2647575644,137932,5,363488,40387.5555555556,49997.1224599754,137932,22,303845,37980.625,82873.3159965731,239564,8,0,0,0,0,212,184,27.5112245796,24.7601021217,0,1460,330.0,539.4066916042,290959.578947368,0,0,0,1,0,0,0,0,0,347.3684210526,112.4,608.4444444444,0,0,0,0,0,0,10,1124,9,5476,8192,65535,4,20,0.0,0.0,0,0,0.0,0.0,0,0,Benign,Thursday,False,Normal
443,6,22/02/2018 10:06:33,115633435,21,19,712,6427,343,0,33.9047619048,86.8210255421,1460,0,338.2631578947,577.975955104,61.7381988177,0.3459207106,2964959.87179487,4549690.86983641,10114662,0,115633435,5781671.75,4953864.22901163,10140241,18,110711365,6150631.38888889,5037138.81856434,10191891,0,0,0,0,0,432,524,0.181608373,0.1643123375,0,1460,174.1219512195,421.8669929683,177971.759756098,0,0,0,1,0,0,0,0,0,178.475,33.9047619048,338.2631578947,0,0,0,0,0,0,21,712,19,6427,8192,980,15,20,39975.7272727273,47590.4057412645,183465,25465,10024642.3636364,43136.0641442233,10114662,10004743,Benign,Thursday,False,Normal
80,6,22/02/2018 10:10:00,5576414,4,4,97,231,97,0,24.25,48.5,231,0,57.75,115.5,58.8191622788,1.4346137141,796630.571428572,2081541.95808227,5516928,43,59486,19828.6666666667,28499.2788739177,52509,141,5569621,1856540.33333333,3215009.90388091,5568914,317,0,0,0,0,92,92,0.7173068571,0.7173068571,0,231,36.4444444444,79.6996096463,6352.0277777778,0,0,0,1,0,0,0,0,1,41.0,24.25,57.75,0,0,0,0,0,0,4,97,4,231,8192,141,1,20,0.0,0.0,0,0,0.0,0.0,0,0,Benign,Thursday,False,Normal
443,6,22/02/2018 10:39:06,60784380,13,15,337,3628,205,0,25.9230769231,64.012318526,1460,0,241.8666666667,506.3105860278,65.2305740389,0.460644659,2251273.33333333,4223472.7227894,10028103,7,60784380,5065365.0,5168962.42587059,10039592,508,60772823,4340915.92857143,5117275.58169375,10109890,19,0,0,0,0,272,304,0.2138707346,0.2467739245,0,1460,136.724137931,377.122270486,142221.206896552,0,0,0,1,0,0,0,0,1,141.6071428571,25.9230769231,241.8666666667,0,0,0,0,0,0,13,337,15,3628,8192,32120,8,20,41371.6666666667,73208.0645657749,190807,11465,10002918.5,13543.4126386223,10028103,9986744,Benign,Thursday,False,Normal
80,6,22/02/2018 12:57:36,83940,3,4,437,860,437,0,145.6666666667,252.3020676359,860,0,215.0,430.0,15451.5129854658,83.3928996903,13990.0,15908.1316816275,36424,23,60028,30014.0,9065.1089348115,36424,23604,60359,20119.6666666667,34575.6602877419,60044,48,0,0,0,0,72,92,35.739814153,47.6530855373,0,860,162.125,320.7787121099,102898.982142857,0,0,0,1,0,0,0,0,1,185.2857142857,145.6666666667,215.0,0,0,0,0,0,0,3,437,4,860,8192,31,1,20,0.0,0.0,0,0,0.0,0.0,0,0,Benign,Thursday,False,Normal
443,6,22/02/2018 12:57:37,59915,3,1,0,0,0,0,0.0,0.0,0,0,0.0,0.0,0.0,66.7612450972,19971.6666666667,25572.9841890487,48802,26,59915,29957.5,26650.1474761398,48802,11113,0,0.0,0.0,0,0,0,0,0,0,72,32,50.0709338229,16.6903112743,0,0,0.0,0.0,0.0,0,0,0,1,0,0,0,0,0,0.0,0.0,0.0,0,0,0,0,0,0,3,0,1,0,8192,29200,0,20,0.0,0.0,0,0,0.0,0.0,0,0,Benign,Thursday,False,Normal
53,17,22/02/2018 11:36:35,556,1,1,39,167,39,39,39.0,0.0,167,167,167.0,0.0,370503.597122302,3597.1223021583,556.0,0.0,556,556,0,0.0,0.0,0,0,0,0.0,0.0,0,0,0,0,0,0,8,8,1798.5611510791,1798.5611510791,39,167,81.6666666667,73.9008344563,5461.3333333333,0,0,0,0,0,0,0,0,1,122.5,39.0,167.0,0,0,0,0,0,0,1,39,1,167,-1,-1,0,8,0.0,0.0,0,0,0.0,0.0,0,0,Benign,Thursday,False,Normal
3389,6,22/02/2018 02:47:31,1279667,5,3,84,19,42,0,16.8,23.0043474152,19,0,6.3333333333,10.9696551146,80.4896898959,6.2516263997,182809.571428571,285957.169006629,782984,36,1279667,319916.75,325921.398389627,785180,68095,1155901,577950.5,290012.068129069,783020,372881,0,0,0,0,112,84,3.9072664998,2.3443598999,0,42,11.4444444444,18.405916923,338.7777777778,0,0,1,1,0,0,0,1,0,12.875,16.8,6.3333333333,0,0,0,0,0,0,5,84,3,19,8192,63958,2,20,0.0,0.0,0,0,0.0,0.0,0,0,Benign,Thursday,False,Normal
80,6,22/02/2018 03:18:04,6082060,4,4,97,231,97,0,24.25,48.5,231,0,57.75,115.5,53.9290963917,1.3153438144,868865.714285714,2271560.57885981,6020022,37,62038,20679.3333333333,35544.0156191353,61722,117,6081898,2027299.33333333,3510854.57403526,6081285,277,0,0,0,0,92,92,0.6576719072,0.6576719072,0,231,36.4444444444,79.6996096463,6352.0277777778,0,0,0,1,0,0,0,0,1,41.0,24.25,57.75,0,0,0,0,0,0,4,97,4,231,8192,141,1,20,0.0,0.0,0,0,0.0,0.0,0,0,Benign,Thursday,False,Normal
53303,6,22/02/2018 04:44:31,47,3,0,31,0,31,0,10.3333333333,17.8978583449,0,0,0.0,0.0,659574.468085106,63829.7872340426,23.5,33.2340187158,47,0,47,23.5,33.2340187158,47,0,0,0.0,0.0,0,0,0,0,0,0,60,0,63829.7872340426,0.0,0,31,7.75,15.5,240.25,0,0,0,0,1,0,0,0,0,10.3333333333,10.3333333333,0.0,0,0,0,0,0,0,3,31,0,0,62,-1,1,20,0.0,0.0,0,0,0.0,0.0,0,0,Benign,Thursday,False,Normal
445,6,22/02/2018 04:45:30,104321,3,1,0,0,0,0,0.0,0.0,0,0,0.0,0.0,0.0,38.3431907286,34773.6666666667,60032.3253034008,104093,63,104321,52160.5,73532.7412823703,104156,165,0,0.0,0.0,0,0,0,0,0,0,72,32,28.7573930465,9.5857976822,0,0,0.0,0.0,0.0,0,0,0,1,0,0,0,0,0,0.0,0.0,0.0,0,0,0,0,0,0,3,0,1,0,8192,8192,0,20,0.0,0.0,0,0,0.0,0.0,0,0,Benign,Thursday,False,Normal
53,17,22/02/2018 09:39:39,1884,1,1,42,123,42,42,42.0,0.0,123,123,123.0,0.0,87579.6178343949,1061.5711252654,1884.0,0.0,1884,1884,0,0.0,0.0,0,0,0,0.0,0.0,0,0,0,0,0,0,8,8,530.7855626327,530.7855626327,42,123,69.0,46.7653718044,2187.0,0,0,0,0,0,0,0,0,1,103.5,42.0,123.0,0,0,0,0,0,0,1,42,1,123,-1,-1,0,8,0.0,0.0,0,0,0.0,0.0,0,0,Benign,Thursday,False,Normal
53627,6,22/02/2018 05:11:32,164,3,1,31,0,31,0,10.3333333333,17.8978583449,0,0,0.0,0.0,189024.390243902,24390.243902439,54.6666666667,70.4651213959,136,12,164,82.0,76.3675323681,136,28,0,0.0,0.0,0,0,0,0,0,0,60,20,18292.6829268293,6097.5609756098,0,31,6.2,13.8636214605,192.2,0,0,0,0,1,0,0,0,0,7.75,10.3333333333,0.0,0,0,0,0,0,0,3,31,1,0,1012,0,1,20,0.0,0.0,0,0,0.0,0.0,0,0,Benign,Thursday,False,Normal
53,17,22/02/2018 04:29:02,173002,2,2,84,310,42,42,42.0,0.0,155,155,155.0,0.0,2277.4303187246,23.1211199871,57667.3333333333,75293.4230682424,142974,482,172520,172520.0,0.0,172520,172520,143456,143456.0,0.0,143456,143456,0,0,0,0,16,16,11.5605599935,11.5605599935,42,155,87.2,61.8926489981,3830.7,0,0,0,0,0,0,0,0,1,109.0,42.0,155.0,0,0,0,0,0,0,2,84,2,310,-1,-1,1,8,0.0,0.0,0,0,0.0,0.0,0,0,Benign,Thursday,False,Normal
53574,6,22/02/2018 05:12:23,25,1,1,0,0,0,0,0.0,0.0,0,0,0.0,0.0,0.0,80000.0,25.0,0.0,25,25,0,0.0,0.0,0,0,0,0.0,0.0,0,0,0,0,0,0,20,20,40000.0,40000.0,0,0,0.0,0.0,0.0,0,0,0,0,1,1,0,0,1,0.0,0.0,0.0,0,0,0,0,0,0,1,0,1,0,176,257,0,20,0.0,0.0,0,0,0.0,0.0,0,0,Benign,Thursday,False,Normal
53,17,22/02/2018 12:57:39,815,1,1,33,95,33,33,33.0,0.0,95,95,95.0,0.0,157055.214723926,2453.9877300614,815.0,0.0,815,815,0,0.0,0.0,0,0,0,0.0,0.0,0,0,0,0,0,0,8,8,1226.9938650307,1226.9938650307,33,95,53.6666666667,35.7957166898,1281.3333333333,0,0,0,0,0,0,0,0,1,80.5,33.0,95.0,0,0,0,0,0,0,1,33,1,95,-1,-1,0,8,0.0,0.0,0,0,0.0,0.0,0,0,Benign,Thursday,False,Normal
53,17,22/02/2018 08:56:50,1127,1,1,37,77,37,37,37.0,0.0,77,77,77.0,0.0,101153.504880213,1774.6228926353,1127.0,0.0,1127,1127,0,0.0,0.0,0,0,0,0.0,0.0,0,0,0,0,0,0,8,8,887.3114463177,887.3114463177,37,77,50.3333333333,23.0940107676,533.3333333333,0,0,0,0,0,0,0,0,1,75.5,37.0,77.0,0,0,0,0,0,0,1,37,1,77,-1,-1,0,8,0.0,0.0,0,0,0.0,0.0,0,0,Benign,Thursday,False,Normal
53,17,22/02/2018 09:30:36,224,1,1,45,61,45,45,45.0,0.0,61,61,61.0,0.0,473214.285714286,8928.5714285714,224.0,0.0,224,224,0,0.0,0.0,0,0,0,0.0,0.0,0,0,0,0,0,0,8,8,4464.2857142857,4464.2857142857,45,61,50.3333333333,9.237604307,85.3333333333,0,0,0,0,0,0,0,0,1,75.5,45.0,61.0,0,0,0,0,0,0,1,45,1,61,-1,-1,0,8,0.0,0.0,0,0,0.0,0.0,0,0,Benign,Thursday,False,Normal
443,6,22/02/2018 11:05:46,5844330,8,6,591,3225,342,0,73.875,127.9111717449,1460,0,537.5,722.4701377912,652.9405423718,2.3954841701,449563.846153846,1594220.47674686,5755218,0,5844330,834904.285714286,2169781.29238139,5755218,19,23896,4779.2,6408.8797929123,12415,0,0,0,0,0,172,132,1.3688480972,1.0266360729,0,1460,254.4,502.1846274031,252189.4,0,0,0,1,0,0,0,0,0,272.5714285714,73.875,537.5,0,0,0,0,0,0,8,591,6,3225,8192,980,3,20,89093.0,0.0,89093,89093,5755218.0,0.0,5755218,5755218,Benign,Thursday,False,Normal
0,0,22/02/2018 11:57:40,112636840,3,0,0,0,0,0,0.0,0.0,0,0,0.0,0.0,0.0,0.0266342699,56318420.0,63.6396103068,56318465,56318375,112636840,56318420.0,63.6396103068,56318465,56318375,0,0.0,0.0,0,0,0,0,0,0,0,0,0.0266342699,0.0,0,0,0.0,0.0,0.0,0,0,0,0,0,0,0,0,0,0.0,0.0,0.0,0,0,0,0,0,0,3,0,0,0,-1,-1,0,0,0.0,0.0,0,0,56318420.0,63.6396103068,56318465,56318375,Benign,Thursday,False,Normal
443,6,22/02/2018 01:41:54,5619797,9,6,356,3538,199,0,39.5555555556,72.7635058101,1460,0,589.6666666667,688.5305125168,692.9075907902,2.6691355577,401414.071428571,1418391.39618863,5328522,11,5619797,702474.625,1869507.57916104,5328522,38,208847,41769.4,75441.5742896448,175122,17,0,0,0,0,192,132,1.6014813346,1.0676542231,0,1460,243.375,487.5344603205,237689.85,0,0,0,1,0,0,0,0,0,259.6,39.5555555556,589.6666666667,0,0,0,0,0,0,9,356,6,3538,8192,62,3,20,291237.0,0.0,291237,291237,5328522.0,0.0,5328522,5328522,Benign,Thursday,False,Normal
443,6,22/02/2018 03:11:04,214585,9,8,510,7523,194,0,56.6666666667,83.0737624043,1460,0,940.375,712.0541587548,37435.0490481627,79.222685649,13411.5625,28586.0377946268,101514,1,214585,26823.125,41369.4892037857,101573,22,136623,19517.5714285714,45133.6957230299,121254,1,0,0,0,0,192,172,41.9414218142,37.2812638348,0,1460,446.2777777778,647.2907161715,418985.27124183,0,0,0,1,0,0,0,0,0,472.5294117647,56.6666666667,940.375,0,0,0,0,0,0,9,510,8,7523,8192,60,4,20,0.0,0.0,0,0,0.0,0.0,0,0,Benign,Thursday,False,Normal
5355,17,22/02/2018 09:22:25,408055,2,0,66,0,33,33,33.0,0.0,0,0,0.0,0.0,161.7429023048,4.9013000698,408055.0,0.0,408055,408055,408055,408055.0,0.0,408055,408055,0,0.0,0.0,0,0,0,0,0,0,16,0,4.9013000698,0.0,33,33,33.0,0.0,0.0,0,0,0,0,0,0,0,0,0,49.5,33.0,0.0,0,0,0,0,0,0,2,66,0,0,-1,-1,1,8,0.0,0.0,0,0,0.0,0.0,0,0,Benign,Thursday,False,Normal
53,17,22/02/2018 03:14:16,292,1,1,42,58,42,42,42.0,0.0,58,58,58.0,0.0,342465.753424658,6849.3150684932,292.0,0.0,292,292,0,0.0,0.0,0,0,0,0.0,0.0,0,0,0,0,0,0,8,8,3424.6575342466,3424.6575342466,42,58,47.3333333333,9.237604307,85.3333333333,0,0,0,0,0,0,0,0,1,71.0,42.0,58.0,0,0,0,0,0,0,1,42,1,58,-1,-1,0,8,0.0,0.0,0,0,0.0,0.0,0,0,Benign,Thursday,False,Normal
53,17,22/02/2018 03:11:04,1487,1,1,48,80,48,48,48.0,0.0,80,80,80.0,0.0,86079.354404842,1344.9899125757,1487.0,0.0,1487,1487,0,0.0,0.0,0,0,0,0.0,0.0,0,0,0,0,0,0,8,8,672.4949562878,672.4949562878,48,80,58.6666666667,18.4752086141,341.3333333333,0,0,0,0,0,0,0,0,1,88.0,48.0,80.0,0,0,0,0,0,0,1,48,1,80,-1,-1,0,8,0.0,0.0,0,0,0.0,0.0,0,0,Benign,Thursday,False,Normal
53,17,22/02/2018 08:34:15,19472,1,1,32,134,32,32,32.0,0.0,134,134,134.0,0.0,8525.0616269515,102.7115858669,19472.0,0.0,19472,19472,0,0.0,0.0,0,0,0,0.0,0.0,0,0,0,0,0,0,8,8,51.3557929334,51.3557929334,32,134,66.0,58.8897274573,3468.0,0,0,0,0,0,0,0,0,1,99.0,32.0,134.0,0,0,0,0,0,0,1,32,1,134,-1,-1,0,8,0.0,0.0,0,0,0.0,0.0,0,0,Benign,Thursday,False,Normal
53,17,22/02/2018 03:46:05,29896,2,2,84,116,42,42,42.0,0.0,58,58,58.0,0.0,6689.8581750067,133.7971635001,9965.3333333333,16397.0610882967,28899,470,29369,29369.0,0.0,29369,29369,29426,29426.0,0.0,29426,29426,0,0,0,0,16,16,66.8985817501,66.8985817501,42,58,48.4,8.7635609201,76.8,0,0,0,0,0,0,0,0,1,60.5,42.0,58.0,0,0,0,0,0,0,2,84,2,116,-1,-1,1,8,0.0,0.0,0,0,0.0,0.0,0,0,Benign,Thursday,False,Normal
52650,6,22/02/2018 03:42:37,13,1,1,0,0,0,0,0.0,0.0,0,0,0.0,0.0,0.0,153846.153846154,13.0,0.0,13,13,0,0.0,0.0,0,0,0,0.0,0.0,0,0,0,0,0,0,20,20,76923.0769230769,76923.0769230769,0,0,0.0,0.0,0.0,0,0,0,0,1,1,0,0,1,0.0,0.0,0.0,0,0,0,0,0,0,1,0,1,0,31464,62895,0,20,0.0,0.0,0,0,0.0,0.0,0,0,Benign,Thursday,False,Normal
53,17,22/02/2018 10:33:21,36866,2,2,62,206,31,31,31.0,0.0,103,103,103.0,0.0,7269.5708783161,108.5010578853,12288.6666666667,20358.1828838758,35794,253,36613,36613.0,0.0,36613,36613,36047,36047.0,0.0,36047,36047,0,0,0,0,16,16,54.2505289427,54.2505289427,31,103,59.8,39.4360241404,1555.2,0,0,0,0,0,0,0,0,1,74.75,31.0,103.0,0,0,0,0,0,0,2,62,2,206,-1,-1,1,8,0.0,0.0,0,0,0.0,0.0,0,0,Benign,Thursday,False,Normal
443,6,22/02/2018 09:03:34,2234106,10,7,551,3860,200,0,55.1,84.4017509034,1460,0,551.4285714286,661.1734157649,1974.3915463277,7.6093077052,139631.625,500422.554393102,2013323,10,2234106,248234.0,662749.764618027,2013323,16,197457,32909.5,68014.5225984863,170550,15,0,0,0,0,212,152,4.476063356,3.1332443492,0,1460,245.0555555556,470.6034264296,221467.58496732,0,0,0,1,0,0,0,0,0,259.4705882353,55.1,551.4285714286,0,0,0,0,0,0,10,551,7,3860,8192,119,4,20,0.0,0.0,0,0,0.0,0.0,0,0,Benign,Thursday,False,Normal
80,6,22/02/2018 11:01:08,27006881,6,7,433,1770,431,0,72.1666666667,175.7923964984,1460,0,252.8571428571,544.6930109617,81.5718038673,0.4813588063,2250573.41666667,4117214.84844037,9999723,10,20101504,4020300.8,5474394.69755102,10034756,3269,26975940,4495990.0,5045476.09941337,10034628,15,0,0,0,0,132,176,0.2221656029,0.2591932034,0,1460,157.3571428571,398.7292521041,158985.016483516,0,0,0,1,0,0,0,0,1,169.4615384615,72.1666666667,252.8571428571,0,0,0,0,0,0,6,433,7,1770,8192,946,3,20,51098.0,22719.3408795238,67163,35033,9999654.0,97.5807358037,9999723,9999585,Benign,Thursday,False,Normal
53,17,22/02/2018 10:37:55,148493,2,2,72,238,36,36,36.0,0.0,119,119,119.0,0.0,2087.6404948381,26.9372967076,49497.6666666667,62095.319125787,119179,21,29293,29293.0,0.0,29293,29293,21,21.0,0.0,21,21,0,0,0,0,16,16,13.4686483538,13.4686483538,36,119,69.2,45.4609722729,2066.7,0,0,0,0,0,0,0,0,1,86.5,36.0,119.0,0,0,0,0,0,0,2,72,2,238,-1,-1,1,8,0.0,0.0,0,0,0.0,0.0,0,0,Benign,Thursday,False,Normal
443,6,22/02/2018 11:37:38,1222,3,0,77,0,46,0,25.6666666667,23.4591844132,0,0,0.0,0.0,63011.4566284779,2454.991816694,611.0,841.457069612,1206,16,1222,611.0,841.457069612,1206,16,0,0.0,0.0,0,0,1,0,0,0,60,0,2454.991816694,0.0,0,46,30.75,21.6852484422,470.25,0,1,0,0,1,0,0,0,0,41.0,25.6666666667,0.0,0,0,0,0,0,0,3,77,0,0,251,-1,1,20,0.0,0.0,0,0,0.0,0.0,0,0,Benign,Thursday,False,Normal
443,6,22/02/2018 01:22:46,115796473,33,41,1113,38238,410,0,33.7272727273,97.2327339195,1460,0,932.6341463415,681.3741173576,339.8290032547,0.6390522793,1586253.05479452,3619686.60719431,10040259,1,115796473,3618639.78125,4787332.80725891,10040259,18,110748156,2768703.9,4522430.41331999,10051513,1,0,0,0,0,672,964,0.2849827732,0.3540695061,0,1460,524.68,677.0991615669,458463.274594595,0,0,0,1,0,0,0,0,1,531.7702702703,33.7272727273,932.6341463415,0,0,0,0,0,0,33,1113,41,38238,8192,1013,16,20,56901.1666666667,156522.587985849,553922,11243,9592803.41666667,1434765.24697428,10040259,5036935,Benign,Thursday,False,Normal
3389,6,22/02/2018 01:49:44,4038297,13,8,1442,1731,725,0,110.9230769231,196.5220350404,1179,0,216.375,405.4647906151,785.7272508684,5.2002118715,201914.85,293444.936745922,953186,72,4038297,336524.75,390783.54675845,1246274,110,4009927,572846.714285714,407092.704697474,991206,107352,0,0,0,0,272,172,3.2191787776,1.9810330939,0,1179,144.2272727273,283.7777352618,80529.803030303,0,0,1,1,0,0,0,1,0,151.0952380952,110.9230769231,216.375,0,0,0,0,0,0,13,1442,8,1731,8192,62643,7,20,0.0,0.0,0,0,0.0,0.0,0,0,Benign,Thursday,False,Normal
3389,6,22/02/2018 02:05:55,4019258,14,8,1456,1731,741,0,104.0,195.0136089926,1179,0,216.375,405.4647906151,792.932426831,5.4736471259,191393.238095238,260157.477373783,953218,57,4019258,309173.692307692,328537.611720582,1157896,19769,3944888,563555.428571429,345396.797471091,987098,183716,0,0,0,0,292,172,3.4832299892,1.9904171367,0,1179,138.5652173913,280.3867176998,78616.7114624506,0,0,1,1,0,0,0,1,0,144.8636363636,104.0,216.375,0,0,0,0,0,0,14,1456,8,1731,8192,62629,7,20,0.0,0.0,0,0,0.0,0.0,0,0,Benign,Thursday,False,Normal
3389,6,22/02/2018 02:19:50,3965801,14,8,1441,1731,725,0,102.9285714286,191.1489408352,1179,0,216.375,405.4647906151,799.8384185187,5.5474291322,188847.666666667,305530.348704729,1162667,29,3965801,305061.615384615,404697.360237363,1231945,17841,3926643,560949.0,431011.605489922,1347247,162061,0,0,0,0,292,172,3.5301821751,2.0172469572,0,1179,137.9130434783,278.894719961,77782.2648221344,0,0,1,1,0,0,0,1,0,144.1818181818,102.9285714286,216.375,0,0,0,0,0,0,14,1441,8,1731,8192,62559,7,20,0.0,0.0,0,0,0.0,0.0,0,0,Benign,Thursday,False,Normal
3389,6,22/02/2018 02:28:37,4009086,14,9,1438,1731,725,0,102.7142857143,191.221751487,1179,0,192.3333333333,386.0744746807,790.4544826427,5.7369684761,182231.181818182,282650.359726446,1057110,60,4009086,308391.230769231,383581.536402009,1244561,66453,3986549,498318.625,407871.944118998,1235280,93750,0,0,0,0,292,192,3.4920677681,2.244900708,0,1179,132.0416666667,274.2559070216,75216.3025362319,0,0,1,1,0,0,0,1,0,137.7826086957,102.7142857143,192.3333333333,0,0,0,0,0,0,14,1438,9,1731,8192,62562,7,20,0.0,0.0,0,0,0.0,0.0,0,0,Benign,Thursday,False,Normal
3389,6,22/02/2018 02:50:14,4095622,14,9,1433,1731,725,0,102.3571428571,191.1654970248,1179,0,192.3333333333,386.0744746807,772.5322307576,5.6157526256,186164.636363636,261800.895237209,953174,84,4095622,315047.846153846,336869.066273987,1177476,24080,4093496,511687.0,390900.005543252,1150843,78109,0,0,0,0,292,192,3.4182842069,2.1974684187,0,1179,131.8333333333,274.257046466,75216.9275362319,0,0,1,1,0,0,0,1,0,137.5652173913,102.3571428571,192.3333333333,0,0,0,0,0,0,14,1433,9,1731,8192,62567,7,20,0.0,0.0,0,0,0.0,0.0,0,0,Benign,Thursday,False,Normal
3389,6,22/02/2018 03:08:01,4024853,13,9,1442,1731,725,0,110.9230769231,196.5220350404,1179,0,192.3333333333,386.0744746807,788.3517733443,5.4660381385,191659.666666667,293093.205395201,1018742,83,4024853,335404.416666667,417508.006039178,1335647,39612,3945935,493241.875,447865.845065378,1187194,78151,0,0,0,0,272,192,3.2299316273,2.2361065112,0,1179,137.9565217391,278.8794914492,77773.7707509882,0,0,1,1,0,0,0,1,0,144.2272727273,110.9230769231,192.3333333333,0,0,0,0,0,0,13,1442,9,1731,8192,62558,7,20,0.0,0.0,0,0,0.0,0.0,0,0,Benign,Thursday,False,Normal
3389,6,22/02/2018 03:32:08,4099146,13,9,1441,1731,725,0,110.8461538462,196.5501828007,1179,0,192.3333333333,386.0744746807,773.8197175704,5.3669715594,195197.428571429,279202.202129491,937595,58,4099146,341595.5,382625.519761341,1263611,33183,4084467,510558.375,416761.221483662,1062427,93737,0,0,0,0,272,192,3.1713922851,2.1955792743,0,1179,137.9130434783,278.894719961,77782.2648221344,0,0,1,1,0,0,0,1,0,144.1818181818,110.8461538462,192.3333333333,0,0,0,0,0,0,13,1441,9,1731,8192,62559,7,20,0.0,0.0,0,0,0.0,0.0,0,0,Benign,Thursday,False,Normal
3389,6,22/02/2018 03:35:30,4063944,14,8,1440,1731,725,0,102.8571428571,191.1728405006,1179,0,216.375,405.4647906151,780.276499873,5.4134604217,193521.142857143,272068.106116517,953168,4,4063944,312611.076923077,346146.68639597,1171002,4,3993534,570504.857142857,382156.318878993,1038613,106949,0,0,0,0,292,172,3.4449293593,1.9685310624,0,1179,137.8695652174,278.9101035276,77790.8458498024,0,0,1,1,0,0,0,1,0,144.1363636364,102.8571428571,216.375,0,0,0,0,0,0,14,1440,8,1731,8192,62645,7,20,0.0,0.0,0,0,0.0,0.0,0,0,Benign,Thursday,False,Normal
80,6,22/02/2018 03:41:59,54270200,2,0,0,0,0,0,0.0,0.0,0,0,0.0,0.0,0.0,0.0368526374,54270200.0,0.0,54270200,54270200,54270200,54270200.0,0.0,54270200,54270200,0,0.0,0.0,0,0,0,0,0,0,40,0,0.0368526374,0.0,0,0,0.0,0.0,0.0,0,0,0,0,1,0,0,0,0,0.0,0.0,0.0,0,0,0,0,0,0,2,0,0,0,279,-1,0,20,0.0,0.0,0,0,0.0,0.0,0,0,Benign,Thursday,False,Normal
53,17,22/02/2018 08:50:02,322,1,1,40,56,40,40,40.0,0.0,56,56,56.0,0.0,298136.645962733,6211.1801242236,322.0,0.0,322,322,0,0.0,0.0,0,0,0,0.0,0.0,0,0,0,0,0,0,8,8,3105.5900621118,3105.5900621118,40,56,45.3333333333,9.237604307,85.3333333333,0,0,0,0,0,0,0,0,1,68.0,40.0,56.0,0,0,0,0,0,0,1,40,1,56,-1,-1,0,8,0.0,0.0,0,0,0.0,0.0,0,0,Benign,Thursday,False,Normal
443,6,22/02/2018 01:05:57,15166971,11,8,1935,1660,517,0,175.9090909091,235.6214992506,757,0,207.5,275.2775223038,237.0282108405,1.2527221157,842609.5,1949570.91883345,6437522,32,15166971,1516697.1,2464901.57708729,6437522,236,9665953,1380850.42857143,2468426.25135057,6498846,182,0,0,0,0,232,172,0.7252601723,0.5274619435,0,757,179.75,243.251196784,59171.1447368421,0,0,0,1,0,0,0,0,0,189.2105263158,175.9090909091,207.5,0,0,0,0,0,0,11,1935,8,1660,8192,66,5,20,1702504.5,2157090.75429953,3227798,177211,5880981.0,787067.830216685,6437522,5324440,Benign,Thursday,False,Normal
45065,6,22/02/2018 02:38:21,85947906,2,0,0,0,0,0,0.0,0.0,0,0,0.0,0.0,0.0,0.0232699096,85947906.0,0.0,85947906,85947906,85947906,85947906.0,0.0,85947906,85947906,0,0.0,0.0,0,0,0,0,0,0,40,0,0.0232699096,0.0,0,0,0.0,0.0,0.0,0,0,0,0,1,0,0,0,0,0.0,0.0,0.0,0,0,0,0,0,0,2,0,0,0,62545,-1,0,20,0.0,0.0,0,0,85947906.0,0.0,85947906,85947906,Benign,Thursday,False,Normal
53,17,22/02/2018 12:55:54,447,1,1,45,61,45,45,45.0,0.0,61,61,61.0,0.0,237136.465324385,4474.2729306488,447.0,0.0,447,447,0,0.0,0.0,0,0,0,0.0,0.0,0,0,0,0,0,0,8,8,2237.1364653244,2237.1364653244,45,61,50.3333333333,9.237604307,85.3333333333,0,0,0,0,0,0,0,0,1,75.5,45.0,61.0,0,0,0,0,0,0,1,45,1,61,-1,-1,0,8,0.0,0.0,0,0,0.0,0.0,0,0,Benign,Thursday,False,Normal
12585,6,22/02/2018 01:51:58,86058218,2,0,0,0,0,0,0.0,0.0,0,0,0.0,0.0,0.0,0.0232400815,86058218.0,0.0,86058218,86058218,86058218,86058218.0,0.0,86058218,86058218,0,0.0,0.0,0,0,0,0,0,0,40,0,0.0232400815,0.0,0,0,0.0,0.0,0.0,0,0,0,0,1,0,0,0,0,0.0,0.0,0.0,0,0,0,0,0,0,2,0,0,0,62559,-1,0,20,0.0,0.0,0,0,86058218.0,0.0,86058218,86058218,Benign,Thursday,False,Normal
3389,6,22/02/2018 10:35:49,2017264,8,7,1132,1581,661,0,141.5,222.792023453,1173,0,225.8571428571,430.0986044197,1344.8909017362,7.4358140531,144090.285714286,245808.620631964,953121,4,2017264,288180.571428571,394395.801078839,1171042,4,1851885,308647.5,316347.215689818,953121,165563,0,0,0,0,172,152,3.965767495,3.4700465581,0,1173,169.5625,317.7627980638,100973.195833333,0,0,0,1,0,0,0,0,0,180.8666666667,141.5,225.8571428571,0,0,0,0,0,0,8,1132,7,1581,8192,62868,5,20,0.0,0.0,0,0,0.0,0.0,0,0,Benign,Thursday,False,Normal
53,17,22/02/2018 04:18:25,13096,1,1,47,271,47,47,47.0,0.0,271,271,271.0,0.0,24282.223579719,152.7183872938,13096.0,0.0,13096,13096,0,0.0,0.0,0,0,0,0.0,0.0,0,0,0,0,0,0,8,8,76.3591936469,76.3591936469,47,271,121.6666666667,129.3264602985,16725.3333333333,0,0,0,0,0,0,0,0,1,182.5,47.0,271.0,0,0,0,0,0,0,1,47,1,271,-1,-1,0,8,0.0,0.0,0,0,0.0,0.0,0,0,Benign,Thursday,False,Normal
2540,6,22/02/2018 02:15:28,86389629,2,0,0,0,0,0,0.0,0.0,0,0,0.0,0.0,0.0,0.0231509271,86389629.0,0.0,86389629,86389629,86389629,86389629.0,0.0,86389629,86389629,0,0.0,0.0,0,0,0,0,0,0,40,0,0.0231509271,0.0,0,0,0.0,0.0,0.0,0,0,0,0,1,0,0,0,0,0.0,0.0,0.0,0,0,0,0,0,0,2,0,0,0,62563,-1,0,20,0.0,0.0,0,0,86389629.0,0.0,86389629,86389629,Benign,Thursday,False,Normal
3389,6,22/02/2018 09:56:44,2797015,8,7,1148,1581,677,0,143.5,228.129662379,1173,0,225.8571428571,430.0986044197,975.6830049177,5.362860049,199786.785714286,260350.724635702,953153,51,2797015,399573.571428571,420323.235536596,1319306,51,2490183,415030.5,264277.300689068,953153,286826,0,0,0,0,172,152,2.8601920261,2.5026680229,0,1173,170.5625,319.433241591,102037.595833333,0,0,0,1,0,0,0,0,0,181.9333333333,143.5,225.8571428571,0,0,0,0,0,0,8,1148,7,1581,8192,62852,5,20,0.0,0.0,0,0,0.0,0.0,0,0,Benign,Thursday,False,Normal
3389,6,22/02/2018 04:51:18,2702864,10,7,1144,1581,677,0,114.4,209.8969059112,1173,0,225.8571428571,430.0986044197,1008.1898312309,6.2896246352,168929.0,249407.161203523,953177,3,2702864,300318.222222222,353669.303508156,1164264,3,2546498,424416.333333333,314364.392804698,953177,158510,0,0,0,0,212,152,3.6997791972,2.589845438,0,1173,151.3888888889,305.0398506056,93049.3104575164,0,0,0,1,0,0,0,0,0,160.2941176471,114.4,225.8571428571,0,0,0,0,0,0,10,1144,7,1581,8192,62856,5,20,0.0,0.0,0,0,0.0,0.0,0,0,Benign,Thursday,False,Normal
53,17,22/02/2018 08:36:37,314,1,1,37,69,37,37,37.0,0.0,69,69,69.0,0.0,337579.617834395,6369.4267515924,314.0,0.0,314,314,0,0.0,0.0,0,0,0,0.0,0.0,0,0,0,0,0,0,8,8,3184.7133757962,3184.7133757962,37,69,47.6666666667,18.4752086141,341.3333333333,0,0,0,0,0,0,0,0,1,71.5,37.0,69.0,0,0,0,0,0,0,1,37,1,69,-1,-1,0,8,0.0,0.0,0,0,0.0,0.0,0,0,Benign,Thursday,False,Normal
52354,6,22/02/2018 02:39:19,54,1,1,0,0,0,0,0.0,0.0,0,0,0.0,0.0,0.0,37037.037037037,54.0,0.0,54,54,0,0.0,0.0,0,0,0,0.0,0.0,0,0,0,0,0,0,20,20,18518.5185185185,18518.5185185185,0,0,0.0,0.0,0.0,0,0,0,0,1,1,0,0,1,0.0,0.0,0.0,0,0,0,0,0,0,1,0,1,0,513,257,0,20,0.0,0.0,0,0,0.0,0.0,0,0,Benign,Thursday,False,Normal
57808,6,22/02/2018 03:12:39,86097429,2,0,0,0,0,0,0.0,0.0,0,0,0.0,0.0,0.0,0.0232294974,86097429.0,0.0,86097429,86097429,86097429,86097429.0,0.0,86097429,86097429,0,0.0,0.0,0,0,0,0,0,0,40,0,0.0232294974,0.0,0,0,0.0,0.0,0.0,0,0,0,0,1,0,0,0,0,0.0,0.0,0.0,0,0,0,0,0,0,2,0,0,0,62562,-1,0,20,0.0,0.0,0,0,86097429.0,0.0,86097429,86097429,Benign,Thursday,False,Normal
49700,6,22/02/2018 09:01:50,0,2,0,0,0,0,0,0.0,0.0,0,0,0.0,0.0,788.1881481705,46.3644477415,0.0,0.0,0,0,0,0.0,0.0,0,0,0,0.0,0.0,0,0,0,0,0,0,40,0,0.0,0.0,0,0,0.0,0.0,0.0,0,0,0,0,1,0,0,0,0,0.0,0.0,0.0,0,0,0,0,0,0,2,0,0,0,180,-1,0,20,0.0,0.0,0,0,0.0,0.0,0,0,Benign,Thursday,False,Normal
50195,6,22/02/2018 10:02:11,1,2,0,31,0,31,0,15.5,21.9203102168,0,0,0.0,0.0,31000000.0,2000000.0,1.0,0.0,1,1,1,1.0,0.0,1,1,0,0.0,0.0,0,0,1,0,0,0,40,0,2000000.0,0.0,0,31,20.6666666667,17.8978583449,320.3333333333,0,1,0,0,1,0,0,0,0,31.0,15.5,0.0,0,0,0,0,0,0,2,31,0,0,60,-1,0,20,0.0,0.0,0,0,0.0,0.0,0,0,Benign,Thursday,False,Normal
445,6,22/02/2018 10:39:13,1158031,7,5,364,582,103,0,52.0,49.2172056636,409,0,116.4,167.0353256051,816.9038652679,10.3624168956,105275.545454545,120185.802808288,232845,71,1158031,193005.166666667,94063.6705990504,233044,1018,927893,231973.25,3070.5159582715,236535,229919,0,0,0,0,148,108,6.0447431891,4.3176737065,0,409,72.7692307692,109.5332170669,11997.5256410256,0,0,0,1,0,0,0,0,0,78.8333333333,52.0,116.4,0,0,0,0,0,0,7,364,5,582,8192,64524,4,20,0.0,0.0,0,0,0.0,0.0,0,0,Benign,Thursday,False,Normal
80,6,22/02/2018 10:56:37,834,3,4,161,488,161,0,53.6666666667,92.9533933395,488,0,122.0,244.0,778177.458033573,8393.2853717026,139.0,99.9839987198,271,0,450,225.0,141.4213562373,325,125,563,187.6666666667,190.563200365,381,0,0,0,0,0,72,92,3597.1223021583,4796.1630695444,0,488,81.125,173.7875858627,30202.125,0,0,0,1,0,0,0,0,1,92.7142857143,53.6666666667,122.0,0,0,0,0,0,0,3,161,4,488,8192,149,1,20,0.0,0.0,0,0,0.0,0.0,0,0,Benign,Thursday,False,Normal
80,6,22/02/2018 12:28:40,998,3,4,161,488,161,0,53.6666666667,92.9533933395,488,0,122.0,244.0,650300.601202405,7014.0280561122,166.3333333333,88.6581449539,268,58,459,229.5,136.471608769,326,133,730,243.3333333333,161.0507166495,402,80,0,0,0,0,72,92,3006.0120240481,4008.0160320641,0,488,81.125,173.7875858627,30202.125,0,0,0,1,0,0,0,0,1,92.7142857143,53.6666666667,122.0,0,0,0,0,0,0,3,161,4,488,8192,149,1,20,0.0,0.0,0,0,0.0,0.0,0,0,Benign,Thursday,False,Normal
80,6,22/02/2018 12:38:43,115466037,16,14,389,213,378,0,24.3125,94.3177033577,213,0,15.2142857143,56.9266445273,5.2136542973,0.2598166593,3981587.48275862,4872263.87005307,10003453,34,115466037,7697735.8,4124154.37590016,10015314,11848,110339948,8487688.30769231,3728571.84037714,10016055,1370,0,0,0,0,332,424,0.138568885,0.1212477744,0,378,19.4193548387,76.7188695579,5885.7849462366,0,0,0,1,0,0,0,0,0,20.0666666667,24.3125,15.2142857143,0,0,0,0,0,0,16,389,14,213,8192,110,12,20,39016.3636363636,89700.311680922,309472,11840,9991886.45454546,37874.8414422121,10003453,9877692,Benign,Thursday,False,Normal
443,6,22/02/2018 01:46:07,223804,9,7,524,2917,206,0,58.2222222222,86.0040373729,1430,0,416.7142857143,594.056875584,15375.0603206377,71.491126164,14920.2666666667,24837.9171385395,60086,0,223804,27975.5,30954.3139250643,67545,23,164311,27385.1666666667,41024.2962519367,96353,0,0,0,0,0,192,152,40.2137584672,31.2773676967,0,1430,202.4117647059,412.7771885085,170385.007352941,0,0,0,1,0,0,0,0,0,215.0625,58.2222222222,416.7142857143,0,0,0,0,0,0,9,524,7,2917,8192,176,4,20,0.0,0.0,0,0,0.0,0.0,0,0,Benign,Thursday,False,Normal
443,6,22/02/2018 01:48:56,723,3,0,77,0,46,0,25.6666666667,23.4591844132,0,0,0.0,0.0,106500.691562932,4149.377593361,361.5,485.7823586752,705,18,723,361.5,485.7823586752,705,18,0,0.0,0.0,0,0,1,0,0,0,60,0,4149.377593361,0.0,0,46,30.75,21.6852484422,470.25,0,1,0,0,1,0,0,0,0,41.0,25.6666666667,0.0,0,0,0,0,0,0,3,77,0,0,251,-1,1,20,0.0,0.0,0,0,0.0,0.0,0,0,Benign,Thursday,False,Normal
53,17,22/02/2018 01:54:04,340,1,1,39,135,39,39,39.0,0.0,135,135,135.0,0.0,511764.705882353,5882.3529411765,340.0,0.0,340,340,0,0.0,0.0,0,0,0,0.0,0.0,0,0,0,0,0,0,8,8,2941.1764705882,2941.1764705882,39,135,71.0,55.4256258422,3072.0,0,0,0,0,0,0,0,0,1,106.5,39.0,135.0,0,0,0,0,0,0,1,39,1,135,-1,-1,0,8,0.0,0.0,0,0,0.0,0.0,0,0,Benign,Thursday,False,Normal
53,17,22/02/2018 10:42:26,342,1,1,37,53,37,37,37.0,0.0,53,53,53.0,0.0,263157.894736842,5847.9532163743,342.0,0.0,342,342,0,0.0,0.0,0,0,0,0.0,0.0,0,0,0,0,0,0,8,8,2923.9766081871,2923.9766081871,37,53,42.3333333333,9.237604307,85.3333333333,0,0,0,0,0,0,0,0,1,63.5,37.0,53.0,0,0,0,0,0,0,1,37,1,53,-1,-1,0,8,0.0,0.0,0,0,0.0,0.0,0,0,Benign,Thursday,False,Normal
443,6,22/02/2018 03:13:49,80556,9,7,544,3521,194,0,60.4444444444,85.7614585801,1410,0,503.0,633.6805188737,50461.7905556383,198.6195938229,5370.4,8867.5596562495,22583,1,80556,10069.5,10461.28741053,23448,22,57802,9633.6666666667,15002.1315241091,34093,1,0,0,0,0,192,152,111.7235215254,86.8960722975,0,1410,239.1176470588,454.1529040908,206254.860294118,0,0,0,1,0,0,0,0,0,254.0625,60.4444444444,503.0,0,0,0,0,0,0,9,544,7,3521,8192,115,4,20,0.0,0.0,0,0,0.0,0.0,0,0,Benign,Thursday,False,Normal
53,17,22/02/2018 10:59:11,312,1,1,43,59,43,43,43.0,0.0,59,59,59.0,0.0,326923.076923077,6410.2564102564,312.0,0.0,312,312,0,0.0,0.0,0,0,0,0.0,0.0,0,0,0,0,0,0,8,8,3205.1282051282,3205.1282051282,43,59,48.3333333333,9.237604307,85.3333333333,0,0,0,0,0,0,0,0,1,72.5,43.0,59.0,0,0,0,0,0,0,1,43,1,59,-1,-1,0,8,0.0,0.0,0,0,0.0,0.0,0,0,Benign,Thursday,False,Normal
53,17,22/02/2018 03:27:16,1432,1,1,34,69,34,34,34.0,0.0,69,69,69.0,0.0,71927.374301676,1396.6480446927,1432.0,0.0,1432,1432,0,0.0,0.0,0,0,0,0.0,0.0,0,0,0,0,0,0,8,8,698.3240223464,698.3240223464,34,69,45.6666666667,20.2072594216,408.3333333333,0,0,0,0,0,0,0,0,1,68.5,34.0,69.0,0,0,0,0,0,0,1,34,1,69,-1,-1,0,8,0.0,0.0,0,0,0.0,0.0,0,0,Benign,Thursday,False,Normal
53,17,22/02/2018 03:47:33,1368,1,1,34,190,34,34,34.0,0.0,190,190,190.0,0.0,163742.69005848,1461.9883040936,1368.0,0.0,1368,1368,0,0.0,0.0,0,0,0,0.0,0.0,0,0,0,0,0,0,8,8,730.9941520468,730.9941520468,34,190,86.0,90.0666419936,8112.0,0,0,0,0,0,0,0,0,1,129.0,34.0,190.0,0,0,0,0,0,0,1,34,1,190,-1,-1,0,8,0.0,0.0,0,0,0.0,0.0,0,0,Benign,Thursday,False,Normal
2540,6,22/02/2018 02:42:35,39,2,0,0,0,0,0,0.0,0.0,0,0,0.0,0.0,0.0,51282.0512820513,39.0,0.0,39,39,39,39.0,0.0,39,39,0,0.0,0.0,0,0,0,0,0,0,40,0,51282.0512820513,0.0,0,0,0.0,0.0,0.0,0,0,0,0,1,0,0,0,0,0.0,0.0,0.0,0,0,0,0,0,0,2,0,0,0,259,-1,0,20,0.0,0.0,0,0,0.0,0.0,0,0,Benign,Thursday,False,Normal
5355,17,22/02/2018 08:34:02,431484,2,0,44,0,22,22,22.0,0.0,0,0,0.0,0.0,101.973653716,4.635166078,431484.0,0.0,431484,431484,431484,431484.0,0.0,431484,431484,0,0.0,0.0,0,0,0,0,0,0,16,0,4.635166078,0.0,22,22,22.0,0.0,0.0,0,0,0,0,0,0,0,0,0,33.0,22.0,0.0,0,0,0,0,0,0,2,44,0,0,-1,-1,1,8,0.0,0.0,0,0,0.0,0.0,0,0,Benign,Thursday,False,Normal
53,17,22/02/2018 12:18:16,190967,2,2,74,194,37,37,37.0,0.0,97,97,97.0,0.0,1403.3838307142,20.9460273241,63655.6666666667,82283.3435291331,156582,44,34341,34341.0,0.0,34341,34341,44,44.0,0.0,44,44,0,0,0,0,16,16,10.473013662,10.473013662,37,97,61.0,32.8633534503,1080.0,0,0,0,0,0,0,0,0,1,76.25,37.0,97.0,0,0,0,0,0,0,2,74,2,194,-1,-1,1,8,0.0,0.0,0,0,0.0,0.0,0,0,Benign,Thursday,False,Normal
53,17,22/02/2018 03:20:36,387,1,1,45,61,45,45,45.0,0.0,61,61,61.0,0.0,273901.80878553,5167.9586563308,387.0,0.0,387,387,0,0.0,0.0,0,0,0,0.0,0.0,0,0,0,0,0,0,8,8,2583.9793281654,2583.9793281654,45,61,50.3333333333,9.237604307,85.3333333333,0,0,0,0,0,0,0,0,1,75.5,45.0,61.0,0,0,0,0,0,0,1,45,1,61,-1,-1,0,8,0.0,0.0,0,0,0.0,0.0,0,0,Benign,Thursday,False,Normal
8757,6,22/02/2018 09:43:33,49,2,0,0,0,0,0,0.0,0.0,0,0,0.0,0.0,0.0,40816.3265306122,49.0,0.0,49,49,49,49.0,0.0,49,49,0,0.0,0.0,0,0,0,0,0,0,40,0,40816.3265306122,0.0,0,0,0.0,0.0,0.0,0,0,0,0,1,0,0,0,0,0.0,0.0,0.0,0,0,0,0,0,0,2,0,0,0,258,-1,0,20,0.0,0.0,0,0,0.0,0.0,0,0,Benign,Thursday,False,Normal
64407,6,22/02/2018 11:58:05,155,2,0,0,0,0,0,0.0,0.0,0,0,0.0,0.0,0.0,12903.2258064516,155.0,0.0,155,155,155,155.0,0.0,155,155,0,0.0,0.0,0,0,0,0,0,0,40,0,12903.2258064516,0.0,0,0,0.0,0.0,0.0,0,0,0,0,1,0,0,0,0,0.0,0.0,0.0,0,0,0,0,0,0,2,0,0,0,257,-1,0,20,0.0,0.0,0,0,0.0,0.0,0,0,Benign,Thursday,False,Normal
3389,6,22/02/2018 08:51:44,4464413,9,7,1148,1581,677,0,127.5555555556,218.6910555505,1173,0,225.8571428571,430.0986044197,611.2785712254,3.5838978159,297627.533333333,719261.961354024,2747698,80,4464413,558051.625,979252.691208664,2747698,2791,1451231,241871.833333333,349188.310180863,953200,81170,0,0,0,0,192,152,2.0159425214,1.5679552945,0,1173,160.5294117647,312.0440909645,97371.5147058824,0,0,1,1,0,0,0,1,0,170.5625,127.5555555556,225.8571428571,0,0,0,0,0,0,9,1148,7,1581,8192,62852,5,20,0.0,0.0,0,0,0.0,0.0,0,0,Benign,Thursday,False,Normal
3389,6,22/02/2018 08:27:02,3921400,13,8,1441,1731,725,0,110.8461538462,196.5501828007,1179,0,216.375,405.4647906151,808.8947824756,5.3552302749,196070.0,269804.984469972,953122,5,3921400,326783.333333333,353573.551598875,1201729,5,3819154,545593.428571429,386000.730693547,968650,106999,0,0,0,0,272,172,3.3151425511,2.0400877238,0,1179,144.1818181818,283.7944655931,80539.2987012987,0,0,1,1,0,0,0,1,0,151.0476190476,110.8461538462,216.375,0,0,0,0,0,0,13,1441,8,1731,8192,62644,7,20,0.0,0.0,0,0,0.0,0.0,0,0,Benign,Thursday,False,Normal
80,6,22/02/2018 08:53:21,86,2,0,0,0,0,0,0.0,0.0,0,0,0.0,0.0,0.0,23255.8139534884,86.0,0.0,86,86,86,86.0,0.0,86,86,0,0.0,0.0,0,0,0,0,0,0,40,0,23255.8139534884,0.0,0,0,0.0,0.0,0.0,0,0,0,0,1,0,0,0,0,0.0,0.0,0.0,0,0,0,0,0,0,2,0,0,0,278,-1,0,20,0.0,0.0,0,0,0.0,0.0,0,0,Benign,Thursday,False,Normal
3389,6,22/02/2018 09:06:13,3979417,14,8,1438,1731,725,0,102.7142857143,191.221751487,1179,0,216.375,405.4647906151,796.3478067265,5.5284480114,189496.047619048,264600.637189421,953406,91,3979417,306109.0,364447.079960863,1275435,20623,3844177,549168.142857143,342093.568616068,953406,165811,0,0,0,0,292,172,3.51810328,2.0103447314,0,1179,137.7826086957,278.9413357226,77808.2687747036,0,0,1,1,0,0,0,1,0,144.0454545455,102.7142857143,216.375,0,0,0,0,0,0,14,1438,8,1731,8192,62647,7,20,0.0,0.0,0,0,0.0,0.0,0,0,Benign,Thursday,False,Normal
80,6,22/02/2018 09:18:54,54666378,2,0,0,0,0,0,0.0,0.0,0,0,0.0,0.0,0.0,0.036585559,54666378.0,0.0,54666378,54666378,54666378,54666378.0,0.0,54666378,54666378,0,0.0,0.0,0,0,0,0,0,0,40,0,0.036585559,0.0,0,0,0.0,0.0,0.0,0,0,0,0,1,0,0,0,0,0.0,0.0,0.0,0,0,0,0,0,0,2,0,0,0,279,-1,0,20,0.0,0.0,0,0,0.0,0.0,0,0,Benign,Thursday,False,Normal
80,6,22/02/2018 10:15:50,873,3,4,161,488,161,0,53.6666666667,92.9533933395,488,0,122.0,244.0,743413.516609393,8018.3276059565,145.5,101.3760326705,263,0,463,231.5,136.471608769,328,135,610,203.3333333333,187.0222803126,368,0,0,0,0,0,72,92,3436.4261168385,4581.901489118,0,488,81.125,173.7875858627,30202.125,0,0,0,1,0,0,0,0,1,92.7142857143,53.6666666667,122.0,0,0,0,0,0,0,3,161,4,488,8192,149,1,20,0.0,0.0,0,0,0.0,0.0,0,0,Benign,Thursday,False,Normal
443,6,22/02/2018 10:46:57,5590917,8,6,344,4053,187,0,43.0,72.7166713052,1350,0,675.5,655.2122556851,786.4541720079,2.5040614983,430070.538461538,1467432.48387831,5312972,1,5590917,798702.428571429,1990955.89906506,5312972,40,199412,39882.4,61189.7531274641,144660,1,0,0,0,0,172,132,1.4308922848,1.0731692136,0,1350,293.1333333333,510.4071017568,260515.409523809,0,0,0,1,0,0,0,0,0,314.0714285714,43.0,675.5,0,0,0,0,0,0,8,344,6,4053,8192,123,3,20,277905.0,0.0,277905,277905,5312972.0,0.0,5312972,5312972,Benign,Thursday,False,Normal
80,6,22/02/2018 11:05:50,769,3,4,161,488,161,0,53.6666666667,92.9533933395,488,0,122.0,244.0,843953.185955787,9102.7308192458,128.1666666667,86.5573027922,240,1,440,220.0,106.066017178,295,145,529,176.3333333333,173.0471997269,347,1,0,0,0,0,72,92,3901.1703511053,5201.5604681405,0,488,81.125,173.7875858627,30202.125,0,0,0,1,0,0,0,0,1,92.7142857143,53.6666666667,122.0,0,0,0,0,0,0,3,161,4,488,8192,149,1,20,0.0,0.0,0,0,0.0,0.0,0,0,Benign,Thursday,False,Normal
50361,6,22/02/2018 11:18:33,808,3,1,97,0,66,0,32.3333333333,33.0201958403,0,0,0.0,0.0,120049.504950495,4950.495049505,269.3333333333,429.7980145758,765,0,808,404.0,571.3422791987,808,0,0,0.0,0.0,0,0,1,0,0,0,60,20,3712.8712871287,1237.6237623762,0,66,32.6,33.0121189868,1089.8,0,1,0,0,1,0,0,0,0,40.75,32.3333333333,0.0,0,0,0,0,0,0,3,97,1,0,62,0,1,20,0.0,0.0,0,0,0.0,0.0,0,0,Benign,Thursday,False,Normal
443,6,22/02/2018 12:13:23,152,2,0,0,0,0,0,0.0,0.0,0,0,0.0,0.0,0.0,13157.8947368421,152.0,0.0,152,152,152,152.0,0.0,152,152,0,0.0,0.0,0,0,0,0,0,0,40,0,13157.8947368421,0.0,0,0,0.0,0.0,0.0,0,0,0,0,1,0,0,0,0,0.0,0.0,0.0,0,0,0,0,0,0,2,0,0,0,253,-1,0,20,0.0,0.0,0,0,0.0,0.0,0,0,Benign,Thursday,False,Normal
52054,6,22/02/2018 02:34:52,1,2,0,31,0,31,0,15.5,21.9203102168,0,0,0.0,0.0,31000000.0,2000000.0,1.0,0.0,1,1,1,1.0,0.0,1,1,0,0.0,0.0,0,0,1,0,0,0,40,0,2000000.0,0.0,0,31,20.6666666667,17.8978583449,320.3333333333,0,1,0,0,1,0,0,0,0,31.0,15.5,0.0,0,0,0,0,0,0,2,31,0,0,66,-1,0,20,0.0,0.0,0,0,0.0,0.0,0,0,Benign,Thursday,False,Normal
53,17,22/02/2018 11:04:56,338,1,1,41,105,41,41,41.0,0.0,105,105,105.0,0.0,431952.662721894,5917.1597633136,338.0,0.0,338,338,0,0.0,0.0,0,0,0,0.0,0.0,0,0,0,0,0,0,8,8,2958.5798816568,2958.5798816568,41,105,62.3333333333,36.9504172281,1365.3333333333,0,0,0,0,0,0,0,0,1,93.5,41.0,105.0,0,0,0,0,0,0,1,41,1,105,-1,-1,0,8,0.0,0.0,0,0,0.0,0.0,0,0,Benign,Thursday,False,Normal
53,17,22/02/2018 11:49:58,461,1,1,45,61,45,45,45.0,0.0,61,61,61.0,0.0,229934.924078091,4338.3947939263,461.0,0.0,461,461,0,0.0,0.0,0,0,0,0.0,0.0,0,0,0,0,0,0,8,8,2169.1973969631,2169.1973969631,45,61,50.3333333333,9.237604307,85.3333333333,0,0,0,0,0,0,0,0,1,75.5,45.0,61.0,0,0,0,0,0,0,1,45,1,61,-1,-1,0,8,0.0,0.0,0,0,0.0,0.0,0,0,Benign,Thursday,False,Normal
443,6,22/02/2018 03:25:59,60352066,15,14,1035,1999,382,0,69.0,137.9912005476,849,0,142.7857142857,291.9581578481,50.2716841541,0.4805137905,2155430.92857143,4170144.67183064,10003600,10,60352066,4310861.85714286,5118881.51031401,10015370,144,60339691,4641514.69230769,5179724.41224245,10022357,60,0,0,0,0,312,364,0.2485416158,0.2319721747,0,849,101.1333333333,221.6475508135,49127.6367816092,0,0,0,1,0,0,0,0,0,104.6206896552,69.0,142.7857142857,0,0,0,0,0,0,15,1035,14,1999,8192,127,10,20,27054.0,37284.6912659874,103161,11770,9996438.66666667,17364.8194308685,10003600,9960993,Benign,Thursday,False,Normal
53,17,22/02/2018 05:02:42,2439,1,1,44,198,44,44,44.0,0.0,198,198,198.0,0.0,99220.9922099221,820.008200082,2439.0,0.0,2439,2439,0,0.0,0.0,0,0,0,0.0,0.0,0,0,0,0,0,0,8,8,410.004100041,410.004100041,44,198,95.3333333333,88.9119414552,7905.3333333333,0,0,0,0,0,0,0,0,1,143.0,44.0,198.0,0,0,0,0,0,0,1,44,1,198,-1,-1,0,8,0.0,0.0,0,0,0.0,0.0,0,0,Benign,Thursday,False,Normal
53,17,22/02/2018 02:54:16,11945,1,1,49,110,49,49,49.0,0.0,110,110,110.0,0.0,13311.0087902888,167.4340728338,11945.0,0.0,11945,11945,0,0.0,0.0,0,0,0,0.0,0.0,0,0,0,0,0,0,8,8,83.7170364169,83.7170364169,49,110,69.3333333333,35.2183664206,1240.3333333333,0,0,0,0,0,0,0,0,1,104.0,49.0,110.0,0,0,0,0,0,0,1,49,1,110,-1,-1,0,8,0.0,0.0,0,0,0.0,0.0,0,0,Benign,Thursday,False,Normal
5355,17,22/02/2018 12:22:29,420436,2,0,66,0,33,33,33.0,0.0,0,0,0.0,0.0,156.9798970592,4.7569665776,420436.0,0.0,420436,420436,420436,420436.0,0.0,420436,420436,0,0.0,0.0,0,0,0,0,0,0,16,0,4.7569665776,0.0,33,33,33.0,0.0,0.0,0,0,0,0,0,0,0,0,0,49.5,33.0,0.0,0,0,0,0,0,0,2,66,0,0,-1,-1,1,8,0.0,0.0,0,0,0.0,0.0,0,0,Benign,Thursday,False,Normal
53,17,22/02/2018 12:12:30,329,1,1,43,59,43,43,43.0,0.0,59,59,59.0,0.0,310030.395136778,6079.0273556231,329.0,0.0,329,329,0,0.0,0.0,0,0,0,0.0,0.0,0,0,0,0,0,0,8,8,3039.5136778116,3039.5136778116,43,59,48.3333333333,9.237604307,85.3333333333,0,0,0,0,0,0,0,0,1,72.5,43.0,59.0,0,0,0,0,0,0,1,43,1,59,-1,-1,0,8,0.0,0.0,0,0,0.0,0.0,0,0,Benign,Thursday,False,Normal
445,6,22/02/2018 04:30:05,475588,6,5,455,338,140,0,75.8333333333,62.9362110924,145,0,67.6,69.7588704037,1667.4096066343,23.1292631437,47558.8,61266.3750986896,120638,5,475511,95102.2,53176.6999276939,120763,5,475503,118875.75,1427.8011941443,120748,117319,0,0,0,0,132,112,12.6159617148,10.513301429,0,145,66.0833333333,63.40269328,4019.9015151515,0,0,0,1,0,0,0,0,0,72.0909090909,75.8333333333,67.6,0,0,0,0,0,0,6,455,5,338,8192,0,4,20,0.0,0.0,0,0,0.0,0.0,0,0,Benign,Thursday,False,Normal
53,17,22/02/2018 03:12:27,56545,2,2,80,240,40,40,40.0,0.0,120,120,120.0,0.0,5659.2094791759,70.7401184897,18848.3333333333,18236.0406155869,36725,273,56272,56272.0,0.0,56272,56272,36998,36998.0,0.0,36998,36998,0,0,0,0,16,16,35.3700592448,35.3700592448,40,120,72.0,43.8178046004,1920.0,0,0,0,0,0,0,0,0,1,90.0,40.0,120.0,0,0,0,0,0,0,2,80,2,240,-1,-1,1,8,0.0,0.0,0,0,0.0,0.0,0,0,Benign,Thursday,False,Normal
53,17,22/02/2018 12:00:05,12804,1,1,76,158,76,76,76.0,0.0,158,158,158.0,0.0,18275.5388940956,156.201187129,12804.0,0.0,12804,12804,0,0.0,0.0,0,0,0,0.0,0.0,0,0,0,0,0,0,8,8,78.1005935645,78.1005935645,76,158,103.3333333333,47.3427220735,2241.3333333333,0,0,0,0,0,0,0,0,1,155.0,76.0,158.0,0,0,0,0,0,0,1,76,1,158,-1,-1,0,8,0.0,0.0,0,0,0.0,0.0,0,0,Benign,Thursday,False,Normal
53,17,22/02/2018 11:18:32,247,1,1,40,56,40,40,40.0,0.0,56,56,56.0,0.0,388663.967611336,8097.1659919028,247.0,0.0,247,247,0,0.0,0.0,0,0,0,0.0,0.0,0,0,0,0,0,0,8,8,4048.5829959514,4048.5829959514,40,56,45.3333333333,9.237604307,85.3333333333,0,0,0,0,0,0,0,0,1,68.0,40.0,56.0,0,0,0,0,0,0,1,40,1,56,-1,-1,0,8,0.0,0.0,0,0,0.0,0.0,0,0,Benign,Thursday,False,Normal
51068,6,22/02/2018 12:00:15,86,2,0,0,0,0,0,0.0,0.0,0,0,0.0,0.0,0.0,23255.8139534884,86.0,0.0,86,86,86,86.0,0.0,86,86,0,0.0,0.0,0,0,0,0,0,0,40,0,23255.8139534884,0.0,0,0,0.0,0.0,0.0,1,0,0,0,0,0,0,0,0,0.0,0.0,0.0,0,0,0,0,0,0,2,0,0,0,0,-1,0,20,0.0,0.0,0,0,0.0,0.0,0,0,Benign,Thursday,False,Normal
443,6,22/02/2018 03:15:20,20,1,1,0,0,0,0,0.0,0.0,0,0,0.0,0.0,0.0,100000.0,20.0,0.0,20,20,0,0.0,0.0,0,0,0,0.0,0.0,0,0,0,0,0,0,20,20,50000.0,50000.0,0,0,0.0,0.0,0.0,0,0,0,0,1,0,0,0,1,0.0,0.0,0.0,0,0,0,0,0,0,1,0,1,0,258,180,0,20,0.0,0.0,0,0,0.0,0.0,0,0,Benign,Thursday,False,Normal
445,6,22/02/2018 11:04:56,163769,3,1,0,0,0,0,0.0,0.0,0,0,0.0,0.0,0.0,24.4246469112,54589.6666666667,94503.5829602949,163713,0,163769,81884.5,115802.17044814,163769,0,0,0.0,0.0,0,0,0,0,0,0,72,32,18.3184851834,6.1061617278,0,0,0.0,0.0,0.0,0,0,0,1,0,0,0,0,0,0.0,0.0,0.0,0,0,0,0,0,0,3,0,1,0,8192,8192,0,20,0.0,0.0,0,0,0.0,0.0,0,0,Benign,Thursday,False,Normal
80,6,22/02/2018 11:33:35,535,3,4,161,488,161,0,53.6666666667,92.9533933395,488,0,122.0,244.0,1213084.11214953,13084.1121495327,89.1666666667,61.0849135766,157,1,275,137.5,45.9619407771,170,105,396,132.0,148.2936276446,293,1,0,0,0,0,72,92,5607.476635514,7476.6355140187,0,488,81.125,173.7875858627,30202.125,0,0,0,1,0,0,0,0,1,92.7142857143,53.6666666667,122.0,0,0,0,0,0,0,3,161,4,488,8192,149,1,20,0.0,0.0,0,0,0.0,0.0,0,0,Benign,Thursday,False,Normal
445,6,22/02/2018 11:59:31,1006214,7,5,364,582,103,0,52.0,49.2172056636,409,0,116.4,167.0353256051,940.1578590638,11.925892504,91474.0,102979.777978009,201641,36,1006214,167702.333333333,78181.620222829,203962,8248,807158,201789.5,2769.4250305795,205425,198696,0,0,0,0,152,112,6.9567706273,4.9691218767,0,409,72.7692307692,109.5332170669,11997.5256410256,0,0,0,1,0,0,0,0,0,78.8333333333,52.0,116.4,0,0,0,0,0,0,7,364,5,582,8192,255,4,20,0.0,0.0,0,0,0.0,0.0,0,0,Benign,Thursday,False,Normal
443,6,22/02/2018 12:23:12,60299679,14,14,1669,4907,1345,0,119.2142857143,357.6833964387,1460,0,350.5,606.3849691155,109.0553069113,0.4643474139,2233321.44444444,4228695.61848213,10013322,1,60299679,4638436.84615385,5173564.35967135,10030992,215,60287960,4637535.38461538,5174628.46865229,10027773,1,0,0,0,0,292,352,0.2321737069,0.2321737069,0,1460,226.7586206897,495.3724900929,245393.903940887,0,0,0,1,0,0,0,0,1,234.8571428571,119.2142857143,350.5,0,0,0,0,0,0,14,1669,14,4907,8192,129,8,20,53467.5,99545.4636048273,256604,11549,9996454.16666667,26081.4733588169,10013322,9943843,Benign,Thursday,False,Normal
443,6,22/02/2018 12:23:10,118225160,19,19,1084,12129,305,0,57.0526315789,89.6415539085,1460,0,638.3684210526,672.2281532772,111.7613205176,0.3214205842,3195274.59459459,13490122.134029,58952598,1,118225160,6568064.44444444,19024221.2182524,58952598,41,118151723,6563984.61111111,19039809.0363087,59018366,1,0,0,0,0,392,392,0.1607102921,0.1607102921,0,1460,338.7948717949,552.6679872976,305441.904183536,0,0,0,1,0,0,0,0,1,347.7105263158,57.0526315789,638.3684210526,0,0,0,0,0,0,19,1084,19,12129,8192,131,8,20,213439.5,214402.554230354,365045,61834,58860436.5,130336.043228648,58952598,58768275,Benign,Thursday,False,Normal
3389,6,22/02/2018 11:27:57,3749030,10,7,1148,1581,677,0,114.8,210.0924664153,1173,0,225.8571428571,430.0986044197,727.921622393,4.534506259,234314.375,554056.801120111,2117975,82,3749030,416558.888888889,715188.120900621,2117975,761,3724730,620788.333333333,882791.208565574,2286085,26728,0,0,0,0,208,148,2.6673566229,1.867149636,0,1173,151.6111111111,305.0826578234,93075.4281045752,0,0,0,1,0,0,0,0,0,160.5294117647,114.8,225.8571428571,0,0,0,0,0,0,10,1148,7,1581,8192,62852,5,20,0.0,0.0,0,0,0.0,0.0,0,0,Benign,Thursday,False,Normal
53,17,22/02/2018 12:59:04,41656,1,1,35,51,35,35,35.0,0.0,51,51,51.0,0.0,2064.528519301,48.0122911465,41656.0,0.0,41656,41656,0,0.0,0.0,0,0,0,0.0,0.0,0,0,0,0,0,0,8,8,24.0061455733,24.0061455733,35,51,40.3333333333,9.237604307,85.3333333333,0,0,0,0,0,0,0,0,1,60.5,35.0,51.0,0,0,0,0,0,0,1,35,1,51,-1,-1,0,8,0.0,0.0,0,0,0.0,0.0,0,0,Benign,Thursday,False,Normal
445,6,22/02/2018 09:12:15,121223,3,1,0,0,0,0,0.0,0.0,0,0,0.0,0.0,0.0,32.9970385158,40407.6666666667,69913.6667207016,121137,0,121223,60611.5,85717.6053357769,121223,0,0,0.0,0.0,0,0,0,0,0,0,72,32,24.7477788868,8.2492596289,0,0,0.0,0.0,0.0,0,0,0,1,0,0,0,0,0,0.0,0.0,0.0,0,0,0,0,0,0,3,0,1,0,8192,8192,0,20,0.0,0.0,0,0,0.0,0.0,0,0,Benign,Thursday,False,Normal
443,6,22/02/2018 10:15:40,178,2,0,0,0,0,0,0.0,0.0,0,0,0.0,0.0,0.0,11235.9550561798,178.0,0.0,178,178,178,178.0,0.0,178,178,0,0.0,0.0,0,0,0,0,0,0,40,0,11235.9550561798,0.0,0,0,0.0,0.0,0.0,0,0,0,0,1,0,0,0,0,0.0,0.0,0.0,0,0,0,0,0,0,2,0,0,0,257,-1,0,20,0.0,0.0,0,0,0.0,0.0,0,0,Benign,Thursday,False,Normal
443,6,22/02/2018 11:36:28,266,2,0,0,0,0,0,0.0,0.0,0,0,0.0,0.0,0.0,7518.7969924812,266.0,0.0,266,266,266,266.0,0.0,266,266,0,0.0,0.0,0,0,0,0,0,0,40,0,7518.7969924812,0.0,0,0,0.0,0.0,0.0,0,0,0,0,1,0,0,0,0,0.0,0.0,0.0,0,0,0,0,0,0,2,0,0,0,63162,-1,0,20,0.0,0.0,0,0,0.0,0.0,0,0,Benign,Thursday,False,Normal
80,6,22/02/2018 01:14:50,789,3,4,161,488,161,0,53.6666666667,92.9533933395,488,0,122.0,244.0,822560.20278834,8871.989860583,131.5,89.3951900272,247,0,443,221.5,127.9863273948,312,131,542,180.6666666667,171.8177328838,342,0,0,0,0,0,72,92,3802.2813688213,5069.7084917617,0,488,81.125,173.7875858627,30202.125,0,0,0,1,0,0,0,0,1,92.7142857143,53.6666666667,122.0,0,0,0,0,0,0,3,161,4,488,8192,149,1,20,0.0,0.0,0,0,0.0,0.0,0,0,Benign,Thursday,False,Normal
0,0,22/02/2018 11:50:53,59184983,2,0,0,0,0,0,0.0,0.0,0,0,0.0,0.0,0.0,0.0337923557,59184983.0,0.0,59184983,59184983,59184983,59184983.0,0.0,59184983,59184983,0,0.0,0.0,0,0,0,0,0,0,0,0,0.0337923557,0.0,0,0,0.0,0.0,0.0,0,0,0,0,0,0,0,0,0,0.0,0.0,0.0,0,0,0,0,0,0,2,0,0,0,-1,-1,0,0,0.0,0.0,0,0,59184983.0,0.0,59184983,59184983,Benign,Thursday,False,Normal
53,17,22/02/2018 04:08:27,28425,2,2,166,330,83,83,83.0,0.0,165,165,165.0,0.0,17449.4283201407,140.7211961302,9475.0,8994.4093191271,17948,37,17948,17948.0,0.0,17948,17948,37,37.0,0.0,37,37,0,0,0,0,16,16,70.3605980651,70.3605980651,83,165,115.8,44.9132497154,2017.2,0,0,0,0,0,0,0,0,1,144.75,83.0,165.0,0,0,0,0,0,0,2,166,2,330,-1,-1,1,8,0.0,0.0,0,0,0.0,0.0,0,0,Benign,Thursday,False,Normal
3389,6,22/02/2018 08:55:21,5369327,11,7,1148,1581,677,0,104.3636363636,202.2944748268,1173,0,225.8571428571,430.0986044197,508.2573663329,3.3523754467,315842.764705882,580327.379109793,2350305,5,5369327,536932.7,729760.688262795,2350305,5,5133621,855603.5,917643.79931055,2615707,210222,0,0,0,0,232,152,2.0486738841,1.3037015626,0,1173,143.6315789474,298.5202785828,89114.3567251462,0,0,1,1,0,0,0,1,0,151.6111111111,104.3636363636,225.8571428571,0,0,0,0,0,0,11,1148,7,1581,8192,62852,5,20,0.0,0.0,0,0,0.0,0.0,0,0,Benign,Thursday,False,Normal
53,17,22/02/2018 12:16:56,12792,1,1,33,193,33,33,33.0,0.0,193,193,193.0,0.0,17667.292057536,156.3477173233,12792.0,0.0,12792,12792,0,0.0,0.0,0,0,0,0.0,0.0,0,0,0,0,0,0,8,8,78.1738586617,78.1738586617,33,193,86.3333333333,92.3760430703,8533.3333333333,0,0,0,0,0,0,0,0,1,129.5,33.0,193.0,0,0,0,0,0,0,1,33,1,193,-1,-1,0,8,0.0,0.0,0,0,0.0,0.0,0,0,Benign,Thursday,False,Normal
53,17,22/02/2018 04:07:28,894,1,1,38,77,38,38,38.0,0.0,77,77,77.0,0.0,128635.346756152,2237.1364653244,894.0,0.0,894,894,0,0.0,0.0,0,0,0,0.0,0.0,0,0,0,0,0,0,8,8,1118.5682326622,1118.5682326622,38,77,51.0,22.5166604984,507.0,0,0,0,0,0,0,0,0,1,76.5,38.0,77.0,0,0,0,0,0,0,1,38,1,77,-1,-1,0,8,0.0,0.0,0,0,0.0,0.0,0,0,Benign,Thursday,False,Normal
3389,6,22/02/2018 01:16:42,3353105,12,11,2253,1581,677,0,187.75,239.9299613713,1173,0,143.7272727273,352.1017156758,1143.4178172172,6.8593139791,152413.863636364,201433.816394296,806735,42,3353105,304827.727272727,308618.40897396,1172983,766,2986802,298680.2,201572.789823098,806735,130809,0,0,0,0,252,280,3.5787725109,3.2805414683,0,1173,159.75,288.2283590428,83075.5869565218,0,0,0,1,0,0,0,0,0,166.6956521739,187.75,143.7272727273,0,0,0,0,0,0,12,2253,11,1581,64240,62852,9,20,0.0,0.0,0,0,0.0,0.0,0,0,Benign,Thursday,False,Normal
5333,6,22/02/2018 11:05:10,52,2,0,0,0,0,0,0.0,0.0,0,0,0.0,0.0,0.0,38461.5384615385,52.0,0.0,52,52,52,52.0,0.0,52,52,0,0.0,0.0,0,0,0,0,0,0,40,0,38461.5384615385,0.0,0,0,0.0,0.0,0.0,0,0,0,0,1,0,0,0,0,0.0,0.0,0.0,0,0,0,0,0,0,2,0,0,0,256,-1,0,20,0.0,0.0,0,0,0.0,0.0,0,0,Benign,Thursday,False,Normal
53,17,22/02/2018 10:28:54,249,1,1,35,51,35,35,35.0,0.0,51,51,51.0,0.0,345381.526104418,8032.1285140562,249.0,0.0,249,249,0,0.0,0.0,0,0,0,0.0,0.0,0,0,0,0,0,0,8,8,4016.0642570281,4016.0642570281,35,51,40.3333333333,9.237604307,85.3333333333,0,0,0,0,0,0,0,0,1,60.5,35.0,51.0,0,0,0,0,0,0,1,35,1,51,-1,-1,0,8,0.0,0.0,0,0,0.0,0.0,0,0,Benign,Thursday,False,Normal
50041,6,22/02/2018 10:03:01,32,1,1,0,0,0,0,0.0,0.0,0,0,0.0,0.0,0.0,62500.0,32.0,0.0,32,32,0,0.0,0.0,0,0,0,0.0,0.0,0,0,0,0,0,0,20,20,31250.0,31250.0,0,0,0.0,0.0,0.0,0,0,0,0,1,1,0,0,1,0.0,0.0,0.0,0,0,0,0,0,0,1,0,1,0,31008,64209,0,20,0.0,0.0,0,0,0.0,0.0,0,0,Benign,Thursday,False,Normal
53,17,22/02/2018 04:15:24,251,1,1,37,53,37,37,37.0,0.0,53,53,53.0,0.0,358565.737051793,7968.1274900399,251.0,0.0,251,251,0,0.0,0.0,0,0,0,0.0,0.0,0,0,0,0,0,0,8,8,3984.0637450199,3984.0637450199,37,53,42.3333333333,9.237604307,85.3333333333,0,0,0,0,0,0,0,0,1,63.5,37.0,53.0,0,0,0,0,0,0,1,37,1,53,-1,-1,0,8,0.0,0.0,0,0,0.0,0.0,0,0,Benign,Thursday,False,Normal
443,6,22/02/2018 10:43:46,43488297,13,12,2119,2647,529,0,163.0,253.7902677409,662,0,220.5833333333,325.8232812524,109.5927026069,0.5748673028,1812012.375,3672075.72930279,9961538,1869,43488297,3624024.75,4586918.94821312,9961538,65362,34040770,3094615.45454546,4470447.6546965,10025638,1869,0,0,0,0,260,240,0.2989309975,0.2759363053,0,662,183.3461538462,282.5564640645,79838.1553846154,0,0,0,0,1,0,0,0,0,190.68,163.0,220.5833333333,0,0,0,0,0,0,13,2119,12,2647,63578,33212,7,20,1063363.0,12872.190670848,1078120,1046880,9808711.25,286246.254094122,9961538,9379531,Benign,Thursday,False,Normal
53,17,22/02/2018 10:35:37,839,1,1,51,79,51,51,51.0,0.0,79,79,79.0,0.0,154946.364719905,2383.7902264601,839.0,0.0,839,839,0,0.0,0.0,0,0,0,0.0,0.0,0,0,0,0,0,0,8,8,1191.89511323,1191.89511323,51,79,60.3333333333,16.1658075373,261.3333333333,0,0,0,0,0,0,0,0,1,90.5,51.0,79.0,0,0,0,0,0,0,1,51,1,79,-1,-1,0,8,0.0,0.0,0,0,0.0,0.0,0,0,Benign,Thursday,False,Normal
445,6,22/02/2018 04:37:43,563032,6,5,455,338,140,0,75.8333333333,62.9362110924,145,0,67.6,69.7588704037,1408.4457011324,19.5370778215,56303.2,72354.5794186135,140659,75,562952,112590.4,62342.1989410063,140747,1070,562957,140739.25,344.0846552812,141208,140446,0,0,0,0,132,112,10.6565879026,8.8804899189,0,145,66.0833333333,63.40269328,4019.9015151515,0,0,0,1,0,0,0,0,0,72.0909090909,75.8333333333,67.6,0,0,0,0,0,0,6,455,5,338,8192,0,4,20,0.0,0.0,0,0,0.0,0.0,0,0,Benign,Thursday,False,Normal
0,0,22/02/2018 09:17:06,119543824,32,0,0,0,0,0,0.0,0.0,0,0,0.0,0.0,0.0,0.2676842595,3856252.38709677,6659380.22566756,28471291,41367,119543824,3856252.38709677,6659380.22566756,28471291,41367,0,0.0,0.0,0,0,0,0,0,0,0,0,0.2676842595,0.0,0,0,0.0,0.0,0.0,0,0,0,0,0,0,0,0,0,0.0,0.0,0.0,0,0,0,0,0,0,32,0,0,0,-1,-1,0,0,5836531.2,6439989.88485143,16551662,416778,16572347.4,8776133.60309922,28471291,5034903,Benign,Thursday,False,Normal
443,6,22/02/2018 02:54:53,115757386,53,96,356,104539,188,0,6.7169811321,30.9468386347,1460,0,1088.9479166667,610.1150429877,906.1624802067,1.2871748849,782144.5,2655481.25790097,10014815,0,115757386,2226103.57692308,4144826.26197348,10046750,19,110834279,1166676.62105263,3230412.40747649,10047155,0,0,0,0,0,1072,2064,0.4578541537,0.8293207312,0,1460,699.3,713.7173669358,509392.479865771,0,0,0,1,0,0,0,0,1,703.9932885906,6.7169811321,1088.9479166667,0,0,0,0,0,0,53,356,96,104539,8192,2041,14,20,61422.0,97577.1641901936,355628,31906,10014438.0909091,921.1301161666,10014815,10011689,Benign,Thursday,False,Normal
80,6,22/02/2018 04:18:54,54099811,2,0,0,0,0,0,0.0,0.0,0,0,0.0,0.0,0.0,0.0369687059,54099811.0,0.0,54099811,54099811,54099811,54099811.0,0.0,54099811,54099811,0,0.0,0.0,0,0,0,0,0,0,40,0,0.0369687059,0.0,0,0,0.0,0.0,0.0,0,0,0,0,1,0,0,0,0,0.0,0.0,0.0,0,0,0,0,0,0,2,0,0,0,279,-1,0,20,0.0,0.0,0,0,0.0,0.0,0,0,Benign,Thursday,False,Normal
3389,6,22/02/2018 04:51:30,1110876,8,7,1148,1581,677,0,143.5,228.129662379,1173,0,225.8571428571,430.0986044197,2456.6198207541,13.5028572046,79348.2857142857,247547.876357881,937457,4,1110876,158696.571428571,376811.453032706,1013028,4,1098680,183113.333333333,370450.938082584,937457,14428,0,0,0,0,172,152,7.2015238424,6.3013333621,0,1173,170.5625,319.433241591,102037.595833333,0,0,1,1,0,0,0,1,0,181.9333333333,143.5,225.8571428571,0,0,0,0,0,0,8,1148,7,1581,8192,62852,5,20,0.0,0.0,0,0,0.0,0.0,0,0,Benign,Thursday,False,Normal
53,17,22/02/2018 09:22:35,986,1,1,51,112,51,51,51.0,0.0,112,112,112.0,0.0,165314.401622718,2028.3975659229,986.0,0.0,986,986,0,0.0,0.0,0,0,0,0.0,0.0,0,0,0,0,0,0,8,8,1014.1987829615,1014.1987829615,51,112,71.3333333333,35.2183664206,1240.3333333333,0,0,0,0,0,0,0,0,1,107.0,51.0,112.0,0,0,0,0,0,0,1,51,1,112,-1,-1,0,8,0.0,0.0,0,0,0.0,0.0,0,0,Benign,Thursday,False,Normal
53,17,22/02/2018 01:42:30,867,1,1,38,70,38,38,38.0,0.0,70,70,70.0,0.0,124567.474048443,2306.8050749712,867.0,0.0,867,867,0,0.0,0.0,0,0,0,0.0,0.0,0,0,0,0,0,0,8,8,1153.4025374856,1153.4025374856,38,70,48.6666666667,18.4752086141,341.3333333333,0,0,0,0,0,0,0,0,1,73.0,38.0,70.0,0,0,0,0,0,0,1,38,1,70,-1,-1,0,8,0.0,0.0,0,0,0.0,0.0,0,0,Benign,Thursday,False,Normal
53,17,22/02/2018 03:23:39,474,1,1,32,48,32,32,32.0,0.0,48,48,48.0,0.0,168776.371308017,4219.4092827004,474.0,0.0,474,474,0,0.0,0.0,0,0,0,0.0,0.0,0,0,0,0,0,0,8,8,2109.7046413502,2109.7046413502,32,48,37.3333333333,9.237604307,85.3333333333,0,0,0,0,0,0,0,0,1,56.0,32.0,48.0,0,0,0,0,0,0,1,32,1,48,-1,-1,0,8,0.0,0.0,0,0,0.0,0.0,0,0,Benign,Thursday,False,Normal
53,17,22/02/2018 10:58:11,1013,1,1,33,86,33,33,33.0,0.0,86,86,86.0,0.0,117472.852912142,1974.333662389,1013.0,0.0,1013,1013,0,0.0,0.0,0,0,0,0.0,0.0,0,0,0,0,0,0,8,8,987.1668311945,987.1668311945,33,86,50.6666666667,30.5995642671,936.3333333333,0,0,0,0,0,0,0,0,1,76.0,33.0,86.0,0,0,0,0,0,0,1,33,1,86,-1,-1,0,8,0.0,0.0,0,0,0.0,0.0,0,0,Benign,Thursday,False,Normal
53,17,22/02/2018 01:49:07,333,1,1,47,175,47,47,47.0,0.0,175,175,175.0,0.0,666666.666666667,6006.006006006,333.0,0.0,333,333,0,0.0,0.0,0,0,0,0.0,0.0,0,0,0,0,0,0,8,8,3003.003003003,3003.003003003,47,175,89.6666666667,73.9008344563,5461.3333333333,0,0,0,0,0,0,0,0,1,134.5,47.0,175.0,0,0,0,0,0,0,1,47,1,175,-1,-1,0,8,0.0,0.0,0,0,0.0,0.0,0,0,Benign,Thursday,False,Normal
53,17,22/02/2018 03:12:08,320,1,1,42,58,42,42,42.0,0.0,58,58,58.0,0.0,312500.0,6250.0,320.0,0.0,320,320,0,0.0,0.0,0,0,0,0.0,0.0,0,0,0,0,0,0,8,8,3125.0,3125.0,42,58,47.3333333333,9.237604307,85.3333333333,0,0,0,0,0,0,0,0,1,71.0,42.0,58.0,0,0,0,0,0,0,1,42,1,58,-1,-1,0,8,0.0,0.0,0,0,0.0,0.0,0,0,Benign,Thursday,False,Normal
53,17,22/02/2018 01:49:06,228,1,1,32,48,32,32,32.0,0.0,48,48,48.0,0.0,350877.192982456,8771.9298245614,228.0,0.0,228,228,0,0.0,0.0,0,0,0,0.0,0.0,0,0,0,0,0,0,8,8,4385.9649122807,4385.9649122807,32,48,37.3333333333,9.237604307,85.3333333333,0,0,0,0,0,0,0,0,1,56.0,32.0,48.0,0,0,0,0,0,0,1,32,1,48,-1,-1,0,8,0.0,0.0,0,0,0.0,0.0,0,0,Benign,Thursday,False,Normal
42471,6,22/02/2018 05:02:53,86621402,2,0,0,0,0,0,0.0,0.0,0,0,0.0,0.0,0.0,0.0230889821,86621402.0,0.0,86621402,86621402,86621402,86621402.0,0.0,86621402,86621402,0,0.0,0.0,0,0,0,0,0,0,40,0,0.0230889821,0.0,0,0,0.0,0.0,0.0,0,0,0,0,1,0,0,0,0,0.0,0.0,0.0,0,0,0,0,0,0,2,0,0,0,62558,-1,0,20,0.0,0.0,0,0,86621402.0,0.0,86621402,86621402,Benign,Thursday,False,Normal
53,17,22/02/2018 08:32:30,1727,1,1,42,138,42,42,42.0,0.0,138,138,138.0,0.0,104226.983207875,1158.0775911986,1727.0,0.0,1727,1727,0,0.0,0.0,0,0,0,0.0,0.0,0,0,0,0,0,0,8,8,579.0387955993,579.0387955993,42,138,74.0,55.4256258422,3072.0,0,0,0,0,0,0,0,0,1,111.0,42.0,138.0,0,0,0,0,0,0,1,42,1,138,-1,-1,0,8,0.0,0.0,0,0,0.0,0.0,0,0,Benign,Thursday,False,Normal
53,17,22/02/2018 04:24:24,1028,1,1,38,66,38,38,38.0,0.0,66,66,66.0,0.0,101167.315175097,1945.5252918288,1028.0,0.0,1028,1028,0,0.0,0.0,0,0,0,0.0,0.0,0,0,0,0,0,0,8,8,972.7626459144,972.7626459144,38,66,47.3333333333,16.1658075373,261.3333333333,0,0,0,0,0,0,0,0,1,71.0,38.0,66.0,0,0,0,0,0,0,1,38,1,66,-1,-1,0,8,0.0,0.0,0,0,0.0,0.0,0,0,Benign,Thursday,False,Normal
445,6,22/02/2018 01:37:04,21041085,1,4,0,0,0,0,0.0,0.0,0,0,0.0,0.0,0.0,0.2376303313,5260271.25,5129525.64634043,12015449,68,0,0.0,0.0,0,0,21041017,7013672.33333333,4584927.24920356,12015449,3010043,0,0,0,0,32,112,0.0475260663,0.1901042651,0,0,0.0,0.0,0.0,0,0,0,1,0,0,0,0,4,0.0,0.0,0.0,0,0,0,0,0,0,1,0,4,0,8192,0,0,32,3010111.0,0.0,3010111,3010111,9015487.0,4242586.94700391,12015449,6015525,Benign,Thursday,False,Normal
53,17,22/02/2018 01:49:05,315154,2,2,68,128,34,34,34.0,0.0,64,64,64.0,0.0,621.9181733375,12.6922076191,105051.333333333,162289.936398821,291969,1,23184,23184.0,0.0,23184,23184,1,1.0,0.0,1,1,0,0,0,0,16,16,6.3461038096,6.3461038096,34,64,46.0,16.4316767252,270.0,0,0,0,0,0,0,0,0,1,57.5,34.0,64.0,0,0,0,0,0,0,2,68,2,128,-1,-1,1,8,0.0,0.0,0,0,0.0,0.0,0,0,Benign,Thursday,False,Normal
53,17,22/02/2018 01:01:53,1168,1,1,45,73,45,45,45.0,0.0,73,73,73.0,0.0,101027.397260274,1712.3287671233,1168.0,0.0,1168,1168,0,0.0,0.0,0,0,0,0.0,0.0,0,0,0,0,0,0,8,8,856.1643835616,856.1643835616,45,73,54.3333333333,16.1658075373,261.3333333333,0,0,0,0,0,0,0,0,1,81.5,45.0,73.0,0,0,0,0,0,0,1,45,1,73,-1,-1,0,8,0.0,0.0,0,0,0.0,0.0,0,0,Benign,Thursday,False,Normal
49755,6,22/02/2018 09:08:23,0,2,0,0,0,0,0,0.0,0.0,0,0,0.0,0.0,788.1881481705,46.3644477415,0.0,0.0,0,0,0,0.0,0.0,0,0,0,0.0,0.0,0,0,0,0,0,0,40,0,0.0,0.0,0,0,0.0,0.0,0.0,0,0,0,0,1,0,0,0,0,0.0,0.0,0.0,0,0,0,0,0,0,2,0,0,0,180,-1,0,20,0.0,0.0,0,0,0.0,0.0,0,0,Benign,Thursday,False,Normal
80,6,22/02/2018 09:43:59,46942,3,4,436,858,436,0,145.3333333333,251.7247173667,858,0,214.5,429.0,27565.9324272507,149.1201908738,7823.6666666667,11881.4297231716,23188,38,23346,11673.0,16264.870180853,23174,172,23806,7935.3333333333,13391.5908813454,23398,85,0,0,0,0,72,92,63.9086532316,85.2115376422,0,858,161.75,320.0347079392,102422.214285714,0,0,0,1,0,0,0,0,1,184.8571428571,145.3333333333,214.5,0,0,0,0,0,0,3,436,4,858,8192,31,1,20,0.0,0.0,0,0,0.0,0.0,0,0,Benign,Thursday,False,Normal
80,6,22/02/2018 09:57:32,118574211,18,16,875,1412,432,0,48.6111111111,139.4789205617,706,0,88.25,241.1449080256,19.2874992017,0.2867402592,3593157.90909091,4671265.79833093,10013230,82,118574211,6974953.58823529,4453507.70793119,10108962,95753,114431992,7628799.46666667,4301573.90530087,10109925,95777,0,0,0,0,372,464,0.1518036667,0.1349365926,0,706,65.3428571429,189.4800847609,35902.7025210084,0,0,0,1,0,0,0,0,0,67.2647058824,48.6111111111,88.25,0,0,0,0,0,0,18,875,16,1412,8192,176,13,20,400796.0,1011380.226492,3450222,95728,10002110.5454545,36387.6082928341,10013230,9892401,Benign,Thursday,False,Normal
443,6,22/02/2018 09:57:31,116388438,35,55,897,65545,266,0,25.6285714286,64.1350072867,1460,0,1191.7272727273,546.2781632555,570.864264026,0.7732726854,1307735.25842697,8655785.45790184,58075807,1,116388438,3423189.35294118,13868408.1457114,58075807,22,116310572,2153899.48148148,11079332.2786934,58153753,1,0,0,0,0,712,1112,0.3007171554,0.47255553,0,1460,730.1318681319,713.9705441915,509753.937973138,0,0,0,1,0,0,0,0,1,738.2444444444,25.6285714286,1191.7272727273,0,0,0,0,0,0,35,897,55,65545,8192,127,7,20,80343.5,3553.2115754624,82856,77831,58074895.5,1289.0556621031,58075807,58073984,Benign,Thursday,False,Normal
80,6,22/02/2018 11:25:37,774,3,4,161,488,161,0,53.6666666667,92.9533933395,488,0,122.0,244.0,838501.291989664,9043.9276485788,129.0,92.8611867251,255,0,434,217.0,125.8650070512,306,128,519,173.0,187.9601021494,373,0,0,0,0,0,72,92,3875.9689922481,5167.9586563308,0,488,81.125,173.7875858627,30202.125,0,0,0,1,0,0,0,0,1,92.7142857143,53.6666666667,122.0,0,0,0,0,0,0,3,161,4,488,8192,149,1,20,0.0,0.0,0,0,0.0,0.0,0,0,Benign,Thursday,False,Normal
80,6,22/02/2018 11:31:58,5773053,3,1,0,0,0,0,0.0,0.0,0,0,0.0,0.0,0.0,0.6928742903,1924351.0,3289370.62423847,5722477,24,5773053,2886526.5,4010639.65931876,5722477,50576,0,0.0,0.0,0,0,0,0,0,0,72,32,0.5196557177,0.1732185726,0,0,0.0,0.0,0.0,0,0,0,1,0,0,0,0,0,0.0,0.0,0.0,0,0,0,0,0,0,3,0,1,0,8192,8192,0,20,0.0,0.0,0,0,0.0,0.0,0,0,Benign,Thursday,False,Normal
445,6,22/02/2018 11:43:03,1180225,7,5,364,582,103,0,52.0,49.2172056636,409,0,116.4,167.0353256051,801.5420788409,10.1675527971,107293.181818182,122689.753242737,235630,3,1180225,196704.166666667,96370.1456020829,238270,3,944541,236135.25,1118.0021988649,237807,235454,0,0,0,0,152,112,5.931072465,4.2364803321,0,409,72.7692307692,109.5332170669,11997.5256410256,0,0,0,1,0,0,0,0,0,78.8333333333,52.0,116.4,0,0,0,0,0,0,7,364,5,582,8192,257,4,20,0.0,0.0,0,0,0.0,0.0,0,0,Benign,Thursday,False,Normal
80,6,22/02/2018 11:50:01,54573589,2,0,0,0,0,0,0.0,0.0,0,0,0.0,0.0,0.0,0.0366477638,54573589.0,0.0,54573589,54573589,54573589,54573589.0,0.0,54573589,54573589,0,0.0,0.0,0,0,0,0,0,0,40,0,0.0366477638,0.0,0,0,0.0,0.0,0.0,0,0,0,0,1,0,0,0,0,0.0,0.0,0.0,0,0,0,0,0,0,2,0,0,0,279,-1,0,20,0.0,0.0,0,0,0.0,0.0,0,0,Benign,Thursday,False,Normal
53,17,22/02/2018 09:13:35,337,1,1,42,58,42,42,42.0,0.0,58,58,58.0,0.0,296735.90504451,5934.7181008902,337.0,0.0,337,337,0,0.0,0.0,0,0,0,0.0,0.0,0,0,0,0,0,0,8,8,2967.3590504451,2967.3590504451,42,58,47.3333333333,9.237604307,85.3333333333,0,0,0,0,0,0,0,0,1,71.0,42.0,58.0,0,0,0,0,0,0,1,42,1,58,-1,-1,0,8,0.0,0.0,0,0,0.0,0.0,0,0,Benign,Thursday,False,Normal
137,17,22/02/2018 12:45:39,1535214,3,0,150,0,50,50,50.0,0.0,0,0,0.0,0.0,97.7062481192,1.9541249624,767607.0,19298.3582721433,781253,753961,1535214,767607.0,19298.3582721433,781253,753961,0,0.0,0.0,0,0,0,0,0,0,24,0,1.9541249624,0.0,50,50,50.0,0.0,0.0,0,0,0,0,0,0,0,0,0,66.6666666667,50.0,0.0,0,0,0,0,0,0,3,150,0,0,-1,-1,2,8,0.0,0.0,0,0,0.0,0.0,0,0,Benign,Thursday,False,Normal
80,6,22/02/2018 01:39:03,54656536,2,0,0,0,0,0,0.0,0.0,0,0,0.0,0.0,0.0,0.036592147,54656536.0,0.0,54656536,54656536,54656536,54656536.0,0.0,54656536,54656536,0,0.0,0.0,0,0,0,0,0,0,40,0,0.036592147,0.0,0,0,0.0,0.0,0.0,0,0,0,0,1,0,0,0,0,0.0,0.0,0.0,0,0,0,0,0,0,2,0,0,0,279,-1,0,20,0.0,0.0,0,0,0.0,0.0,0,0,Benign,Thursday,False,Normal
445,6,22/02/2018 01:42:52,144894,3,1,0,0,0,0,0.0,0.0,0,0,0.0,0.0,0.0,27.6063881182,48298.0,83494.377481361,144709,73,144894,72447.0,102297.138034258,144782,112,0,0.0,0.0,0,0,0,0,0,0,72,32,20.7047910887,6.9015970296,0,0,0.0,0.0,0.0,0,0,0,1,0,0,0,0,0,0.0,0.0,0.0,0,0,0,0,0,0,3,0,1,0,8192,8192,0,20,0.0,0.0,0,0,0.0,0.0,0,0,Benign,Thursday,False,Normal
80,6,22/02/2018 02:18:58,6244626,4,4,97,231,97,0,24.25,48.5,231,0,57.75,115.5,52.5251632364,1.2811015424,892089.428571429,2332974.21651818,6182525,41,62101,20700.3333333333,35549.2531614004,61749,108,6244423,2081474.33333333,3604728.26405463,6243856,225,0,0,0,0,92,92,0.6405507712,0.6405507712,0,231,36.4444444444,79.6996096463,6352.0277777778,0,0,0,1,0,0,0,0,1,41.0,24.25,57.75,0,0,0,0,0,0,4,97,4,231,8192,141,1,20,0.0,0.0,0,0,0.0,0.0,0,0,Benign,Thursday,False,Normal
443,6,22/02/2018 04:46:57,115978659,26,32,2911,23731,864,0,111.9615384615,276.1520567759,1460,0,741.59375,695.1753948732,229.7146753525,0.500092004,2034713.31578947,3998581.1732576,10013766,0,115978659,4639146.36,4987217.4499274,10030854,17,110632814,3568800.4516129,4871462.1531231,10031158,0,0,0,0,0,532,784,0.2241791742,0.2759128298,0,1460,451.5593220339,626.7330529788,392794.319696084,0,0,0,1,0,0,0,0,1,459.3448275862,111.9615384615,741.59375,0,0,0,0,0,0,26,2911,32,23731,8192,1107,17,20,41944.75,85715.8823472534,314129,17073,9622942.08333333,1352366.36459722,10013766,5328603,Benign,Thursday,False,Normal
53,17,22/02/2018 04:19:58,13029,1,1,47,128,47,47,47.0,0.0,128,128,128.0,0.0,13431.5757157111,153.5037224653,13029.0,0.0,13029,13029,0,0.0,0.0,0,0,0,0.0,0.0,0,0,0,0,0,0,8,8,76.7518612326,76.7518612326,47,128,74.0,46.7653718044,2187.0,0,0,0,0,0,0,0,0,1,111.0,47.0,128.0,0,0,0,0,0,0,1,47,1,128,-1,-1,0,8,0.0,0.0,0,0,0.0,0.0,0,0,Benign,Thursday,False,Normal
53,17,22/02/2018 11:14:04,13316,1,1,30,133,30,30,30.0,0.0,133,133,133.0,0.0,12240.9131871433,150.19525383,13316.0,0.0,13316,13316,0,0.0,0.0,0,0,0,0.0,0.0,0,0,0,0,0,0,8,8,75.097626915,75.097626915,30,133,64.3333333333,59.4670777265,3536.3333333333,0,0,0,0,0,0,0,0,1,96.5,30.0,133.0,0,0,0,0,0,0,1,30,1,133,-1,-1,0,8,0.0,0.0,0,0,0.0,0.0,0,0,Benign,Thursday,False,Normal
445,6,22/02/2018 09:28:13,767329,6,5,455,338,140,0,75.8333333333,62.9362110924,145,0,67.6,69.7588704037,1033.4550108233,14.3354415121,76732.9,98927.2737109326,191709,76,767253,153450.6,85726.717855637,191839,98,767253,191813.25,96.8861015144,191943,191713,0,0,0,0,132,112,7.8193317338,6.5161097782,0,145,66.0833333333,63.40269328,4019.9015151515,0,0,0,1,0,0,0,0,0,72.0909090909,75.8333333333,67.6,0,0,0,0,0,0,6,455,5,338,8192,0,4,20,0.0,0.0,0,0,0.0,0.0,0,0,Benign,Thursday,False,Normal
443,6,22/02/2018 03:26:00,114475580,18,17,1302,3911,427,0,72.3333333333,115.8868616621,1430,0,230.0588235294,459.8768137486,45.538096422,0.3057420631,3366928.82352941,13603236.7174166,58790355,1,114475580,6733857.64705882,18919539.2119235,58841610,69,59303579,3706473.6875,14693194.4604711,58805005,1,0,0,0,0,372,352,0.1572387753,0.1485032878,0,1430,144.8055555556,331.7124244578,110033.132539683,0,0,0,1,0,0,0,0,0,148.9428571429,72.3333333333,230.0588235294,0,0,0,0,0,0,18,1302,17,3911,8192,184,9,20,294530.0,306468.564247624,511236,77824,56943260.0,2612186.79999153,58790355,55096165,Benign,Thursday,False,Normal
53,17,22/02/2018 09:12:31,325,1,1,40,56,40,40,40.0,0.0,56,56,56.0,0.0,295384.615384615,6153.8461538462,325.0,0.0,325,325,0,0.0,0.0,0,0,0,0.0,0.0,0,0,0,0,0,0,8,8,3076.9230769231,3076.9230769231,40,56,45.3333333333,9.237604307,85.3333333333,0,0,0,0,0,0,0,0,1,68.0,40.0,56.0,0,0,0,0,0,0,1,40,1,56,-1,-1,0,8,0.0,0.0,0,0,0.0,0.0,0,0,Benign,Thursday,False,Normal
53,17,22/02/2018 05:27:36,130094,2,2,72,128,36,36,36.0,0.0,64,64,64.0,0.0,1537.3499162144,30.7469983243,43364.6666666667,48509.1315664724,95766,26,34302,34302.0,0.0,34302,34302,26,26.0,0.0,26,26,0,0,0,0,16,16,15.3734991621,15.3734991621,36,64,47.2,15.3362316101,235.2,0,0,0,0,0,0,0,0,1,59.0,36.0,64.0,0,0,0,0,0,0,2,72,2,128,-1,-1,1,8,0.0,0.0,0,0,0.0,0.0,0,0,Benign,Thursday,False,Normal
53,17,22/02/2018 09:03:31,298,1,1,61,189,61,61,61.0,0.0,189,189,189.0,0.0,838926.174496644,6711.4093959732,298.0,0.0,298,298,0,0.0,0.0,0,0,0,0.0,0.0,0,0,0,0,0,0,8,8,3355.7046979866,3355.7046979866,61,189,103.6666666667,73.9008344563,5461.3333333333,0,0,0,0,0,0,0,0,1,155.5,61.0,189.0,0,0,0,0,0,0,1,61,1,189,-1,-1,0,8,0.0,0.0,0,0,0.0,0.0,0,0,Benign,Thursday,False,Normal
3389,6,22/02/2018 09:54:25,2830183,8,7,1148,1581,677,0,143.5,228.129662379,1173,0,225.8571428571,430.0986044197,964.2486015922,5.3000106354,202155.928571429,261597.745108332,953155,84,2830183,404311.857142857,419124.175790592,1319916,301,2517871,419645.166666667,262256.592690759,953155,298527,0,0,0,0,172,152,2.8266723389,2.4733382965,0,1173,170.5625,319.433241591,102037.595833333,0,0,0,1,0,0,0,0,0,181.9333333333,143.5,225.8571428571,0,0,0,0,0,0,8,1148,7,1581,8192,62852,5,20,0.0,0.0,0,0,0.0,0.0,0,0,Benign,Thursday,False,Normal
53,17,22/02/2018 05:27:36,30980,2,2,66,450,33,33,33.0,0.0,225,225,225.0,0.0,16655.9070367979,129.1155584248,10326.6666666667,17235.1646738096,30228,316,30544,30544.0,0.0,30544,30544,30664,30664.0,0.0,30664,30664,0,0,0,0,16,16,64.5577792124,64.5577792124,33,225,109.8,105.162731041,11059.2,0,0,0,0,0,0,0,0,1,137.25,33.0,225.0,0,0,0,0,0,0,2,66,2,450,-1,-1,1,8,0.0,0.0,0,0,0.0,0.0,0,0,Benign,Thursday,False,Normal
53,17,22/02/2018 10:11:51,190722,2,2,80,278,40,40,40.0,0.0,139,139,139.0,0.0,1877.0776313168,20.9729344281,63574.0,90748.2903805906,167500,1,23221,23221.0,0.0,23221,23221,1,1.0,0.0,1,1,0,0,0,0,16,16,10.4864672141,10.4864672141,40,139,79.6,54.224533193,2940.3,0,0,0,0,0,0,0,0,1,99.5,40.0,139.0,0,0,0,0,0,0,2,80,2,278,-1,-1,1,8,0.0,0.0,0,0,0.0,0.0,0,0,Benign,Thursday,False,Normal
53,17,22/02/2018 05:19:05,335,1,1,42,58,42,42,42.0,0.0,58,58,58.0,0.0,298507.462686567,5970.1492537314,335.0,0.0,335,335,0,0.0,0.0,0,0,0,0.0,0.0,0,0,0,0,0,0,8,8,2985.0746268657,2985.0746268657,42,58,47.3333333333,9.237604307,85.3333333333,0,0,0,0,0,0,0,0,1,71.0,42.0,58.0,0,0,0,0,0,0,1,42,1,58,-1,-1,0,8,0.0,0.0,0,0,0.0,0.0,0,0,Benign,Thursday,False,Normal
3389,6,22/02/2018 10:58:03,2130415,10,7,1148,1581,677,0,114.8,210.0924664153,1173,0,225.8571428571,430.0986044197,1280.9710784049,7.9796659336,133150.9375,234312.478293828,953067,81,2130415,236712.777777778,334635.669208237,1100849,98,2035155,339192.5,329749.665918709,953067,89679,0,0,0,0,212,152,4.6939211374,3.2857447962,0,1173,151.6111111111,305.0826578234,93075.4281045752,0,0,1,1,0,0,0,1,0,160.5294117647,114.8,225.8571428571,0,0,0,0,0,0,10,1148,7,1581,8192,62852,5,20,0.0,0.0,0,0,0.0,0.0,0,0,Benign,Thursday,False,Normal
36890,6,22/02/2018 12:12:16,34,2,0,0,0,0,0,0.0,0.0,0,0,0.0,0.0,0.0,58823.5294117647,34.0,0.0,34,34,34,34.0,0.0,34,34,0,0.0,0.0,0,0,0,0,0,0,40,0,58823.5294117647,0.0,0,0,0.0,0.0,0.0,0,0,0,0,1,0,0,0,0,0.0,0.0,0.0,0,0,0,0,0,0,2,0,0,0,64240,-1,0,20,0.0,0.0,0,0,0.0,0.0,0,0,Benign,Thursday,False,Normal
53040,6,22/02/2018 04:48:54,12,1,1,0,0,0,0,0.0,0.0,0,0,0.0,0.0,0.0,166666.666666667,12.0,0.0,12,12,0,0.0,0.0,0,0,0,0.0,0.0,0,0,0,0,0,0,20,20,83333.3333333333,83333.3333333333,0,0,0.0,0.0,0.0,0,0,0,0,1,1,0,0,1,0.0,0.0,0.0,0,0,0,0,0,0,1,0,1,0,172,256,0,20,0.0,0.0,0,0,0.0,0.0,0,0,Benign,Thursday,False,Normal
53,17,22/02/2018 10:10:57,23888,2,2,74,226,37,37,37.0,0.0,113,113,113.0,0.0,12558.6068318821,167.4480910918,7962.6666666667,12881.241490374,22824,1,22824,22824.0,0.0,22824,22824,1,1.0,0.0,1,1,0,0,0,0,16,16,83.7240455459,83.7240455459,37,113,67.4,41.6269143704,1732.8,0,0,0,0,0,0,0,0,1,84.25,37.0,113.0,0,0,0,0,0,0,2,74,2,226,-1,-1,1,8,0.0,0.0,0,0,0.0,0.0,0,0,Benign,Thursday,False,Normal
80,6,22/02/2018 08:29:03,54468766,2,0,0,0,0,0,0.0,0.0,0,0,0.0,0.0,0.0,0.036718291,54468766.0,0.0,54468766,54468766,54468766,54468766.0,0.0,54468766,54468766,0,0.0,0.0,0,0,0,0,0,0,40,0,0.036718291,0.0,0,0,0.0,0.0,0.0,0,0,0,0,1,0,0,0,0,0.0,0.0,0.0,0,0,0,0,0,0,2,0,0,0,279,-1,0,20,0.0,0.0,0,0,0.0,0.0,0,0,Benign,Thursday,False,Normal
50092,6,22/02/2018 10:20:09,581,2,1,38,0,38,0,19.0,26.8700576851,0,0,0.0,0.0,65404.4750430293,5163.5111876076,290.5,359.917351624,545,36,581,581.0,0.0,581,581,0,0.0,0.0,0,0,1,0,0,0,40,20,3442.3407917384,1721.1703958692,0,38,19.0,21.9393102292,481.3333333333,0,1,0,0,1,0,0,0,0,25.3333333333,19.0,0.0,0,0,0,0,0,0,2,38,1,0,123,0,0,20,0.0,0.0,0,0,0.0,0.0,0,0,Benign,Thursday,False,Normal
80,6,22/02/2018 10:34:00,5983844,4,4,97,231,97,0,24.25,48.5,231,0,57.75,115.5,54.8142632061,1.3369332489,854834.857142857,2234430.58596565,5921785,39,62059,20686.3333333333,35427.0916719582,61594,202,5983681,1994560.33333333,3454045.04130597,5982948,254,0,0,0,0,92,92,0.6684666245,0.6684666245,0,231,36.4444444444,79.6996096463,6352.0277777778,0,0,0,1,0,0,0,0,1,41.0,24.25,57.75,0,0,0,0,0,0,4,97,4,231,8192,141,1,20,0.0,0.0,0,0,0.0,0.0,0,0,Benign,Thursday,False,Normal
3389,6,22/02/2018 11:10:59,1848695,10,7,675,301,187,0,67.5,67.9660863143,197,0,43.0,74.6681547471,527.9399792827,9.1956758687,115543.4375,214712.231727637,843340,4,1848695,205410.555555556,282806.818549832,907726,4,1005259,167543.166666667,204424.798644799,575534,192,0,0,0,0,212,152,5.4092210992,3.7864547694,0,197,54.2222222222,68.8609473167,4741.8300653595,0,0,1,1,0,0,0,1,0,57.4117647059,67.5,43.0,0,0,0,0,0,0,10,675,7,301,8192,63325,6,20,0.0,0.0,0,0,0.0,0.0,0,0,Benign,Thursday,False,Normal
80,6,22/02/2018 11:23:00,6341550,4,4,97,231,97,0,24.25,48.5,231,0,57.75,115.5,51.7223707138,1.2615212369,905935.714285714,2369636.52170347,6279518,39,62032,20677.3333333333,35513.7452310135,61685,106,6341348,2113782.66666667,3660691.40300631,6340785,222,0,0,0,0,92,92,0.6307606185,0.6307606185,0,231,36.4444444444,79.6996096463,6352.0277777778,0,0,0,1,0,0,0,0,1,41.0,24.25,57.75,0,0,0,0,0,0,4,97,4,231,8192,141,1,20,0.0,0.0,0,0,0.0,0.0,0,0,Benign,Thursday,False,Normal
3389,6,22/02/2018 11:28:23,2131456,10,7,672,301,187,0,67.2,68.0780597713,197,0,43.0,74.6681547471,456.4954660101,7.9757686764,133216.0,209081.646034589,765774,20,2131456,236828.444444444,268924.621926438,827974,42,1747818,291303.0,336455.36929584,828027,276,0,0,0,0,212,152,4.6916286332,3.2841400432,0,197,54.0555555556,68.8856445578,4745.2320261438,0,0,1,1,0,0,0,1,0,57.2352941176,67.2,43.0,0,0,0,0,0,0,10,672,7,301,8192,63328,6,20,0.0,0.0,0,0,0.0,0.0,0,0,Benign,Thursday,False,Normal
50701,6,22/02/2018 11:40:50,88,3,1,31,0,31,0,10.3333333333,17.8978583449,0,0,0.0,0.0,352272.727272727,45454.5454545455,29.3333333333,8.7368949481,39,22,88,44.0,7.0710678119,49,39,0,0.0,0.0,0,0,0,0,0,0,60,20,34090.9090909091,11363.6363636364,0,31,6.2,13.8636214605,192.2,0,0,0,0,1,0,0,0,0,7.75,10.3333333333,0.0,0,0,0,0,0,0,3,31,1,0,1175,0,1,20,0.0,0.0,0,0,0.0,0.0,0,0,Benign,Thursday,False,Normal
53,17,22/02/2018 11:38:32,979,1,1,40,139,40,40,40.0,0.0,139,139,139.0,0.0,182839.632277835,2042.9009193054,979.0,0.0,979,979,0,0.0,0.0,0,0,0,0.0,0.0,0,0,0,0,0,0,8,8,1021.4504596527,1021.4504596527,40,139,73.0,57.1576766498,3267.0,0,0,0,0,0,0,0,0,1,109.5,40.0,139.0,0,0,0,0,0,0,1,40,1,139,-1,-1,0,8,0.0,0.0,0,0,0.0,0.0,0,0,Benign,Thursday,False,Normal
443,6,22/02/2018 12:05:59,5692853,8,5,347,3064,190,0,43.375,73.5681171238,1460,0,612.8,730.1131419171,599.1723306398,2.2835650244,474404.416666667,1576121.59564578,5478021,1,5692853,813264.714285714,2057610.00288107,5478021,29,66323,16580.75,20633.0288837259,42932,1,0,0,0,0,172,112,1.4052707843,0.8782942402,0,1460,243.6428571429,498.5942711792,248596.247252747,0,0,0,1,0,0,0,0,0,262.3846153846,43.375,612.8,0,0,0,0,0,0,8,347,5,3064,8192,946,3,20,214803.0,0.0,214803,214803,5478021.0,0.0,5478021,5478021,Benign,Thursday,False,Normal
53,17,22/02/2018 10:11:09,259,1,1,40,56,40,40,40.0,0.0,56,56,56.0,0.0,370656.370656371,7722.0077220077,259.0,0.0,259,259,0,0.0,0.0,0,0,0,0.0,0.0,0,0,0,0,0,0,8,8,3861.0038610039,3861.0038610039,40,56,45.3333333333,9.237604307,85.3333333333,0,0,0,0,0,0,0,0,1,68.0,40.0,56.0,0,0,0,0,0,0,1,40,1,56,-1,-1,0,8,0.0,0.0,0,0,0.0,0.0,0,0,Benign,Thursday,False,Normal
443,6,22/02/2018 01:59:01,528,3,0,77,0,46,0,25.6666666667,23.4591844132,0,0,0.0,0.0,145833.333333333,5681.8181818182,264.0,346.4823227814,509,19,528,264.0,346.4823227814,509,19,0,0.0,0.0,0,0,1,0,0,0,60,0,5681.8181818182,0.0,0,46,30.75,21.6852484422,470.25,0,1,0,0,1,0,0,0,0,41.0,25.6666666667,0.0,0,0,0,0,0,0,3,77,0,0,258,-1,1,20,0.0,0.0,0,0,0.0,0.0,0,0,Benign,Thursday,False,Normal
53,17,22/02/2018 02:16:23,287,1,1,51,67,51,51,51.0,0.0,67,67,67.0,0.0,411149.825783972,6968.6411149826,287.0,0.0,287,287,0,0.0,0.0,0,0,0,0.0,0.0,0,0,0,0,0,0,8,8,3484.3205574913,3484.3205574913,51,67,56.3333333333,9.237604307,85.3333333333,0,0,0,0,0,0,0,0,1,84.5,51.0,67.0,0,0,0,0,0,0,1,51,1,67,-1,-1,0,8,0.0,0.0,0,0,0.0,0.0,0,0,Benign,Thursday,False,Normal
53,17,22/02/2018 01:26:54,460,1,1,34,50,34,34,34.0,0.0,50,50,50.0,0.0,182608.695652174,4347.8260869565,460.0,0.0,460,460,0,0.0,0.0,0,0,0,0.0,0.0,0,0,0,0,0,0,8,8,2173.9130434783,2173.9130434783,34,50,39.3333333333,9.237604307,85.3333333333,0,0,0,0,0,0,0,0,1,59.0,34.0,50.0,0,0,0,0,0,0,1,34,1,50,-1,-1,0,8,0.0,0.0,0,0,0.0,0.0,0,0,Benign,Thursday,False,Normal
53,17,22/02/2018 10:20:10,1586,1,1,40,100,40,40,40.0,0.0,100,100,100.0,0.0,88272.3833543506,1261.0340479193,1586.0,0.0,1586,1586,0,0.0,0.0,0,0,0,0.0,0.0,0,0,0,0,0,0,8,8,630.5170239596,630.5170239596,40,100,60.0,34.6410161514,1200.0,0,0,0,0,0,0,0,0,1,90.0,40.0,100.0,0,0,0,0,0,0,1,40,1,100,-1,-1,0,8,0.0,0.0,0,0,0.0,0.0,0,0,Benign,Thursday,False,Normal
53,17,22/02/2018 01:42:38,932,1,1,46,127,46,46,46.0,0.0,127,127,127.0,0.0,185622.317596567,2145.9227467811,932.0,0.0,932,932,0,0.0,0.0,0,0,0,0.0,0.0,0,0,0,0,0,0,8,8,1072.9613733906,1072.9613733906,46,127,73.0,46.7653718044,2187.0,0,0,0,0,0,0,0,0,1,109.5,46.0,127.0,0,0,0,0,0,0,1,46,1,127,-1,-1,0,8,0.0,0.0,0,0,0.0,0.0,0,0,Benign,Thursday,False,Normal
53,17,22/02/2018 11:33:01,1038,1,1,40,139,40,40,40.0,0.0,139,139,139.0,0.0,172447.013487476,1926.7822736031,1038.0,0.0,1038,1038,0,0.0,0.0,0,0,0,0.0,0.0,0,0,0,0,0,0,8,8,963.3911368015,963.3911368015,40,139,73.0,57.1576766498,3267.0,0,0,0,0,0,0,0,0,1,109.5,40.0,139.0,0,0,0,0,0,0,1,40,1,139,-1,-1,0,8,0.0,0.0,0,0,0.0,0.0,0,0,Benign,Thursday,False,Normal
7290,6,22/02/2018 11:26:32,88510163,2,0,0,0,0,0,0.0,0.0,0,0,0.0,0.0,0.0,0.0225962752,88510163.0,0.0,88510163,88510163,88510163,88510163.0,0.0,88510163,88510163,0,0.0,0.0,0,0,0,0,0,0,40,0,0.0225962752,0.0,0,0,0.0,0.0,0.0,0,0,0,0,1,0,0,0,0,0.0,0.0,0.0,0,0,0,0,0,0,2,0,0,0,63327,-1,0,20,0.0,0.0,0,0,88510163.0,0.0,88510163,88510163,Benign,Thursday,False,Normal
1783,6,22/02/2018 11:52:42,87979397,2,0,0,0,0,0,0.0,0.0,0,0,0.0,0.0,0.0,0.022732595,87979397.0,0.0,87979397,87979397,87979397,87979397.0,0.0,87979397,87979397,0,0.0,0.0,0,0,0,0,0,0,40,0,0.022732595,0.0,0,0,0.0,0.0,0.0,0,0,0,0,1,0,0,0,0,0.0,0.0,0.0,0,0,0,0,0,0,2,0,0,0,63328,-1,0,20,0.0,0.0,0,0,87979397.0,0.0,87979397,87979397,Benign,Thursday,False,Normal
53,17,22/02/2018 10:51:47,67088,2,2,80,112,40,40,40.0,0.0,56,56,56.0,0.0,2861.9127116623,59.623181493,22362.6666666667,38102.9243147207,66360,270,66630,66630.0,0.0,66630,66630,66818,66818.0,0.0,66818,66818,0,0,0,0,16,16,29.8115907465,29.8115907465,40,56,46.4,8.7635609201,76.8,0,0,0,0,0,0,0,0,1,58.0,40.0,56.0,0,0,0,0,0,0,2,80,2,112,-1,-1,1,8,0.0,0.0,0,0,0.0,0.0,0,0,Benign,Thursday,False,Normal
445,6,22/02/2018 10:47:27,935986,7,5,364,582,103,0,52.0,49.2172056636,409,0,116.4,167.0353256051,1010.6988779747,12.8207045832,85089.6363636364,97137.4629226775,187187,63,935986,155997.666666667,76357.6592927433,189963,160,749321,187330.25,1507.4088971919,189456,186052,0,0,0,0,152,112,7.4787443402,5.341960243,0,409,72.7692307692,109.5332170669,11997.5256410256,0,0,0,1,0,0,0,0,0,78.8333333333,52.0,116.4,0,0,0,0,0,0,7,364,5,582,8192,259,4,20,0.0,0.0,0,0,0.0,0.0,0,0,Benign,Thursday,False,Normal
50826,6,22/02/2018 11:32:24,3855,2,0,0,0,0,0,0.0,0.0,0,0,0.0,0.0,0.0,518.8067444877,3855.0,0.0,3855,3855,3855,3855.0,0.0,3855,3855,0,0.0,0.0,0,0,0,0,0,0,40,0,518.8067444877,0.0,0,0,0.0,0.0,0.0,0,0,0,0,1,0,0,0,0,0.0,0.0,0.0,0,0,0,0,0,0,2,0,0,0,10227,-1,0,20,0.0,0.0,0,0,0.0,0.0,0,0,Benign,Thursday,False,Normal
443,6,22/02/2018 11:45:35,117384871,15,14,633,5834,200,0,42.2,68.7481947815,1460,0,416.7142857143,590.4008323649,55.092278459,0.247050576,4192316.82142857,15291620.8980315,58696263,0,117384871,8384633.64285714,21161310.6788827,58696263,24,117244827,9018832.84615385,21955750.1115255,58868282,0,0,0,0,0,312,292,0.1277847807,0.1192657953,0,1460,215.5666666667,441.8368151981,195219.771264368,0,0,0,1,0,0,0,0,0,223.0,42.2,416.7142857143,0,0,0,0,0,0,15,633,14,5834,8192,126,6,20,290122.5,212265.677537609,440217,140028,58332244.0,514800.606761492,58696263,57968225,Benign,Thursday,False,Normal
80,6,22/02/2018 12:48:01,54208518,2,0,0,0,0,0,0.0,0.0,0,0,0.0,0.0,0.0,0.0368945707,54208518.0,0.0,54208518,54208518,54208518,54208518.0,0.0,54208518,54208518,0,0.0,0.0,0,0,0,0,0,0,40,0,0.0368945707,0.0,0,0,0.0,0.0,0.0,0,0,0,0,1,0,0,0,0,0.0,0.0,0.0,0,0,0,0,0,0,2,0,0,0,279,-1,0,20,0.0,0.0,0,0,0.0,0.0,0,0,Benign,Thursday,False,Normal
53,17,22/02/2018 11:25:15,916,1,1,35,122,35,35,35.0,0.0,122,122,122.0,0.0,171397.379912664,2183.4061135371,916.0,0.0,916,916,0,0.0,0.0,0,0,0,0.0,0.0,0,0,0,0,0,0,8,8,1091.7030567686,1091.7030567686,35,122,64.0,50.2294734195,2523.0,0,0,0,0,0,0,0,0,1,96.0,35.0,122.0,0,0,0,0,0,0,1,35,1,122,-1,-1,0,8,0.0,0.0,0,0,0.0,0.0,0,0,Benign,Thursday,False,Normal
80,6,22/02/2018 02:53:04,53583499,2,0,0,0,0,0,0.0,0.0,0,0,0.0,0.0,0.0,0.0373249235,53583499.0,0.0,53583499,53583499,53583499,53583499.0,0.0,53583499,53583499,0,0.0,0.0,0,0,0,0,0,0,40,0,0.0373249235,0.0,0,0,0.0,0.0,0.0,0,0,0,0,1,0,0,0,0,0.0,0.0,0.0,0,0,0,0,0,0,2,0,0,0,279,-1,0,20,0.0,0.0,0,0,0.0,0.0,0,0,Benign,Thursday,False,Normal
445,6,22/02/2018 03:11:59,111790,3,1,0,0,0,0,0.0,0.0,0,0,0.0,0.0,0.0,35.7813757939,37263.3333333333,64353.2087881664,111572,64,111790,55895.0,78829.6781802387,111636,154,0,0.0,0.0,0,0,0,0,0,0,72,32,26.8360318454,8.9453439485,0,0,0.0,0.0,0.0,0,0,0,1,0,0,0,0,0,0.0,0.0,0.0,0,0,0,0,0,0,3,0,1,0,8192,8192,0,20,0.0,0.0,0,0,0.0,0.0,0,0,Benign,Thursday,False,Normal
3389,6,22/02/2018 05:17:05,3999367,14,8,1430,1727,725,0,102.1428571429,191.0653763034,1175,0,215.875,404.1083438528,789.3749185809,5.5008705128,190446.047619048,275241.182911184,953161,42,3999367,307643.615384615,355168.169728918,1186651,16544,3977333,568190.428571429,358383.734837328,982570,157799,0,0,0,0,292,172,3.5005539627,2.0003165501,0,1175,137.2608695652,278.2453491225,77420.4743083004,0,0,1,1,0,0,0,1,0,143.5,102.1428571429,215.875,0,0,0,0,0,0,14,1430,8,1727,8192,62570,7,20,0.0,0.0,0,0,0.0,0.0,0,0,Benign,Thursday,False,Normal
3389,6,22/02/2018 05:23:02,3914060,13,9,1451,1727,741,0,111.6153846154,200.5365878759,1175,0,191.8888888889,384.7968439464,811.9446303838,5.6207620731,186383.80952381,247072.315756262,953119,80,3914060,326171.666666667,352622.158172515,1290173,21183,3786739,473342.375,378474.705928165,953119,93727,0,0,0,0,272,192,3.3213594069,2.2994026663,0,1175,138.1739130435,279.7204208384,78243.5138339921,0,0,1,1,0,0,0,1,0,144.4545454545,111.6153846154,191.8888888889,0,0,0,0,0,0,13,1451,9,1727,8192,62549,7,20,0.0,0.0,0,0,0.0,0.0,0,0,Benign,Thursday,False,Normal
27828,6,22/02/2018 04:25:34,86199280,2,0,0,0,0,0,0.0,0.0,0,0,0.0,0.0,0.0,0.0232020499,86199280.0,0.0,86199280,86199280,86199280,86199280.0,0.0,86199280,86199280,0,0.0,0.0,0,0,0,0,0,0,40,0,0.0232020499,0.0,0,0,0.0,0.0,0.0,0,0,0,0,1,0,0,0,0,0.0,0.0,0.0,0,0,0,0,0,0,2,0,0,0,62570,-1,0,20,0.0,0.0,0,0,86199280.0,0.0,86199280,86199280,Benign,Thursday,False,Normal
53,17,22/02/2018 02:13:05,85347,2,2,96,242,48,48,48.0,0.0,121,121,121.0,0.0,3960.3032326854,46.8674938779,28449.0,34723.1693397939,67142,1,18204,18204.0,0.0,18204,18204,1,1.0,0.0,1,1,0,0,0,0,16,16,23.433746939,23.433746939,48,121,77.2,39.9837466979,1598.7,0,0,0,0,0,0,0,0,1,96.5,48.0,121.0,0,0,0,0,0,0,2,96,2,242,-1,-1,1,8,0.0,0.0,0,0,0.0,0.0,0,0,Benign,Thursday,False,Normal
34937,6,22/02/2018 03:45:27,86196255,2,0,0,0,0,0,0.0,0.0,0,0,0.0,0.0,0.0,0.0232028642,86196255.0,0.0,86196255,86196255,86196255,86196255.0,0.0,86196255,86196255,0,0.0,0.0,0,0,0,0,0,0,40,0,0.0232028642,0.0,0,0,0.0,0.0,0.0,0,0,0,0,1,0,0,0,0,0.0,0.0,0.0,0,0,0,0,0,0,2,0,0,0,62567,-1,0,20,0.0,0.0,0,0,86196255.0,0.0,86196255,86196255,Benign,Thursday,False,Normal
443,6,22/02/2018 10:08:27,792088,8,7,1441,4696,1112,0,180.125,384.3489625327,1460,0,670.8571428571,658.7221034122,7747.8764985709,18.9372897961,56577.7142857143,73568.3944361442,271663,1,792088,113155.428571429,81509.1465375863,271663,1522,674708,112451.333333333,159938.281465904,402764,1,0,0,0,0,172,152,10.0998878912,8.8374019048,0,1460,383.5625,559.3770307226,312902.6625,0,0,0,1,0,0,0,0,0,409.1333333333,180.125,670.8571428571,0,0,0,0,0,0,8,1441,7,4696,8192,1026,3,20,0.0,0.0,0,0,0.0,0.0,0,0,Benign,Thursday,False,Normal
53,17,22/02/2018 10:47:02,1884,1,1,35,83,35,35,35.0,0.0,83,83,83.0,0.0,62632.6963906582,1061.5711252654,1884.0,0.0,1884,1884,0,0.0,0.0,0,0,0,0.0,0.0,0,0,0,0,0,0,8,8,530.7855626327,530.7855626327,35,83,51.0,27.7128129211,768.0,0,0,0,0,0,0,0,0,1,76.5,35.0,83.0,0,0,0,0,0,0,1,35,1,83,-1,-1,0,8,0.0,0.0,0,0,0.0,0.0,0,0,Benign,Thursday,False,Normal
53,17,22/02/2018 09:12:38,1464,1,1,34,79,34,34,34.0,0.0,79,79,79.0,0.0,77185.7923497268,1366.1202185792,1464.0,0.0,1464,1464,0,0.0,0.0,0,0,0,0.0,0.0,0,0,0,0,0,0,8,8,683.0601092896,683.0601092896,34,79,49.0,25.9807621135,675.0,0,0,0,0,0,0,0,0,1,73.5,34.0,79.0,0,0,0,0,0,0,1,34,1,79,-1,-1,0,8,0.0,0.0,0,0,0.0,0.0,0,0,Benign,Thursday,False,Normal
3389,6,22/02/2018 05:14:15,1463064,8,7,1144,1581,677,0,143.0,227.9699228282,1173,0,225.8571428571,430.0986044197,1862.5295954244,10.2524564886,104504.571428571,251227.130917182,968700,73,1463064,209009.142857143,386762.861953087,1083651,644,1394970,232495.0,361035.321341278,968700,70389,0,0,0,0,172,152,5.4679767939,4.7844796947,0,1173,170.3125,319.402717323,102018.095833333,0,0,0,1,0,0,0,0,0,181.6666666667,143.0,225.8571428571,0,0,0,0,0,0,8,1144,7,1581,8192,62856,5,20,0.0,0.0,0,0,0.0,0.0,0,0,Benign,Thursday,False,Normal
500,17,23/02/2018 09:41:26,89479672,6,0,3000,0,500,500,500.0,0.0,0,0,0.0,0.0,33.5271680477,0.0670543361,17895934.4,15345152.3013267,41990340,4000426,89479672,17895934.4,15345152.3013267,41990340,4000426,0,0.0,0.0,0,0,0,0,0,0,48,0,0.0670543361,0.0,500,500,500.0,0.0,0.0,0,0,0,0,0,0,0,0,0,583.3333333333,500.0,0.0,0,0,0,0,0,0,6,3000,0,0,-1,-1,5,8,4000426.0,0.0,4000426,4000426,21369811.5,15281125.1165783,41990340,7200278,Benign,Friday,False,Normal
500,17,23/02/2018 02:22:51,89478995,6,0,3000,0,500,500,500.0,0.0,0,0,0.0,0.0,33.527421715,0.0670548434,17895799.0,15345070.9000792,41990299,4000112,89478995,17895799.0,15345070.9000792,41990299,4000112,0,0.0,0.0,0,0,0,0,0,0,48,0,0.0670548434,0.0,500,500,500.0,0.0,0.0,0,0,0,0,0,0,0,0,0,583.3333333333,500.0,0.0,0,0,0,0,0,0,6,3000,0,0,-1,-1,5,8,4000112.0,0.0,4000112,4000112,21369720.75,15280948.4567262,41990299,7201781,Benign,Friday,False,Normal
23,6,23/02/2018 02:35:52,21,1,1,0,0,0,0,0.0,0.0,0,0,0.0,0.0,0.0,95238.0952380952,21.0,0.0,21,21,0,0.0,0.0,0,0,0,0.0,0.0,0,0,0,0,0,0,20,20,47619.0476190476,47619.0476190476,0,0,0.0,0.0,0.0,0,0,0,1,0,0,0,0,1,0.0,0.0,0.0,0,0,0,0,0,0,1,0,1,0,64596,0,0,20,0.0,0.0,0,0,0.0,0.0,0,0,Benign,Friday,False,Normal
3542,6,23/02/2018 01:25:41,125922,2,1,0,0,0,0,0.0,0.0,0,0,0.0,0.0,0.0,23.8242721685,62961.0,89010.6016157626,125901,21,125922,125922.0,0.0,125922,125922,0,0.0,0.0,0,0,0,0,0,0,40,20,15.8828481123,7.9414240562,0,0,0.0,0.0,0.0,0,0,0,1,0,0,0,0,0,0.0,0.0,0.0,0,0,0,0,0,0,2,0,1,0,1024,0,0,20,0.0,0.0,0,0,0.0,0.0,0,0,Benign,Friday,False,Normal
3226,6,23/02/2018 12:54:45,129037,2,1,0,0,0,0,0.0,0.0,0,0,0.0,0.0,0.0,23.2491455939,64518.5,91211.8250255963,129015,22,129037,129037.0,0.0,129037,129037,0,0.0,0.0,0,0,0,0,0,0,40,20,15.4994303959,7.749715198,0,0,0.0,0.0,0.0,0,0,0,1,0,0,0,0,0,0.0,0.0,0.0,0,0,0,0,0,0,2,0,1,0,1024,0,0,20,0.0,0.0,0,0,0.0,0.0,0,0,Benign,Friday,False,Normal
64848,6,23/02/2018 09:59:54,23582,2,1,0,0,0,0,0.0,0.0,0,0,0.0,0.0,0.0,127.2156729709,11791.0,16643.879415569,23560,22,23582,23582.0,0.0,23582,23582,0,0.0,0.0,0,0,0,0,0,0,40,20,84.8104486473,42.4052243236,0,0,0.0,0.0,0.0,0,0,0,1,0,0,0,0,0,0.0,0.0,0.0,0,0,0,0,0,0,2,0,1,0,1024,0,0,20,0.0,0.0,0,0,0.0,0.0,0,0,Benign,Friday,False,Normal
49226,6,23/02/2018 03:16:14,345,1,1,0,0,0,0,0.0,0.0,0,0,0.0,0.0,0.0,5797.1014492754,345.0,0.0,345,345,0,0.0,0.0,0,0,0,0.0,0.0,0,0,0,0,0,0,20,20,2898.5507246377,2898.5507246377,0,0,0.0,0.0,0.0,0,0,0,0,1,1,0,0,1,0.0,0.0,0.0,0,0,0,0,0,0,1,0,1,0,211,256,0,20,0.0,0.0,0,0,0.0,0.0,0,0,Benign,Friday,False,Normal
3194,6,23/02/2018 11:16:48,108121,2,1,0,0,0,0,0.0,0.0,0,0,0.0,0.0,0.0,27.7466912071,54060.5,76423.3938038609,108100,21,108121,108121.0,0.0,108121,108121,0,0.0,0.0,0,0,0,0,0,0,40,20,18.497794138,9.248897069,0,0,0.0,0.0,0.0,0,0,0,1,0,0,0,0,0,0.0,0.0,0.0,0,0,0,0,0,0,2,0,1,0,1024,0,0,20,0.0,0.0,0,0,0.0,0.0,0,0,Benign,Friday,False,Normal
80,6,23/02/2018 09:10:29,88,2,0,0,0,0,0,0.0,0.0,0,0,0.0,0.0,0.0,22727.2727272727,88.0,0.0,88,88,88,88.0,0.0,88,88,0,0.0,0.0,0,0,0,0,0,0,40,0,22727.2727272727,0.0,0,0,0.0,0.0,0.0,0,0,0,0,1,0,0,0,0,0.0,0.0,0.0,0,0,0,0,0,0,2,0,0,0,278,-1,0,20,0.0,0.0,0,0,0.0,0.0,0,0,Benign,Friday,False,Normal
80,6,23/02/2018 09:32:27,854,3,4,161,488,161,0,53.6666666667,92.9533933395,488,0,122.0,244.0,759953.161592506,8196.7213114754,142.3333333333,89.5246707152,265,30,461,230.5,133.6431816443,325,136,589,196.3333333333,196.39840461,413,30,0,0,0,0,72,92,3512.8805620609,4683.8407494145,0,488,81.125,173.7875858627,30202.125,0,0,0,1,0,0,0,0,1,92.7142857143,53.6666666667,122.0,0,0,0,0,0,0,3,161,4,488,8192,149,1,20,0.0,0.0,0,0,0.0,0.0,0,0,Benign,Friday,False,Normal
3389,6,23/02/2018 10:18:27,3979761,14,9,1460,1731,741,0,104.2857142857,195.0906805216,1179,0,192.3333333333,386.0744746807,801.8069426782,5.7792415173,180898.227272727,245264.183498205,973327,4,3979761,306135.461538461,324272.264743588,1197954,4,3879665,484958.125,356031.501285024,973327,7399,0,0,0,0,292,192,3.5177991844,2.2614423328,0,1179,132.9583333333,275.6911440073,76005.606884058,0,0,1,1,0,0,0,1,0,138.7391304348,104.2857142857,192.3333333333,0,0,0,0,0,0,14,1460,9,1731,8192,62625,7,20,0.0,0.0,0,0,0.0,0.0,0,0,Benign,Friday,False,Normal
80,6,23/02/2018 10:30:39,262,2,0,0,0,0,0,0.0,0.0,0,0,0.0,0.0,0.0,7633.5877862596,262.0,0.0,262,262,262,262.0,0.0,262,262,0,0.0,0.0,0,0,0,0,0,0,40,0,7633.5877862596,0.0,0,0,0.0,0.0,0.0,0,0,0,0,1,0,0,0,0,0.0,0.0,0.0,0,0,0,0,0,0,2,0,0,0,253,-1,0,20,0.0,0.0,0,0,0.0,0.0,0,0,Benign,Friday,False,Normal
80,6,23/02/2018 10:44:10,115797360,19,16,3437,4062,1310,0,180.8947368421,430.3187313217,1454,0,253.875,547.0725576497,64.7596801861,0.3022521412,3405804.70588235,4693393.31232947,10014741,62,115797360,6433186.66666667,4747000.97436231,10046673,510,111218887,7414592.46666667,4519718.74143463,10047225,8473,0,0,0,0,392,464,0.1640797338,0.1381724074,0,1454,208.3055555556,475.4953398867,226095.818253968,0,0,0,1,0,0,0,0,0,214.2571428571,180.8947368421,253.875,0,0,0,0,0,0,19,3437,16,4062,8192,1128,14,20,109046.727272727,255622.98167774,879779,31887,10001760.6363636,42757.1868819097,10014741,9872843,Benign,Friday,False,Normal
80,6,23/02/2018 11:55:30,854,3,4,161,488,161,0,53.6666666667,92.9533933395,488,0,122.0,244.0,759953.161592506,8196.7213114754,142.3333333333,103.0507965358,321,30,511,255.5,168.9985207036,375,136,533,177.6666666667,167.0638600456,359,30,0,0,0,0,72,92,3512.8805620609,4683.8407494145,0,488,81.125,173.7875858627,30202.125,0,0,0,1,0,0,0,0,1,92.7142857143,53.6666666667,122.0,0,0,0,0,0,0,3,161,4,488,8192,149,1,20,0.0,0.0,0,0,0.0,0.0,0,0,Benign,Friday,False,Normal
3389,6,23/02/2018 12:04:11,4025711,13,8,1437,1731,725,0,110.5384615385,196.666644937,1179,0,216.375,405.4647906151,786.9417352612,5.216469836,201285.55,285007.911437278,953117,42,4025711,335475.916666667,405961.256516042,1356117,14597,3991023,570146.142857143,381213.073849096,1047014,107647,0,0,0,0,272,172,3.2292432318,1.9872266042,0,1179,144.0,283.8629783473,80578.1904761905,0,0,1,1,0,0,0,1,0,150.8571428571,110.5384615385,216.375,0,0,0,0,0,0,13,1437,8,1731,8192,62563,7,20,0.0,0.0,0,0,0.0,0.0,0,0,Benign,Friday,False,Normal
445,6,23/02/2018 12:43:29,800195,7,5,364,582,103,0,52.0,49.2172056636,409,0,116.4,167.0353256051,1182.211835865,14.996344641,72745.0,82969.2664159446,159891,4,800195,133365.833333333,65343.6493361571,162247,4,640237,160059.25,1223.7977433656,161882,159256,0,0,0,0,152,112,8.7478677072,6.2484769337,0,409,72.7692307692,109.5332170669,11997.5256410256,0,0,0,1,0,0,0,0,0,78.8333333333,52.0,116.4,0,0,0,0,0,0,7,364,5,582,8192,258,4,20,0.0,0.0,0,0,0.0,0.0,0,0,Benign,Friday,False,Normal
80,6,23/02/2018 01:15:26,71,2,0,0,0,0,0,0.0,0.0,0,0,0.0,0.0,0.0,28169.014084507,71.0,0.0,71,71,71,71.0,0.0,71,71,0,0.0,0.0,0,0,0,0,0,0,40,0,28169.014084507,0.0,0,0,0.0,0.0,0.0,0,0,0,0,1,0,0,0,0,0.0,0.0,0.0,0,0,0,0,0,0,2,0,0,0,278,-1,0,20,0.0,0.0,0,0,0.0,0.0,0,0,Benign,Friday,False,Normal
80,6,23/02/2018 02:58:27,115295849,17,16,1052,1055,521,0,61.8823529412,172.6180329343,528,0,65.9375,180.1756434705,18.2747255714,0.2862201917,3602995.28125,4784056.21046701,10012344,21,115295849,7205990.5625,4446086.42549889,10023647,630,110248411,7349894.06666667,4576217.50433052,10023739,2557,0,0,0,0,352,464,0.1474467654,0.1387734263,0,528,61.9705882353,171.2514517159,29327.059714795,0,0,0,1,0,0,0,0,0,63.8484848485,61.8823529412,65.9375,0,0,0,0,0,0,17,1052,16,1055,8192,290,13,20,24690.0909090909,43773.1780533572,156660,11234,9997887.54545454,22758.2789171928,10012344,9929720,Benign,Friday,False,Normal
3389,6,23/02/2018 03:22:35,3897834,14,8,1441,1731,725,0,102.9285714286,191.1489408352,1179,0,216.375,405.4647906151,813.7852971676,5.6441603208,185611.142857143,282579.192653367,990704,34,3897834,299833.384615385,384335.184325379,1263760,4197,3876175,553739.285714286,409258.772043115,1204245,111261,0,0,0,0,292,172,3.591738386,2.0524219348,0,1179,137.9130434783,278.894719961,77782.2648221344,0,0,1,1,0,0,0,1,0,144.1818181818,102.9285714286,216.375,0,0,0,0,0,0,14,1441,8,1731,8192,62559,7,20,0.0,0.0,0,0,0.0,0.0,0,0,Benign,Friday,False,Normal
3389,6,23/02/2018 03:25:07,4118943,13,8,1441,1731,725,0,110.8461538462,196.5501828007,1179,0,216.375,405.4647906151,770.1004845175,5.0983953893,205947.15,307907.019354917,953453,3,4118943,343245.25,408355.224344092,1241723,3,3916885,559555.0,501744.349637343,1228247,107489,0,0,0,0,272,172,3.1561495267,1.9422458626,0,1179,144.1818181818,283.7944655931,80539.2987012987,0,0,1,1,0,0,0,1,0,151.0476190476,110.8461538462,216.375,0,0,0,0,0,0,13,1441,8,1731,8192,62644,7,20,0.0,0.0,0,0,0.0,0.0,0,0,Benign,Friday,False,Normal
80,6,23/02/2018 03:30:30,86,2,0,0,0,0,0,0.0,0.0,0,0,0.0,0.0,0.0,23255.8139534884,86.0,0.0,86,86,86,86.0,0.0,86,86,0,0.0,0.0,0,0,0,0,0,0,40,0,23255.8139534884,0.0,0,0,0.0,0.0,0.0,0,0,0,0,1,0,0,0,0,0.0,0.0,0.0,0,0,0,0,0,0,2,0,0,0,279,-1,0,20,0.0,0.0,0,0,0.0,0.0,0,0,Benign,Friday,False,Normal
445,6,23/02/2018 03:54:27,817408,7,5,364,582,103,0,52.0,49.2172056636,409,0,116.4,167.0353256051,1157.316786721,14.6805512058,74309.8181818182,84775.2919261481,163251,39,817408,136234.666666667,66708.4677643451,165996,92,654962,163740.5,1148.423992551,165450,163055,0,0,0,0,152,112,8.56365487,6.1168963357,0,409,72.7692307692,109.5332170669,11997.5256410256,0,0,0,1,0,0,0,0,0,78.8333333333,52.0,116.4,0,0,0,0,0,0,7,364,5,582,8192,255,4,20,0.0,0.0,0,0,0.0,0.0,0,0,Benign,Friday,False,Normal
445,6,23/02/2018 04:31:11,1284370,7,5,364,582,103,0,52.0,49.2172056636,409,0,116.4,167.0353256051,736.5478795051,9.3431020656,116760.909090909,133539.647864186,256294,3,1284370,214061.666666667,104872.989074722,259129,3,1028214,257053.5,1393.0055036982,259141,256313,0,0,0,0,152,112,5.4501428716,3.892959194,0,409,72.7692307692,109.5332170669,11997.5256410256,0,0,0,1,0,0,0,0,0,78.8333333333,52.0,116.4,0,0,0,0,0,0,7,364,5,582,8192,257,4,20,0.0,0.0,0,0,0.0,0.0,0,0,Benign,Friday,False,Normal
3389,6,23/02/2018 05:15:00,1717597,9,7,1279,1581,773,0,142.1111111111,246.0997990879,1173,0,225.8571428571,430.0986044197,1665.1170210474,9.3153399779,114506.466666667,238689.05250402,953164,3,1717597,214699.625,370359.264877049,1121040,3,1612515,268752.5,336379.498674191,953164,106530,0,0,0,0,188,148,5.2398787376,4.0754612403,0,1173,168.2352941176,321.3367644333,103257.316176471,0,0,0,1,0,0,0,0,0,178.75,142.1111111111,225.8571428571,0,0,0,0,0,0,9,1279,7,1581,8192,62758,6,20,0.0,0.0,0,0,0.0,0.0,0,0,Benign,Friday,False,Normal
80,6,23/02/2018 05:21:41,54029235,2,0,0,0,0,0,0.0,0.0,0,0,0.0,0.0,0.0,0.0370169964,54029235.0,0.0,54029235,54029235,54029235,54029235.0,0.0,54029235,54029235,0,0.0,0.0,0,0,0,0,0,0,40,0,0.0370169964,0.0,0,0,0.0,0.0,0.0,0,0,0,0,1,0,0,0,0,0.0,0.0,0.0,0,0,0,0,0,0,2,0,0,0,279,-1,0,20,0.0,0.0,0,0,0.0,0.0,0,0,Benign,Friday,False,Normal
53,17,23/02/2018 09:45:36,4802,1,1,44,198,44,44,44.0,0.0,198,198,198.0,0.0,50395.6684714702,416.4931278634,4802.0,0.0,4802,4802,0,0.0,0.0,0,0,0,0.0,0.0,0,0,0,0,0,0,8,8,208.2465639317,208.2465639317,44,198,95.3333333333,88.9119414552,7905.3333333333,0,0,0,0,0,0,0,0,1,143.0,44.0,198.0,0,0,0,0,0,0,1,44,1,198,-1,-1,0,8,0.0,0.0,0,0,0.0,0.0,0,0,Benign,Friday,False,Normal
53,17,23/02/2018 08:56:12,283,1,1,89,137,89,89,89.0,0.0,137,137,137.0,0.0,798586.572438163,7067.1378091873,283.0,0.0,283,283,0,0.0,0.0,0,0,0,0.0,0.0,0,0,0,0,0,0,8,8,3533.5689045936,3533.5689045936,89,137,105.0,27.7128129211,768.0,0,0,0,0,0,0,0,0,1,157.5,89.0,137.0,0,0,0,0,0,0,1,89,1,137,-1,-1,0,8,0.0,0.0,0,0,0.0,0.0,0,0,Benign,Friday,False,Normal
445,6,23/02/2018 12:19:39,1079062,6,5,455,338,140,0,75.8333333333,62.9362110924,145,0,67.6,69.7588704037,734.8975313745,10.1940388967,107906.2,139048.386443792,270387,60,1078990,215798.0,120602.481626623,270457,60,1078992,269748.0,1097.2775400964,271219,268867,0,0,0,0,128,108,5.5603848528,4.633654044,0,145,66.0833333333,63.40269328,4019.9015151515,0,0,0,1,0,0,0,0,0,72.0909090909,75.8333333333,67.6,0,0,0,0,0,0,6,455,5,338,8192,0,4,20,0.0,0.0,0,0,0.0,0.0,0,0,Benign,Friday,False,Normal
53,17,23/02/2018 03:21:08,364,1,1,39,71,39,39,39.0,0.0,71,71,71.0,0.0,302197.802197802,5494.5054945055,364.0,0.0,364,364,0,0.0,0.0,0,0,0,0.0,0.0,0,0,0,0,0,0,8,8,2747.2527472528,2747.2527472528,39,71,49.6666666667,18.4752086141,341.3333333333,0,0,0,0,0,0,0,0,1,74.5,39.0,71.0,0,0,0,0,0,0,1,39,1,71,-1,-1,0,8,0.0,0.0,0,0,0.0,0.0,0,0,Benign,Friday,False,Normal
53,17,23/02/2018 09:45:43,35845,2,2,66,140,33,33,33.0,0.0,70,70,70.0,0.0,5746.9661040592,111.5915748361,11948.3333333333,14806.950541328,28649,426,35419,35419.0,0.0,35419,35419,29075,29075.0,0.0,29075,29075,0,0,0,0,16,16,55.7957874181,55.7957874181,33,70,47.8,20.2657346277,410.7,0,0,0,0,0,0,0,0,1,59.75,33.0,70.0,0,0,0,0,0,0,2,66,2,140,-1,-1,1,8,0.0,0.0,0,0,0.0,0.0,0,0,Benign,Friday,False,Normal
13155,6,23/02/2018 02:54:57,86023963,2,0,0,0,0,0,0.0,0.0,0,0,0.0,0.0,0.0,0.0232493358,86023963.0,0.0,86023963,86023963,86023963,86023963.0,0.0,86023963,86023963,0,0.0,0.0,0,0,0,0,0,0,40,0,0.0232493358,0.0,0,0,0.0,0.0,0.0,0,0,0,0,1,0,0,0,0,0.0,0.0,0.0,0,0,0,0,0,0,2,0,0,0,62560,-1,0,20,0.0,0.0,0,0,86023963.0,0.0,86023963,86023963,Benign,Friday,False,Normal
53,17,23/02/2018 01:05:52,318,1,1,51,147,51,51,51.0,0.0,147,147,147.0,0.0,622641.509433962,6289.3081761006,318.0,0.0,318,318,0,0.0,0.0,0,0,0,0.0,0.0,0,0,0,0,0,0,8,8,3144.6540880503,3144.6540880503,51,147,83.0,55.4256258422,3072.0,0,0,0,0,0,0,0,0,1,124.5,51.0,147.0,0,0,0,0,0,0,1,51,1,147,-1,-1,0,8,0.0,0.0,0,0,0.0,0.0,0,0,Benign,Friday,False,Normal
53,17,23/02/2018 01:05:57,18851,1,1,40,72,40,40,40.0,0.0,72,72,72.0,0.0,5941.3293724471,106.0951673651,18851.0,0.0,18851,18851,0,0.0,0.0,0,0,0,0.0,0.0,0,0,0,0,0,0,8,8,53.0475836826,53.0475836826,40,72,50.6666666667,18.4752086141,341.3333333333,0,0,0,0,0,0,0,0,1,76.0,40.0,72.0,0,0,0,0,0,0,1,40,1,72,-1,-1,0,8,0.0,0.0,0,0,0.0,0.0,0,0,Benign,Friday,False,Normal
43925,6,23/02/2018 04:40:53,86049227,2,0,0,0,0,0,0.0,0.0,0,0,0.0,0.0,0.0,0.0232425098,86049227.0,0.0,86049227,86049227,86049227,86049227.0,0.0,86049227,86049227,0,0.0,0.0,0,0,0,0,0,0,40,0,0.0232425098,0.0,0,0,0.0,0.0,0.0,0,0,0,0,1,0,0,0,0,0.0,0.0,0.0,0,0,0,0,0,0,2,0,0,0,62559,-1,0,20,0.0,0.0,0,0,86049227.0,0.0,86049227,86049227,Benign,Friday,False,Normal
53,17,23/02/2018 11:15:38,61687,2,2,60,264,30,30,30.0,0.0,132,132,132.0,0.0,5252.3222072722,64.8434840404,20562.3333333333,17820.6998272608,32094,37,29556,29556.0,0.0,29556,29556,37,37.0,0.0,37,37,0,0,0,0,16,16,32.4217420202,32.4217420202,30,132,70.8,55.8677008655,3121.2,0,0,0,0,0,0,0,0,1,88.5,30.0,132.0,0,0,0,0,0,0,2,60,2,264,-1,-1,1,8,0.0,0.0,0,0,0.0,0.0,0,0,Benign,Friday,False,Normal
54213,6,23/02/2018 04:50:09,85958283,2,0,0,0,0,0,0.0,0.0,0,0,0.0,0.0,0.0,0.0232671004,85958283.0,0.0,85958283,85958283,85958283,85958283.0,0.0,85958283,85958283,0,0.0,0.0,0,0,0,0,0,0,40,0,0.0232671004,0.0,0,0,0.0,0.0,0.0,0,0,0,0,1,0,0,0,0,0.0,0.0,0.0,0,0,0,0,0,0,2,0,0,0,62559,-1,0,20,0.0,0.0,0,0,85958283.0,0.0,85958283,85958283,Benign,Friday,False,Normal
10704,6,23/02/2018 04:50:37,85481469,2,0,0,0,0,0,0.0,0.0,0,0,0.0,0.0,0.0,0.0233968838,85481469.0,0.0,85481469,85481469,85481469,85481469.0,0.0,85481469,85481469,0,0.0,0.0,0,0,0,0,0,0,40,0,0.0233968838,0.0,0,0,0.0,0.0,0.0,0,0,0,0,1,0,0,0,0,0.0,0.0,0.0,0,0,0,0,0,0,2,0,0,0,62559,-1,0,20,0.0,0.0,0,0,85481469.0,0.0,85481469,85481469,Benign,Friday,False,Normal
39432,6,23/02/2018 03:15:20,86050557,2,0,0,0,0,0,0.0,0.0,0,0,0.0,0.0,0.0,0.0232421505,86050557.0,0.0,86050557,86050557,86050557,86050557.0,0.0,86050557,86050557,0,0.0,0.0,0,0,0,0,0,0,40,0,0.0232421505,0.0,0,0,0.0,0.0,0.0,0,0,0,0,1,0,0,0,0,0.0,0.0,0.0,0,0,0,0,0,0,2,0,0,0,62562,-1,0,20,0.0,0.0,0,0,86050557.0,0.0,86050557,86050557,Benign,Friday,False,Normal
36553,6,23/02/2018 03:09:54,86036765,2,0,0,0,0,0,0.0,0.0,0,0,0.0,0.0,0.0,0.0232458763,86036765.0,0.0,86036765,86036765,86036765,86036765.0,0.0,86036765,86036765,0,0.0,0.0,0,0,0,0,0,0,40,0,0.0232458763,0.0,0,0,0.0,0.0,0.0,0,0,0,0,1,0,0,0,0,0.0,0.0,0.0,0,0,0,0,0,0,2,0,0,0,62541,-1,0,20,0.0,0.0,0,0,86036765.0,0.0,86036765,86036765,Benign,Friday,False,Normal
6786,6,23/02/2018 01:49:54,44,2,0,0,0,0,0,0.0,0.0,0,0,0.0,0.0,0.0,45454.5454545455,44.0,0.0,44,44,44,44.0,0.0,44,44,0,0.0,0.0,0,0,0,0,0,0,40,0,45454.5454545455,0.0,0,0,0.0,0.0,0.0,0,0,0,0,1,0,0,0,0,0.0,0.0,0.0,0,0,0,0,0,0,2,0,0,0,258,-1,0,20,0.0,0.0,0,0,0.0,0.0,0,0,Benign,Friday,False,Normal
445,6,23/02/2018 08:21:51,231922,3,1,0,0,0,0,0.0,0.0,0,0,0.0,0.0,0.0,17.2471779305,77307.3333333333,132106.732744146,229847,75,231922,115961.0,161165.1917816,229922,2000,0,0.0,0.0,0,0,0,0,0,0,72,32,12.9353834479,4.3117944826,0,0,0.0,0.0,0.0,0,0,0,1,0,0,0,0,0,0.0,0.0,0.0,0,0,0,0,0,0,3,0,1,0,8192,8192,0,20,0.0,0.0,0,0,0.0,0.0,0,0,Benign,Friday,False,Normal
3389,6,23/02/2018 09:19:02,2326281,10,7,672,301,187,0,67.2,68.0780597713,197,0,43.0,74.6681547471,418.2641735887,7.307801594,145392.5625,240928.78566054,886077,4,2326281,258475.666666667,305749.8029288,936826,4,1440105,240017.5,262886.595398662,682394,247,0,0,0,0,212,152,4.29870682,3.009094774,0,197,54.0555555556,68.8856445578,4745.2320261438,0,0,1,1,0,0,0,1,0,57.2352941176,67.2,43.0,0,0,0,0,0,0,10,672,7,301,8192,63328,6,20,0.0,0.0,0,0,0.0,0.0,0,0,Benign,Friday,False,Normal
3389,6,23/02/2018 11:24:26,4075131,14,8,1456,1731,741,0,104.0,195.0136089926,1179,0,216.375,405.4647906151,782.0607484766,5.3985994561,194053.857142857,270651.663042791,953329,58,4075131,313471.615384615,353367.084283596,1210068,29487,3996916,570988.0,383795.599005512,1201228,173566,0,0,0,0,292,172,3.4354723811,1.9631270749,0,1179,138.5652173913,280.3867176998,78616.7114624506,0,0,1,1,0,0,0,1,0,144.8636363636,104.0,216.375,0,0,0,0,0,0,14,1456,8,1731,8192,62629,7,20,0.0,0.0,0,0,0.0,0.0,0,0,Benign,Friday,False,Normal
0,0,23/02/2018 11:30:45,112636300,3,0,0,0,0,0,0.0,0.0,0,0,0.0,0.0,0.0,0.0266343976,56318150.0,32.5269119346,56318173,56318127,112636300,56318150.0,32.5269119346,56318173,56318127,0,0.0,0.0,0,0,0,0,0,0,0,0,0.0266343976,0.0,0,0,0.0,0.0,0.0,0,0,0,0,0,0,0,0,0,0.0,0.0,0.0,0,0,0,0,0,0,3,0,0,0,-1,-1,0,0,0.0,0.0,0,0,56318150.0,32.5269119346,56318173,56318127,Benign,Friday,False,Normal
3389,6,23/02/2018 11:37:35,4053450,14,8,1434,1731,725,0,102.4285714286,191.1405903379,1179,0,216.375,405.4647906151,780.8163416349,5.4274753605,193021.428571429,251254.832269067,953152,60,4053450,311803.846153846,329666.441764714,1209926,31996,3960251,565750.142857143,303408.759479369,972678,179414,0,0,0,0,292,172,3.4538479567,1.9736274038,0,1179,137.6086956522,278.9313599388,77802.7035573123,0,0,1,1,0,0,0,1,0,143.8636363636,102.4285714286,216.375,0,0,0,0,0,0,14,1434,8,1731,8192,62651,7,20,0.0,0.0,0,0,0.0,0.0,0,0,Benign,Friday,False,Normal
3389,6,23/02/2018 11:41:56,4049790,12,8,1437,1731,725,0,119.75,202.2618127801,1179,0,216.375,405.4647906151,782.2627839962,4.9385276767,213146.842105263,314820.522039368,1001893,65,4049790,368162.727272727,440108.174416266,1326550,5231,3968598,566942.571428571,523437.503193029,1331728,106843,0,0,0,0,252,172,2.963116606,1.9754110707,0,1179,150.8571428571,288.9230495676,83476.5285714286,0,0,1,1,0,0,0,1,0,158.4,119.75,216.375,0,0,0,0,0,0,12,1437,8,1731,8192,62648,7,20,0.0,0.0,0,0,0.0,0.0,0,0,Benign,Friday,False,Normal
3389,6,23/02/2018 11:48:27,4016773,14,8,1438,1731,725,0,102.7142857143,191.0446699965,1179,0,216.375,405.4647906151,788.9417699233,5.4770334296,191274.904761905,240860.250565531,953157,93,4016773,308982.538461538,309304.754772596,1179634,53572,3895216,556459.428571429,298020.52695458,953157,162086,0,0,0,0,292,172,3.4853849097,1.9916485198,0,1179,137.7826086957,278.8696268415,77768.2687747036,0,0,1,1,0,0,0,1,0,144.0454545455,102.7142857143,216.375,0,0,0,0,0,0,14,1438,8,1731,8192,62647,7,20,0.0,0.0,0,0,0.0,0.0,0,0,Benign,Friday,False,Normal
3389,6,23/02/2018 11:51:28,4003294,14,8,1456,1731,741,0,104.0,195.0136089926,1179,0,216.375,405.4647906151,796.0944162482,5.4954744768,190633.047619048,248108.407632929,953179,34,4003294,307945.692307692,345921.756831509,1289191,5070,3853523,550503.285714286,366365.313133269,1051657,112694,0,0,0,0,292,172,3.4971201216,1.9983543552,0,1179,138.5652173913,280.3867176998,78616.7114624506,0,0,1,1,0,0,0,1,0,144.8636363636,104.0,216.375,0,0,0,0,0,0,14,1456,8,1731,8192,62544,7,20,0.0,0.0,0,0,0.0,0.0,0,0,Benign,Friday,False,Normal
80,6,23/02/2018 01:06:04,115337114,16,14,451,795,440,0,28.1875,109.8175570359,795,0,56.7857142857,212.4726873204,10.8031140783,0.2601070805,3977141.86206896,4872263.72699498,10010049,69,115337114,7689140.93333333,4149560.80915236,10031025,353,110365958,8489689.07692308,3763037.06466912,10033046,275,0,0,0,0,332,424,0.1387237763,0.1213833043,0,795,40.1935483871,160.7850364835,25851.8279569892,0,0,0,1,0,0,0,0,0,41.5333333333,28.1875,56.7857142857,0,0,0,0,0,0,16,451,14,795,8192,946,12,20,38419.2727272727,56571.57279958,208984,20932,9994726.18181818,49447.5477022232,10010049,9845642,Benign,Friday,False,Normal
80,6,23/02/2018 01:21:04,86,2,0,0,0,0,0,0.0,0.0,0,0,0.0,0.0,0.0,23255.8139534884,86.0,0.0,86,86,86,86.0,0.0,86,86,0,0.0,0.0,0,0,0,0,0,0,40,0,23255.8139534884,0.0,0,0,0.0,0.0,0.0,0,0,0,0,1,0,0,0,0,0.0,0.0,0.0,0,0,0,0,0,0,2,0,0,0,278,-1,0,20,0.0,0.0,0,0,0.0,0.0,0,0,Benign,Friday,False,Normal
443,6,23/02/2018 03:12:07,60547673,15,15,733,6190,411,0,48.8666666667,114.9794184481,1460,0,412.6666666667,622.5943034326,114.3396543084,0.4954773406,2087850.79310345,4105389.06004607,10003968,1,60547673,4324833.78571429,5096355.10976848,10015422,575,60536143,4324010.21428571,5117015.41807522,10024521,1,0,0,0,0,312,384,0.2477386703,0.2477386703,0,1460,223.3225806452,471.0264951569,221865.959139785,0,0,0,1,0,0,0,0,1,230.7666666667,48.8666666667,412.6666666667,0,0,0,0,0,0,15,733,15,6190,8192,114,9,20,46641.3333333333,85827.9635262696,221836,11415,9984853.66666667,46299.8212811526,10003968,9890346,Benign,Friday,False,Normal
80,6,23/02/2018 03:32:40,5583625,4,4,97,231,97,0,24.25,48.5,231,0,57.75,115.5,58.7431999821,1.4327609752,797660.714285714,2083121.23515913,5521452,42,62173,20724.3333333333,35608.9987269136,61842,103,5583439,1861146.33333333,3223095.11690244,5582856,272,0,0,0,0,92,92,0.7163804876,0.7163804876,0,231,36.4444444444,79.6996096463,6352.0277777778,0,0,0,1,0,0,0,0,1,41.0,24.25,57.75,0,0,0,0,0,0,4,97,4,231,8192,141,1,20,0.0,0.0,0,0,0.0,0.0,0,0,Benign,Friday,False,Normal
53,17,23/02/2018 11:13:37,626,1,1,41,118,41,41,41.0,0.0,118,118,118.0,0.0,253993.610223642,3194.8881789137,626.0,0.0,626,626,0,0.0,0.0,0,0,0,0.0,0.0,0,0,0,0,0,0,8,8,1597.4440894569,1597.4440894569,41,118,66.6666666667,44.4559707276,1976.3333333333,0,0,0,0,0,0,0,0,1,100.0,41.0,118.0,0,0,0,0,0,0,1,41,1,118,-1,-1,0,8,0.0,0.0,0,0,0.0,0.0,0,0,Benign,Friday,False,Normal
53,17,23/02/2018 10:55:29,999,1,1,35,82,35,35,35.0,0.0,82,82,82.0,0.0,117117.117117117,2002.002002002,999.0,0.0,999,999,0,0.0,0.0,0,0,0,0.0,0.0,0,0,0,0,0,0,8,8,1001.001001001,1001.001001001,35,82,50.6666666667,27.1354626519,736.3333333333,0,0,0,0,0,0,0,0,1,76.0,35.0,82.0,0,0,0,0,0,0,1,35,1,82,-1,-1,0,8,0.0,0.0,0,0,0.0,0.0,0,0,Benign,Friday,False,Normal
53,17,23/02/2018 03:11:58,37769,2,2,66,228,33,33,33.0,0.0,114,114,114.0,0.0,7784.1616140221,105.906960735,12589.6666666667,12083.3466528662,24135,32,24135,24135.0,0.0,24135,24135,32,32.0,0.0,32,32,0,0,0,0,16,16,52.9534803675,52.9534803675,33,114,65.4,44.3655271579,1968.3,0,0,0,0,0,0,0,0,1,81.75,33.0,114.0,0,0,0,0,0,0,2,66,2,228,-1,-1,1,8,0.0,0.0,0,0,0.0,0.0,0,0,Benign,Friday,False,Normal
53,17,23/02/2018 10:46:24,251692,2,2,70,226,35,35,35.0,0.0,113,113,113.0,0.0,1176.0405575068,15.8924399663,83897.3333333333,102655.732900473,198382,44,53266,53266.0,0.0,53266,53266,44,44.0,0.0,44,44,0,0,0,0,16,16,7.9462199832,7.9462199832,35,113,66.2,42.7223594854,1825.2,0,0,0,0,0,0,0,0,1,82.75,35.0,113.0,0,0,0,0,0,0,2,70,2,226,-1,-1,1,8,0.0,0.0,0,0,0.0,0.0,0,0,Benign,Friday,False,Normal
53,17,23/02/2018 12:52:32,28699,2,2,70,276,35,35,35.0,0.0,138,138,138.0,0.0,12056.1692045019,139.3776786648,9566.3333333333,13612.1735712315,25249,813,27886,27886.0,0.0,27886,27886,3450,3450.0,0.0,3450,3450,0,0,0,0,16,16,69.6888393324,69.6888393324,35,138,76.2,56.415423423,3182.7,0,0,0,0,0,0,0,0,1,95.25,35.0,138.0,0,0,0,0,0,0,2,70,2,276,-1,-1,1,8,0.0,0.0,0,0,0.0,0.0,0,0,Benign,Friday,False,Normal
50937,6,23/02/2018 10:07:37,88341765,2,0,0,0,0,0,0.0,0.0,0,0,0.0,0.0,0.0,0.0226393484,88341765.0,0.0,88341765,88341765,88341765,88341765.0,0.0,88341765,88341765,0,0.0,0.0,0,0,0,0,0,0,40,0,0.0226393484,0.0,0,0,0.0,0.0,0.0,0,0,0,0,1,0,0,0,0,0.0,0.0,0.0,0,0,0,0,0,0,2,0,0,0,63325,-1,0,20,0.0,0.0,0,0,88341765.0,0.0,88341765,88341765,Benign,Friday,False,Normal
12702,6,23/02/2018 10:35:29,86157693,2,0,0,0,0,0,0.0,0.0,0,0,0.0,0.0,0.0,0.0232132492,86157693.0,0.0,86157693,86157693,86157693,86157693.0,0.0,86157693,86157693,0,0.0,0.0,0,0,0,0,0,0,40,0,0.0232132492,0.0,0,0,0.0,0.0,0.0,0,0,0,0,1,0,0,0,0,0.0,0.0,0.0,0,0,0,0,0,0,2,0,0,0,62545,-1,0,20,0.0,0.0,0,0,86157693.0,0.0,86157693,86157693,Benign,Friday,False,Normal
41969,6,23/02/2018 11:00:20,86055343,2,0,0,0,0,0,0.0,0.0,0,0,0.0,0.0,0.0,0.0232408579,86055343.0,0.0,86055343,86055343,86055343,86055343.0,0.0,86055343,86055343,0,0.0,0.0,0,0,0,0,0,0,40,0,0.0232408579,0.0,0,0,0.0,0.0,0.0,0,0,0,0,1,0,0,0,0,0.0,0.0,0.0,0,0,0,0,0,0,2,0,0,0,62562,-1,0,20,0.0,0.0,0,0,86055343.0,0.0,86055343,86055343,Benign,Friday,False,Normal
18423,6,23/02/2018 10:10:18,88180056,2,0,0,0,0,0,0.0,0.0,0,0,0.0,0.0,0.0,0.0226808656,88180056.0,0.0,88180056,88180056,88180056,88180056.0,0.0,88180056,88180056,0,0.0,0.0,0,0,0,0,0,0,40,0,0.0226808656,0.0,0,0,0.0,0.0,0.0,0,0,0,0,1,0,0,0,0,0.0,0.0,0.0,0,0,0,0,0,0,2,0,0,0,63326,-1,0,20,0.0,0.0,0,0,88180056.0,0.0,88180056,88180056,Benign,Friday,False,Normal
50381,6,23/02/2018 10:13:20,12,1,1,0,0,0,0,0.0,0.0,0,0,0.0,0.0,0.0,166666.666666667,12.0,0.0,12,12,0,0.0,0.0,0,0,0,0.0,0.0,0,0,0,0,0,0,20,20,83333.3333333333,83333.3333333333,0,0,0.0,0.0,0.0,0,0,0,0,1,1,0,0,1,0.0,0.0,0.0,0,0,0,0,0,0,1,0,1,0,184,258,0,20,0.0,0.0,0,0,0.0,0.0,0,0,Benign,Friday,False,Normal
53,17,23/02/2018 03:14:57,1556,1,1,45,134,45,45,45.0,0.0,134,134,134.0,0.0,115038.560411311,1285.3470437018,1556.0,0.0,1556,1556,0,0.0,0.0,0,0,0,0.0,0.0,0,0,0,0,0,0,8,8,642.6735218509,642.6735218509,45,134,74.6666666667,51.3841739579,2640.3333333333,0,0,0,0,0,0,0,0,1,112.0,45.0,134.0,0,0,0,0,0,0,1,45,1,134,-1,-1,0,8,0.0,0.0,0,0,0.0,0.0,0,0,Benign,Friday,False,Normal
21909,6,23/02/2018 09:46:20,87687768,2,0,0,0,0,0,0.0,0.0,0,0,0.0,0.0,0.0,0.0228081983,87687768.0,0.0,87687768,87687768,87687768,87687768.0,0.0,87687768,87687768,0,0.0,0.0,0,0,0,0,0,0,40,0,0.0228081983,0.0,0,0,0.0,0.0,0.0,0,0,0,0,1,0,0,0,0,0.0,0.0,0.0,0,0,0,0,0,0,2,0,0,0,63328,-1,0,20,0.0,0.0,0,0,87687768.0,0.0,87687768,87687768,Benign,Friday,False,Normal
50586,6,23/02/2018 10:54:29,39,1,1,0,0,0,0,0.0,0.0,0,0,0.0,0.0,0.0,51282.0512820513,39.0,0.0,39,39,0,0.0,0.0,0,0,0,0.0,0.0,0,0,0,0,0,0,20,20,25641.0256410256,25641.0256410256,0,0,0.0,0.0,0.0,0,0,0,0,1,1,0,0,1,0.0,0.0,0.0,0,0,0,0,0,0,1,0,1,0,510,258,0,20,0.0,0.0,0,0,0.0,0.0,0,0,Benign,Friday,False,Normal
49947,6,23/02/2018 10:05:39,280,2,0,0,0,0,0,0.0,0.0,0,0,0.0,0.0,0.0,7142.8571428572,280.0,0.0,280,280,280,280.0,0.0,280,280,0,0.0,0.0,0,0,0,0,0,0,40,0,7142.8571428572,0.0,0,0,0.0,0.0,0.0,0,0,0,0,1,0,0,0,0,0.0,0.0,0.0,0,0,0,0,0,0,2,0,0,0,126,-1,0,20,0.0,0.0,0,0,0.0,0.0,0,0,Benign,Friday,False,Normal
443,6,23/02/2018 10:03:42,119556119,30,38,2216,5219,493,0,73.8666666667,119.0131065901,1430,0,137.3421052632,319.5480995233,62.1883686271,0.5687705537,1784419.68656716,10033733.1660162,58944204,0,119556119,4122624.79310345,15084413.4308514,58944204,30,119493447,3229552.62162162,13417111.2201461,59005968,0,0,0,0,0,612,772,0.2509281854,0.3178423682,0,1430,107.7536231884,250.5345699873,62767.5707587383,0,0,0,1,0,0,0,0,1,109.3382352941,73.8666666667,137.3421052632,0,0,0,0,0,0,30,2216,38,5219,8192,197,16,20,1201985.5,1612638.33177576,2342293,61678,58544712.0,564967.004459553,58944204,58145220,Benign,Friday,False,Normal
443,6,23/02/2018 10:12:04,169337,2,2,1,31,1,0,0.5,0.7071067812,31,0,15.5,21.9203102168,188.9722860332,23.6215357541,56445.6666666667,51045.188023293,99696,141,169337,169337.0,0.0,169337,169337,99696,99696.0,0.0,99696,99696,0,0,0,0,40,40,11.8107678771,11.8107678771,0,31,6.6,13.6491757993,186.3,0,0,0,0,1,0,0,0,1,8.25,0.5,15.5,0,0,0,0,0,0,2,1,2,31,63832,64240,0,20,0.0,0.0,0,0,0.0,0.0,0,0,Benign,Friday,False,Normal
53,17,23/02/2018 10:25:20,1685,1,1,29,266,29,29,29.0,0.0,266,266,266.0,0.0,175074.183976261,1186.9436201781,1685.0,0.0,1685,1685,0,0.0,0.0,0,0,0,0.0,0.0,0,0,0,0,0,0,8,8,593.471810089,593.471810089,29,266,108.0,136.8320137979,18723.0,0,0,0,0,0,0,0,0,1,162.0,29.0,266.0,0,0,0,0,0,0,1,29,1,266,-1,-1,0,8,0.0,0.0,0,0,0.0,0.0,0,0,Benign,Friday,False,Normal
53,17,23/02/2018 11:47:10,402,1,1,44,60,44,44,44.0,0.0,60,60,60.0,0.0,258706.467661692,4975.1243781095,402.0,0.0,402,402,0,0.0,0.0,0,0,0,0.0,0.0,0,0,0,0,0,0,8,8,2487.5621890547,2487.5621890547,44,60,49.3333333333,9.237604307,85.3333333333,0,0,0,0,0,0,0,0,1,74.0,44.0,60.0,0,0,0,0,0,0,1,44,1,60,-1,-1,0,8,0.0,0.0,0,0,0.0,0.0,0,0,Benign,Friday,False,Normal
80,6,23/02/2018 12:46:45,6222976,4,4,97,231,97,0,24.25,48.5,231,0,57.75,115.5,52.7079005286,1.2855585495,888996.571428572,2324923.74346507,6161176,42,61800,20600.0,35410.077901637,61488,109,6222815,2074271.66666667,3592303.97505018,6222307,189,0,0,0,0,92,92,0.6427792747,0.6427792747,0,231,36.4444444444,79.6996096463,6352.0277777778,0,0,0,1,0,0,0,0,1,41.0,24.25,57.75,0,0,0,0,0,0,4,97,4,231,8192,141,1,20,0.0,0.0,0,0,0.0,0.0,0,0,Benign,Friday,False,Normal
80,6,23/02/2018 03:55:27,604,3,4,161,488,161,0,53.6666666667,92.9533933395,488,0,122.0,244.0,1074503.31125828,11589.4039735099,100.6666666667,69.901835932,162,0,292,146.0,66.4680374315,193,99,444,148.0,147.0102037275,294,0,0,0,0,0,72,92,4966.8874172186,6622.5165562914,0,488,81.125,173.7875858627,30202.125,0,0,0,1,0,0,0,0,1,92.7142857143,53.6666666667,122.0,0,0,0,0,0,0,3,161,4,488,8192,149,1,20,0.0,0.0,0,0,0.0,0.0,0,0,Benign,Friday,False,Normal
51469,6,23/02/2018 11:41:33,44,1,1,0,0,0,0,0.0,0.0,0,0,0.0,0.0,0.0,45454.5454545455,44.0,0.0,44,44,0,0.0,0.0,0,0,0,0.0,0.0,0,0,0,0,0,0,20,20,22727.2727272727,22727.2727272727,0,0,0.0,0.0,0.0,0,0,0,0,1,1,0,0,1,0.0,0.0,0.0,0,0,0,0,0,0,1,0,1,0,117,255,0,20,0.0,0.0,0,0,0.0,0.0,0,0,Benign,Friday,False,Normal
53,17,23/02/2018 05:17:57,267,1,1,45,61,45,45,45.0,0.0,61,61,61.0,0.0,397003.745318352,7490.6367041199,267.0,0.0,267,267,0,0.0,0.0,0,0,0,0.0,0.0,0,0,0,0,0,0,8,8,3745.3183520599,3745.3183520599,45,61,50.3333333333,9.237604307,85.3333333333,0,0,0,0,0,0,0,0,1,75.5,45.0,61.0,0,0,0,0,0,0,1,45,1,61,-1,-1,0,8,0.0,0.0,0,0,0.0,0.0,0,0,Benign,Friday,False,Normal
53,17,23/02/2018 10:39:41,18091,2,2,72,136,36,36,36.0,0.0,68,68,68.0,0.0,11497.4296611575,221.1044165607,6030.3333333333,9600.6236429377,17116,433,17658,17658.0,0.0,17658,17658,17549,17549.0,0.0,17549,17549,0,0,0,0,16,16,110.5522082804,110.5522082804,36,68,48.8,17.5271218402,307.2,0,0,0,0,0,0,0,0,1,61.0,36.0,68.0,0,0,0,0,0,0,2,72,2,136,-1,-1,1,8,0.0,0.0,0,0,0.0,0.0,0,0,Benign,Friday,False,Normal
3389,6,23/02/2018 02:17:25,4338153,10,7,1148,1581,677,0,114.8,210.0924664153,1173,0,225.8571428571,430.0986044197,629.0695602483,3.9187184039,271134.5625,415414.570254016,1533806,85,4338153,482017.0,531130.141816486,1533806,119,4112231,685371.833333333,647027.512568799,1883972,235784,0,0,0,0,212,152,2.3051284729,1.613589931,0,1173,151.6111111111,305.0826578234,93075.4281045752,0,0,1,1,0,0,0,1,0,160.5294117647,114.8,225.8571428571,0,0,0,0,0,0,10,1148,7,1581,8192,62852,5,20,0.0,0.0,0,0,0.0,0.0,0,0,Benign,Friday,False,Normal
53,17,23/02/2018 12:00:42,778,1,1,40,100,40,40,40.0,0.0,100,100,100.0,0.0,179948.586118252,2570.6940874036,778.0,0.0,778,778,0,0.0,0.0,0,0,0,0.0,0.0,0,0,0,0,0,0,8,8,1285.3470437018,1285.3470437018,40,100,60.0,34.6410161514,1200.0,0,0,0,0,0,0,0,0,1,90.0,40.0,100.0,0,0,0,0,0,0,1,40,1,100,-1,-1,0,8,0.0,0.0,0,0,0.0,0.0,0,0,Benign,Friday,False,Normal
3389,6,23/02/2018 03:15:22,2080167,10,7,1128,1581,661,0,112.8,205.1388689536,1173,0,225.8571428571,430.0986044197,1302.2992865477,8.172420772,130010.4375,231028.183844589,955925,62,2080167,231129.666666667,341168.888120678,1125967,62,1970704,328450.666666667,325838.829512792,955925,107499,0,0,0,0,212,152,4.8073063365,3.3651144355,0,1173,150.5,303.4372209516,92074.1470588235,0,0,1,1,0,0,0,1,0,159.3529411765,112.8,225.8571428571,0,0,0,0,0,0,10,1128,7,1581,8192,62872,5,20,0.0,0.0,0,0,0.0,0.0,0,0,Benign,Friday,False,Normal
53,17,23/02/2018 11:58:53,48368,2,2,64,242,32,32,32.0,0.0,121,121,121.0,0.0,6326.4968574264,82.6993053258,16122.6666666667,15384.4754325045,30645,1,30645,30645.0,0.0,30645,30645,1,1.0,0.0,1,1,0,0,0,0,16,16,41.3496526629,41.3496526629,32,121,67.6,48.747307618,2376.3,0,0,0,0,0,0,0,0,1,84.5,32.0,121.0,0,0,0,0,0,0,2,64,2,242,-1,-1,1,8,0.0,0.0,0,0,0.0,0.0,0,0,Benign,Friday,False,Normal
53,17,23/02/2018 10:19:56,654,1,1,40,103,40,40,40.0,0.0,103,103,103.0,0.0,218654.434250765,3058.1039755352,654.0,0.0,654,654,0,0.0,0.0,0,0,0,0.0,0.0,0,0,0,0,0,0,8,8,1529.0519877676,1529.0519877676,40,103,61.0,36.3730669589,1323.0,0,0,0,0,0,0,0,0,1,91.5,40.0,103.0,0,0,0,0,0,0,1,40,1,103,-1,-1,0,8,0.0,0.0,0,0,0.0,0.0,0,0,Benign,Friday,False,Normal
3389,6,23/02/2018 04:20:32,4204901,10,7,1144,1581,677,0,114.4,209.8969059112,1173,0,225.8571428571,430.0986044197,648.0533073192,4.0429013668,262806.3125,478715.854976863,1803218,3,4204901,467211.222222222,606961.17519364,1803218,3,4073342,678890.333333333,724732.327372987,1986490,132508,0,0,0,0,212,152,2.3781772746,1.6647240922,0,1173,151.3888888889,305.0398506056,93049.3104575164,0,0,1,1,0,0,0,1,0,160.2941176471,114.4,225.8571428571,0,0,0,0,0,0,10,1144,7,1581,8192,62856,5,20,0.0,0.0,0,0,0.0,0.0,0,0,Benign,Friday,False,Normal
3389,6,23/02/2018 03:13:04,2159409,9,9,1262,1640,661,0,140.2222222222,208.2581197563,1173,0,182.2222222222,382.6920360348,1343.8862207206,8.33561405,127024.058823529,232497.609689721,956107,3,2159409,269926.125,363319.231559102,1138005,3,2034590,254323.75,298540.28009909,956107,9266,0,0,0,0,192,204,4.167807025,4.167807025,0,1173,152.7368421053,293.5567032307,86175.5380116959,0,0,1,1,0,0,0,1,1,161.2222222222,140.2222222222,182.2222222222,0,0,0,0,0,0,9,1262,9,1640,8192,62872,6,20,0.0,0.0,0,0,0.0,0.0,0,0,Benign,Friday,False,Normal
80,6,23/02/2018 10:15:53,70,2,0,0,0,0,0,0.0,0.0,0,0,0.0,0.0,0.0,28571.4285714286,70.0,0.0,70,70,70,70.0,0.0,70,70,0,0.0,0.0,0,0,0,0,0,0,40,0,28571.4285714286,0.0,0,0,0.0,0.0,0.0,0,0,0,0,1,0,0,0,0,0.0,0.0,0.0,0,0,0,0,0,0,2,0,0,0,278,-1,0,20,0.0,0.0,0,0,0.0,0.0,0,0,Benign,Friday,False,Normal
50036,6,23/02/2018 10:31:38,0,2,0,0,0,0,0,0.0,0.0,0,0,0.0,0.0,788.1881481705,46.3644477415,0.0,0.0,0,0,0,0.0,0.0,0,0,0,0.0,0.0,0,0,0,0,0,0,40,0,0.0,0.0,0,0,0.0,0.0,0.0,0,0,0,0,1,0,0,0,0,0.0,0.0,0.0,0,0,0,0,0,0,2,0,0,0,180,-1,0,20,0.0,0.0,0,0,0.0,0.0,0,0,Benign,Friday,False,Normal
80,6,23/02/2018 11:25:00,125,2,0,0,0,0,0,0.0,0.0,0,0,0.0,0.0,0.0,16000.0,125.0,0.0,125,125,125,125.0,0.0,125,125,0,0.0,0.0,0,0,0,0,0,0,40,0,16000.0,0.0,0,0,0.0,0.0,0.0,0,0,0,0,1,0,0,0,0,0.0,0.0,0.0,0,0,0,0,0,0,2,0,0,0,256,-1,0,20,0.0,0.0,0,0,0.0,0.0,0,0,Benign,Friday,False,Normal
80,6,23/02/2018 12:20:20,797,3,4,161,488,161,0,53.6666666667,92.9533933395,488,0,122.0,244.0,814303.638644918,8782.9360100376,132.8333333333,92.6831520109,253,1,440,220.0,120.2081528017,305,135,544,181.3333333333,174.3454425367,349,1,0,0,0,0,72,92,3764.1154328733,5018.8205771644,0,488,81.125,173.7875858627,30202.125,0,0,0,1,0,0,0,0,1,92.7142857143,53.6666666667,122.0,0,0,0,0,0,0,3,161,4,488,8192,149,1,20,0.0,0.0,0,0,0.0,0.0,0,0,Benign,Friday,False,Normal
3389,6,23/02/2018 12:28:49,4673278,14,8,1440,1731,725,0,102.8571428571,191.1728405006,1179,0,216.375,405.4647906151,678.5387045239,4.7076163669,222537.047619048,249756.311842059,955416,20,4673278,359482.923076923,349309.856841425,1380640,15497,4657685,665383.571428571,240770.340403365,965266,383903,0,0,0,0,292,172,2.9957558699,1.7118604971,0,1179,137.8695652174,278.9101035276,77790.8458498024,0,0,1,1,0,0,0,1,0,144.1363636364,102.8571428571,216.375,0,0,0,0,0,0,14,1440,8,1731,8192,62560,7,20,0.0,0.0,0,0,0.0,0.0,0,0,Benign,Friday,False,Normal
3389,6,23/02/2018 12:39:37,3999655,13,9,1460,1731,741,0,112.3076923077,200.6391390097,1179,0,192.3333333333,386.0744746807,797.8188118725,5.5004744159,190459.761904762,246714.328038504,953124,93,3999655,333304.583333333,317708.304479685,1179245,82416,3971253,496406.625,339315.764178416,953124,124975,0,0,0,0,272,192,3.2502803367,2.2501940792,0,1179,138.7391304348,280.3960214656,78621.9288537549,0,0,1,1,0,0,0,1,0,145.0454545455,112.3076923077,192.3333333333,0,0,0,0,0,0,13,1460,9,1731,8192,64000,7,20,0.0,0.0,0,0,0.0,0.0,0,0,Benign,Friday,False,Normal
80,6,23/02/2018 12:58:02,54755784,2,0,0,0,0,0,0.0,0.0,0,0,0.0,0.0,0.0,0.0365258216,54755784.0,0.0,54755784,54755784,54755784,54755784.0,0.0,54755784,54755784,0,0.0,0.0,0,0,0,0,0,0,40,0,0.0365258216,0.0,0,0,0.0,0.0,0.0,0,0,0,0,1,0,0,0,0,0.0,0.0,0.0,0,0,0,0,0,0,2,0,0,0,279,-1,0,20,0.0,0.0,0,0,0.0,0.0,0,0,Benign,Friday,False,Normal
443,6,23/02/2018 01:10:22,71010,10,8,517,5888,199,0,51.7,81.7299754612,1460,0,736.0,709.8609521791,90198.563582594,253.4854245881,4177.0588235294,6810.715605487,16905,1,71010,7890.0,8746.2060632025,20621,22,53899,7699.8571428572,12706.7474257914,32758,1,0,0,0,0,212,172,140.8252358823,112.6601887058,0,1460,337.1052631579,567.0867947224,321587.432748538,0,0,0,1,0,0,0,0,0,355.8333333333,51.7,736.0,0,0,0,0,0,0,10,517,8,5888,8192,30,4,20,0.0,0.0,0,0,0.0,0.0,0,0,Benign,Friday,False,Normal
80,6,23/02/2018 01:26:02,55421081,2,0,0,0,0,0,0.0,0.0,0,0,0.0,0.0,0.0,0.0360873509,55421081.0,0.0,55421081,55421081,55421081,55421081.0,0.0,55421081,55421081,0,0.0,0.0,0,0,0,0,0,0,40,0,0.0360873509,0.0,0,0,0.0,0.0,0.0,0,0,0,0,1,0,0,0,0,0.0,0.0,0.0,0,0,0,0,0,0,2,0,0,0,279,-1,0,20,0.0,0.0,0,0,0.0,0.0,0,0,Benign,Friday,False,Normal
3389,6,23/02/2018 02:06:44,4609641,13,9,1439,1731,725,0,110.6923076923,196.6076399903,1179,0,192.3333333333,386.0744746807,687.6891280688,4.7726059361,219506.714285714,294058.936353096,953132,59,4609641,384136.75,361087.39971524,1172344,44474,4537214,567151.75,431962.516523218,1021022,151515,0,0,0,0,272,192,2.820176235,1.9524297011,0,1179,137.8260869565,278.9256421235,77799.5138339921,0,0,1,1,0,0,0,1,0,144.0909090909,110.6923076923,192.3333333333,0,0,0,0,0,0,13,1439,9,1731,8192,62561,7,20,0.0,0.0,0,0,0.0,0.0,0,0,Benign,Friday,False,Normal
80,6,23/02/2018 02:25:20,80,2,0,0,0,0,0,0.0,0.0,0,0,0.0,0.0,0.0,25000.0,80.0,0.0,80,80,80,80.0,0.0,80,80,0,0.0,0.0,0,0,0,0,0,0,40,0,25000.0,0.0,0,0,0.0,0.0,0.0,0,0,0,0,1,0,0,0,0,0.0,0.0,0.0,0,0,0,0,0,0,2,0,0,0,279,-1,0,20,0.0,0.0,0,0,0.0,0.0,0,0,Benign,Friday,False,Normal
3389,6,23/02/2018 03:51:53,4083388,13,8,1440,1731,725,0,110.7692307692,196.5787178402,1179,0,216.375,405.4647906151,776.5610321625,5.1427882925,204169.4,263286.784373878,937539,86,4083388,340282.333333333,355498.248499798,1249581,21396,3971884,567412.0,330019.652852675,1046528,168689,0,0,0,0,272,172,3.1836308477,1.9591574447,0,1179,144.1363636364,283.8113550959,80548.8852813853,0,0,1,1,0,0,0,1,0,151.0,110.7692307692,216.375,0,0,0,0,0,0,13,1440,8,1731,8192,62645,7,20,0.0,0.0,0,0,0.0,0.0,0,0,Benign,Friday,False,Normal
3389,6,23/02/2018 04:11:11,4164680,14,8,1460,1731,741,0,104.2857142857,195.0906805216,1179,0,216.375,405.4647906151,766.2053266998,5.2825187049,198318.095238095,251100.105640739,940613,63,4164680,320360.0,329144.408736753,1215607,21350,4141554,591650.571428572,323771.176359095,949987,150042,0,0,0,0,292,172,3.3616028122,1.9209158927,0,1179,138.7391304348,280.3960214656,78621.9288537549,0,0,1,1,0,0,0,1,0,145.0454545455,104.2857142857,216.375,0,0,0,0,0,0,14,1460,8,1731,8192,62625,7,20,0.0,0.0,0,0,0.0,0.0,0,0,Benign,Friday,False,Normal
3389,6,23/02/2018 05:13:57,3990446,15,8,1435,1731,725,0,95.6666666667,186.0559311707,1179,0,216.375,405.4647906151,793.3950240149,5.7637667569,181383.909090909,231622.345412673,937535,121,3990446,285031.857142857,302174.07339679,1172484,6162,3868433,552633.285714286,270285.575636655,937535,197486,0,0,0,0,312,172,3.7589783197,2.0047884372,0,1179,131.9166666667,274.2282319317,75201.1231884058,0,0,1,1,0,0,0,1,0,137.652173913,95.6666666667,216.375,0,0,0,0,0,0,15,1435,8,1731,8192,62650,7,20,0.0,0.0,0,0,0.0,0.0,0,0,Benign,Friday,False,Normal
34289,6,23/02/2018 03:19:46,86060262,2,0,0,0,0,0,0.0,0.0,0,0,0.0,0.0,0.0,0.0232395295,86060262.0,0.0,86060262,86060262,86060262,86060262.0,0.0,86060262,86060262,0,0.0,0.0,0,0,0,0,0,0,40,0,0.0232395295,0.0,0,0,0.0,0.0,0.0,0,0,0,0,1,0,0,0,0,0.0,0.0,0.0,0,0,0,0,0,0,2,0,0,0,62560,-1,0,20,0.0,0.0,0,0,86060262.0,0.0,86060262,86060262,Benign,Friday,False,Normal
53,17,23/02/2018 10:22:59,658,1,1,77,155,77,77,77.0,0.0,155,155,155.0,0.0,352583.58662614,3039.5136778116,658.0,0.0,658,658,0,0.0,0.0,0,0,0,0.0,0.0,0,0,0,0,0,0,8,8,1519.7568389058,1519.7568389058,77,155,103.0,45.0333209968,2028.0,0,0,0,0,0,0,0,0,1,154.5,77.0,155.0,0,0,0,0,0,0,1,77,1,155,-1,-1,0,8,0.0,0.0,0,0,0.0,0.0,0,0,Benign,Friday,False,Normal
53,17,23/02/2018 11:24:09,765,1,1,30,132,30,30,30.0,0.0,132,132,132.0,0.0,211764.705882353,2614.3790849673,765.0,0.0,765,765,0,0.0,0.0,0,0,0,0.0,0.0,0,0,0,0,0,0,8,8,1307.1895424837,1307.1895424837,30,132,64.0,58.8897274573,3468.0,0,0,0,0,0,0,0,0,1,96.0,30.0,132.0,0,0,0,0,0,0,1,30,1,132,-1,-1,0,8,0.0,0.0,0,0,0.0,0.0,0,0,Benign,Friday,False,Normal
22057,6,23/02/2018 03:42:26,86022657,2,0,0,0,0,0,0.0,0.0,0,0,0.0,0.0,0.0,0.0232496887,86022657.0,0.0,86022657,86022657,86022657,86022657.0,0.0,86022657,86022657,0,0.0,0.0,0,0,0,0,0,0,40,0,0.0232496887,0.0,0,0,0.0,0.0,0.0,0,0,0,0,1,0,0,0,0,0.0,0.0,0.0,0,0,0,0,0,0,2,0,0,0,62558,-1,0,20,0.0,0.0,0,0,86022657.0,0.0,86022657,86022657,Benign,Friday,False,Normal
53,17,23/02/2018 12:12:42,17974,1,1,35,119,35,35,35.0,0.0,119,119,119.0,0.0,8567.9314565484,111.271837098,17974.0,0.0,17974,17974,0,0.0,0.0,0,0,0,0.0,0.0,0,0,0,0,0,0,8,8,55.635918549,55.635918549,35,119,63.0,48.4974226119,2352.0,0,0,0,0,0,0,0,0,1,94.5,35.0,119.0,0,0,0,0,0,0,1,35,1,119,-1,-1,0,8,0.0,0.0,0,0,0.0,0.0,0,0,Benign,Friday,False,Normal
53,17,23/02/2018 01:28:21,337,1,1,36,52,36,36,36.0,0.0,52,52,52.0,0.0,261127.596439169,5934.7181008902,337.0,0.0,337,337,0,0.0,0.0,0,0,0,0.0,0.0,0,0,0,0,0,0,8,8,2967.3590504451,2967.3590504451,36,52,41.3333333333,9.237604307,85.3333333333,0,0,0,0,0,0,0,0,1,62.0,36.0,52.0,0,0,0,0,0,0,1,36,1,52,-1,-1,0,8,0.0,0.0,0,0,0.0,0.0,0,0,Benign,Friday,False,Normal
50759,6,23/02/2018 11:37:55,25,1,1,0,0,0,0,0.0,0.0,0,0,0.0,0.0,0.0,80000.0,25.0,0.0,25,25,0,0.0,0.0,0,0,0,0.0,0.0,0,0,0,0,0,0,20,20,40000.0,40000.0,0,0,0.0,0.0,0.0,0,0,0,0,1,1,0,0,1,0.0,0.0,0.0,0,0,0,0,0,0,1,0,1,0,180,253,0,20,0.0,0.0,0,0,0.0,0.0,0,0,Benign,Friday,False,Normal
1977,6,23/02/2018 11:49:26,86483990,2,0,0,0,0,0,0.0,0.0,0,0,0.0,0.0,0.0,0.0231256675,86483990.0,0.0,86483990,86483990,86483990,86483990.0,0.0,86483990,86483990,0,0.0,0.0,0,0,0,0,0,0,40,0,0.0231256675,0.0,0,0,0.0,0.0,0.0,0,0,0,0,1,0,0,0,0,0.0,0.0,0.0,0,0,0,0,0,0,2,0,0,0,62541,-1,0,20,0.0,0.0,0,0,86483990.0,0.0,86483990,86483990,Benign,Friday,False,Normal
36240,6,23/02/2018 01:40:02,85980203,2,0,0,0,0,0,0.0,0.0,0,0,0.0,0.0,0.0,0.0232611686,85980203.0,0.0,85980203,85980203,85980203,85980203.0,0.0,85980203,85980203,0,0.0,0.0,0,0,0,0,0,0,40,0,0.0232611686,0.0,0,0,0.0,0.0,0.0,0,0,0,0,1,0,0,0,0,0.0,0.0,0.0,0,0,0,0,0,0,2,0,0,0,62560,-1,0,20,0.0,0.0,0,0,85980203.0,0.0,85980203,85980203,Benign,Friday,False,Normal
443,6,23/02/2018 09:09:49,117648842,25,45,1114,53087,285,0,44.56,84.2298838497,1460,0,1179.7111111111,544.4466591379,460.7015171471,0.5949909817,1705055.68115942,9809159.62923112,58076571,0,117648842,4902035.08333333,16374443.9516904,58076571,154,117586716,2672425.36363636,12248969.705969,58206406,0,0,0,0,0,512,912,0.2124967792,0.3824942025,0,1460,763.3943661972,702.1708477261,493043.899396378,0,0,0,1,0,0,0,0,1,774.3,44.56,1179.7111111111,0,0,0,0,0,0,25,1114,45,53087,8192,66,8,20,732323.0,947634.809661401,1402402,62244,58060930.0,22119.7143290776,58076571,58045289,Benign,Friday,False,Normal
445,6,23/02/2018 01:03:38,209746,3,1,0,0,0,0,0.0,0.0,0,0,0.0,0.0,0.0,19.0706854958,69915.3333333334,120905.519685138,209525,90,209746,104873.0,148185.53970614,209656,90,0,0.0,0.0,0,0,0,0,0,0,72,32,14.3030141218,4.7676713739,0,0,0.0,0.0,0.0,0,0,0,1,0,0,0,0,0,0.0,0.0,0.0,0,0,0,0,0,0,3,0,1,0,8192,8192,0,20,0.0,0.0,0,0,0.0,0.0,0,0,Benign,Friday,False,Normal
80,6,23/02/2018 01:37:42,119354049,19,15,901,1942,445,0,47.4210526316,140.1060375372,971,0,129.4666666667,341.6616677915,23.8198873337,0.2848667497,3616789.36363636,4703839.28106586,10084249,36,119354049,6630780.5,4549040.04525944,10100727,213,113905360,8136097.14285714,3864115.02009067,10100727,3491,0,0,0,0,392,444,0.1591902425,0.1256765072,0,971,81.2285714286,245.5971217634,60317.9462184874,0,0,0,1,0,0,0,0,0,83.6176470588,47.4210526316,129.4666666667,0,0,0,0,0,0,19,901,15,1942,8192,127,13,20,337428.636363636,1064440.6672952,3546838,16410,10017599.0909091,33368.0013319782,10084249,9999108,Benign,Friday,False,Normal
80,6,23/02/2018 03:25:23,560,3,4,161,488,161,0,53.6666666667,92.9533933395,488,0,122.0,244.0,1158928.57142857,12500.0,93.3333333333,61.6495471732,154,0,293,146.5,61.5182899632,190,103,406,135.3333333333,137.0304102502,274,0,0,0,0,0,72,92,5357.1428571429,7142.8571428572,0,488,81.125,173.7875858627,30202.125,0,0,0,1,0,0,0,0,1,92.7142857143,53.6666666667,122.0,0,0,0,0,0,0,3,161,4,488,8192,149,1,20,0.0,0.0,0,0,0.0,0.0,0,0,Benign,Friday,False,Normal
80,6,23/02/2018 04:13:10,84,2,0,0,0,0,0,0.0,0.0,0,0,0.0,0.0,0.0,23809.5238095238,84.0,0.0,84,84,84,84.0,0.0,84,84,0,0.0,0.0,0,0,0,0,0,0,40,0,23809.5238095238,0.0,0,0,0.0,0.0,0.0,0,0,0,0,1,0,0,0,0,0.0,0.0,0.0,0,0,0,0,0,0,2,0,0,0,278,-1,0,20,0.0,0.0,0,0,0.0,0.0,0,0,Benign,Friday,False,Normal
53,17,23/02/2018 10:51:05,424,1,1,53,101,53,53,53.0,0.0,101,101,101.0,0.0,363207.547169811,4716.9811320755,424.0,0.0,424,424,0,0.0,0.0,0,0,0,0.0,0.0,0,0,0,0,0,0,8,8,2358.4905660377,2358.4905660377,53,101,69.0,27.7128129211,768.0,0,0,0,0,0,0,0,0,1,103.5,53.0,101.0,0,0,0,0,0,0,1,53,1,101,-1,-1,0,8,0.0,0.0,0,0,0.0,0.0,0,0,Benign,Friday,False,Normal
58919,6,23/02/2018 05:27:18,164,2,0,0,0,0,0,0.0,0.0,0,0,0.0,0.0,0.0,12195.1219512195,164.0,0.0,164,164,164,164.0,0.0,164,164,0,0.0,0.0,0,0,0,0,0,0,40,0,12195.1219512195,0.0,0,0,0.0,0.0,0.0,0,0,0,0,1,0,0,0,0,0.0,0.0,0.0,0,0,0,0,0,0,2,0,0,0,63964,-1,0,20,0.0,0.0,0,0,0.0,0.0,0,0,Benign,Friday,False,Normal
53,17,23/02/2018 10:44:19,269,1,1,41,105,41,41,41.0,0.0,105,105,105.0,0.0,542750.92936803,7434.9442379182,269.0,0.0,269,269,0,0.0,0.0,0,0,0,0.0,0.0,0,0,0,0,0,0,8,8,3717.4721189591,3717.4721189591,41,105,62.3333333333,36.9504172281,1365.3333333333,0,0,0,0,0,0,0,0,1,93.5,41.0,105.0,0,0,0,0,0,0,1,41,1,105,-1,-1,0,8,0.0,0.0,0,0,0.0,0.0,0,0,Benign,Friday,False,Normal
53,17,23/02/2018 08:42:16,418,1,1,47,63,47,47,47.0,0.0,63,63,63.0,0.0,263157.894736842,4784.6889952153,418.0,0.0,418,418,0,0.0,0.0,0,0,0,0.0,0.0,0,0,0,0,0,0,8,8,2392.3444976077,2392.3444976077,47,63,52.3333333333,9.237604307,85.3333333333,0,0,0,0,0,0,0,0,1,78.5,47.0,63.0,0,0,0,0,0,0,1,47,1,63,-1,-1,0,8,0.0,0.0,0,0,0.0,0.0,0,0,Benign,Friday,False,Normal
80,6,23/02/2018 09:27:14,118539941,23,23,4684,8528,1184,0,203.652173913,452.5556328127,1460,0,370.7826086957,572.107345023,111.4561040654,0.3880548582,2634220.91111111,4332706.21975307,10010271,9,118539941,5388179.13636364,4899012.80845892,10031106,142,112912884,5132403.81818182,5034147.49492691,10031144,17,0,0,0,0,472,604,0.1940274291,0.1940274291,0,1460,281.1063829787,513.0568759912,263227.35800185,0,0,0,1,0,0,0,0,1,287.2173913043,203.652173913,370.7826086957,0,0,0,0,0,0,23,4684,23,8528,8192,1391,15,20,255730.454545454,778223.186776308,2602161,20835,10009137.0,2812.5035822198,10010271,10000848,Benign,Friday,False,Normal
49963,6,23/02/2018 09:29:48,1,2,0,31,0,31,0,15.5,21.9203102168,0,0,0.0,0.0,31000000.0,2000000.0,1.0,0.0,1,1,1,1.0,0.0,1,1,0,0.0,0.0,0,0,1,0,0,0,40,0,2000000.0,0.0,0,31,20.6666666667,17.8978583449,320.3333333333,0,1,0,0,1,0,0,0,0,31.0,15.5,0.0,0,0,0,0,0,0,2,31,0,0,946,-1,0,20,0.0,0.0,0,0,0.0,0.0,0,0,Benign,Friday,False,Normal
443,6,23/02/2018 10:21:13,90544,9,7,557,3773,206,0,61.8888888889,88.3437100823,1460,0,539.0,655.4329358015,47822.0533663191,176.7096660187,6036.2666666667,11586.8341138101,44112,1,90544,11318.0,14432.7016182002,44112,21,34994,5832.3333333333,8828.9480158548,21897,1,0,0,0,0,192,152,99.3991871355,77.3104788832,0,1460,254.7058823529,474.6863128301,225327.095588235,0,0,0,1,0,0,0,0,0,270.625,61.8888888889,539.0,0,0,0,0,0,0,9,557,7,3773,8192,119,4,20,0.0,0.0,0,0,0.0,0.0,0,0,Benign,Friday,False,Normal
443,6,23/02/2018 11:20:51,81,2,0,0,0,0,0,0.0,0.0,0,0,0.0,0.0,0.0,24691.3580246914,81.0,0.0,81,81,81,81.0,0.0,81,81,0,0.0,0.0,0,0,0,0,0,0,40,0,24691.3580246914,0.0,0,0,0.0,0.0,0.0,0,0,0,0,1,0,0,0,0,0.0,0.0,0.0,0,0,0,0,0,0,2,0,0,0,255,-1,0,20,0.0,0.0,0,0,0.0,0.0,0,0,Benign,Friday,False,Normal
80,6,23/02/2018 11:50:14,875,3,4,161,488,161,0,53.6666666667,92.9533933395,488,0,122.0,244.0,741714.285714286,8000.0,145.8333333333,109.2564262031,336,30,517,258.5,187.3832970144,391,126,539,179.6666666667,170.3242006684,365,30,0,0,0,0,72,92,3428.5714285714,4571.4285714286,0,488,81.125,173.7875858627,30202.125,0,0,0,1,0,0,0,0,1,92.7142857143,53.6666666667,122.0,0,0,0,0,0,0,3,161,4,488,8192,149,1,20,0.0,0.0,0,0,0.0,0.0,0,0,Benign,Friday,False,Normal
443,6,23/02/2018 12:16:36,353,3,0,77,0,46,0,25.6666666667,23.4591844132,0,0,0.0,0.0,218130.311614731,8498.5835694051,176.5,214.2533546995,328,25,353,176.5,214.2533546995,328,25,0,0.0,0.0,0,0,1,0,0,0,60,0,8498.5835694051,0.0,0,46,30.75,21.6852484422,470.25,0,1,0,0,1,0,0,0,0,41.0,25.6666666667,0.0,0,0,0,0,0,0,3,77,0,0,253,-1,1,20,0.0,0.0,0,0,0.0,0.0,0,0,Benign,Friday,False,Normal
80,6,23/02/2018 12:17:35,87,2,0,0,0,0,0,0.0,0.0,0,0,0.0,0.0,0.0,22988.5057471264,87.0,0.0,87,87,87,87.0,0.0,87,87,0,0.0,0.0,0,0,0,0,0,0,40,0,22988.5057471264,0.0,0,0,0.0,0.0,0.0,0,0,0,0,1,0,0,0,0,0.0,0.0,0.0,0,0,0,0,0,0,2,0,0,0,278,-1,0,20,0.0,0.0,0,0,0.0,0.0,0,0,Benign,Friday,False,Normal
80,6,23/02/2018 01:07:10,86,2,0,0,0,0,0,0.0,0.0,0,0,0.0,0.0,0.0,23255.8139534884,86.0,0.0,86,86,86,86.0,0.0,86,86,0,0.0,0.0,0,0,0,0,0,0,40,0,23255.8139534884,0.0,0,0,0.0,0.0,0.0,0,0,0,0,1,0,0,0,0,0.0,0.0,0.0,0,0,0,0,0,0,2,0,0,0,278,-1,0,20,0.0,0.0,0,0,0.0,0.0,0,0,Benign,Friday,False,Normal
80,6,23/02/2018 03:05:16,5421391,4,4,97,231,97,0,24.25,48.5,231,0,57.75,115.5,60.5010780444,1.4756360499,774484.428571429,2021857.99835612,5359337,41,62054,20684.6666666667,35504.8156498993,61682,109,5421169,1807056.33333333,3129385.97262567,5420560,242,0,0,0,0,92,92,0.7378180249,0.7378180249,0,231,36.4444444444,79.6996096463,6352.0277777778,0,0,0,1,0,0,0,0,1,41.0,24.25,57.75,0,0,0,0,0,0,4,97,4,231,8192,141,1,20,0.0,0.0,0,0,0.0,0.0,0,0,Benign,Friday,False,Normal
3389,6,23/02/2018 05:26:36,1811954,10,8,1425,1727,725,0,142.5,215.0809924966,1175,0,215.875,404.1083438528,1739.5585097635,9.9340270228,106585.529411765,227137.684437798,953294,19,1811954,201328.222222222,356576.246324954,1136049,41,1811770,258824.285714286,306766.029948295,953294,132366,0,0,0,0,212,172,5.5189039015,4.4151231212,0,1175,165.8947368421,299.2993475021,89580.0994152047,0,0,1,1,0,0,0,1,0,175.1111111111,142.5,215.875,0,0,0,0,0,0,10,1425,8,1727,8192,62575,7,20,0.0,0.0,0,0,0.0,0.0,0,0,Benign,Friday,False,Normal
445,6,23/02/2018 09:09:36,720889,6,5,455,338,140,0,75.8333333333,62.9362110924,145,0,67.6,69.7588704037,1100.0306565921,15.2589372289,72088.9,92917.8995857813,180362,66,720784,144156.8,80537.7935052855,180461,88,720823,180205.75,519.347908439,180512,179429,0,0,0,0,132,112,8.3230566703,6.9358805586,0,145,66.0833333333,63.40269328,4019.9015151515,0,0,0,1,0,0,0,0,0,72.0909090909,75.8333333333,67.6,0,0,0,0,0,0,6,455,5,338,8192,0,4,20,0.0,0.0,0,0,0.0,0.0,0,0,Benign,Friday,False,Normal
47677,6,23/02/2018 10:35:37,86040659,2,0,0,0,0,0,0.0,0.0,0,0,0.0,0.0,0.0,0.0232448243,86040659.0,0.0,86040659,86040659,86040659,86040659.0,0.0,86040659,86040659,0,0.0,0.0,0,0,0,0,0,0,40,0,0.0232448243,0.0,0,0,0.0,0.0,0.0,0,0,0,0,1,0,0,0,0,0.0,0.0,0.0,0,0,0,0,0,0,2,0,0,0,62541,-1,0,20,0.0,0.0,0,0,86040659.0,0.0,86040659,86040659,Benign,Friday,False,Normal
2521,6,23/02/2018 10:16:02,86256848,2,0,0,0,0,0,0.0,0.0,0,0,0.0,0.0,0.0,0.0231865649,86256848.0,0.0,86256848,86256848,86256848,86256848.0,0.0,86256848,86256848,0,0.0,0.0,0,0,0,0,0,0,40,0,0.0231865649,0.0,0,0,0.0,0.0,0.0,0,0,0,0,1,0,0,0,0,0.0,0.0,0.0,0,0,0,0,0,0,2,0,0,0,62561,-1,0,20,0.0,0.0,0,0,86256848.0,0.0,86256848,86256848,Benign,Friday,False,Normal
5355,17,23/02/2018 02:19:12,419632,2,0,44,0,22,22,22.0,0.0,0,0,0.0,0.0,104.8537766424,4.7660807565,419632.0,0.0,419632,419632,419632,419632.0,0.0,419632,419632,0,0.0,0.0,0,0,0,0,0,0,16,0,4.7660807565,0.0,22,22,22.0,0.0,0.0,0,0,0,0,0,0,0,0,0,33.0,22.0,0.0,0,0,0,0,0,0,2,44,0,0,-1,-1,1,8,0.0,0.0,0,0,0.0,0.0,0,0,Benign,Friday,False,Normal
50711,6,23/02/2018 12:57:56,152,2,0,0,0,0,0,0.0,0.0,0,0,0.0,0.0,0.0,13157.8947368421,152.0,0.0,152,152,152,152.0,0.0,152,152,0,0.0,0.0,0,0,0,0,0,0,40,0,13157.8947368421,0.0,0,0,0.0,0.0,0.0,0,0,0,0,1,0,0,0,0,0.0,0.0,0.0,0,0,0,0,0,0,2,0,0,0,255,-1,0,20,0.0,0.0,0,0,0.0,0.0,0,0,Benign,Friday,False,Normal
3389,6,23/02/2018 02:23:33,2265328,8,7,1132,1581,661,0,141.5,222.792023453,1173,0,225.8571428571,430.0986044197,1197.6190644357,6.6215576729,161809.142857143,251236.568986853,937475,89,2265328,323618.285714286,439165.673405346,1291326,150,1975724,329287.333333333,308132.844606132,937475,152425,0,0,0,0,168,148,3.5314974255,3.0900602473,0,1173,169.5625,317.7627980638,100973.195833333,0,0,0,1,0,0,0,0,0,180.8666666667,141.5,225.8571428571,0,0,0,0,0,0,8,1132,7,1581,8192,62868,5,20,0.0,0.0,0,0,0.0,0.0,0,0,Benign,Friday,False,Normal
42741,6,23/02/2018 11:02:58,86220224,2,0,0,0,0,0,0.0,0.0,0,0,0.0,0.0,0.0,0.0231964139,86220224.0,0.0,86220224,86220224,86220224,86220224.0,0.0,86220224,86220224,0,0.0,0.0,0,0,0,0,0,0,40,0,0.0231964139,0.0,0,0,0.0,0.0,0.0,0,0,0,0,1,0,0,0,0,0.0,0.0,0.0,0,0,0,0,0,0,2,0,0,0,62560,-1,0,20,0.0,0.0,0,0,86220224.0,0.0,86220224,86220224,Benign,Friday,False,Normal
53,17,23/02/2018 09:29:41,14590,1,1,36,143,36,36,36.0,0.0,143,143,143.0,0.0,12268.677176148,137.0801919123,14590.0,0.0,14590,14590,0,0.0,0.0,0,0,0,0.0,0.0,0,0,0,0,0,0,8,8,68.5400959561,68.5400959561,36,143,71.6666666667,61.7764788033,3816.3333333333,0,0,0,0,0,0,0,0,1,107.5,36.0,143.0,0,0,0,0,0,0,1,36,1,143,-1,-1,0,8,0.0,0.0,0,0,0.0,0.0,0,0,Benign,Friday,False,Normal
53,17,23/02/2018 11:32:55,67246,2,2,64,242,32,32,32.0,0.0,121,121,121.0,0.0,4550.4565327306,59.4830919311,22415.3333333333,20549.6993246454,40369,2,40369,40369.0,0.0,40369,40369,2,2.0,0.0,2,2,0,0,0,0,16,16,29.7415459656,29.7415459656,32,121,67.6,48.747307618,2376.3,0,0,0,0,0,0,0,0,1,84.5,32.0,121.0,0,0,0,0,0,0,2,64,2,242,-1,-1,1,8,0.0,0.0,0,0,0.0,0.0,0,0,Benign,Friday,False,Normal
80,6,23/02/2018 09:16:29,80,2,0,0,0,0,0,0.0,0.0,0,0,0.0,0.0,0.0,25000.0,80.0,0.0,80,80,80,80.0,0.0,80,80,0,0.0,0.0,0,0,0,0,0,0,40,0,25000.0,0.0,0,0,0.0,0.0,0.0,0,0,0,0,1,0,0,0,0,0.0,0.0,0.0,0,0,0,0,0,0,2,0,0,0,278,-1,0,20,0.0,0.0,0,0,0.0,0.0,0,0,Benign,Friday,False,Normal
445,6,23/02/2018 11:46:47,121294,3,1,0,0,0,0,0.0,0.0,0,0,0.0,0.0,0.0,32.9777235477,40431.3333333333,69971.9731916525,121228,1,121294,60647.0,85766.3957036787,121293,1,0,0.0,0.0,0,0,0,0,0,0,72,32,24.7332926608,8.2444308869,0,0,0.0,0.0,0.0,0,0,0,1,0,0,0,0,0,0.0,0.0,0.0,0,0,0,0,0,0,3,0,1,0,8192,8192,0,20,0.0,0.0,0,0,0.0,0.0,0,0,Benign,Friday,False,Normal
80,6,23/02/2018 01:36:33,5778865,3,1,0,0,0,0,0.0,0.0,0,0,0.0,0.0,0.0,0.6921774431,1926288.33333333,3326636.62891551,5767552,58,5778865,2889432.5,4070275.63103047,5767552,11313,0,0.0,0.0,0,0,0,0,0,0,72,32,0.5191330824,0.1730443608,0,0,0.0,0.0,0.0,0,0,0,1,0,0,0,0,0,0.0,0.0,0.0,0,0,0,0,0,0,3,0,1,0,8192,65535,0,20,0.0,0.0,0,0,0.0,0.0,0,0,Benign,Friday,False,Normal
80,6,23/02/2018 01:41:53,551,2,0,0,0,0,0,0.0,0.0,0,0,0.0,0.0,0.0,3629.7640653358,551.0,0.0,551,551,551,551.0,0.0,551,551,0,0.0,0.0,0,0,0,0,0,0,40,0,3629.7640653358,0.0,0,0,0.0,0.0,0.0,0,0,0,0,1,0,0,0,0,0.0,0.0,0.0,0,0,0,0,0,0,2,0,0,0,253,-1,0,20,0.0,0.0,0,0,0.0,0.0,0,0,Benign,Friday,False,Normal
51551,6,23/02/2018 01:44:54,1,3,0,77,0,46,0,25.6666666667,23.4591844132,0,0,0.0,0.0,77000000.0,3000000.0,0.5,0.7071067812,1,0,1,0.5,0.7071067812,1,0,0,0.0,0.0,0,0,1,0,0,0,60,0,3000000.0,0.0,0,46,30.75,21.6852484422,470.25,0,1,0,0,1,0,0,0,0,41.0,25.6666666667,0.0,0,0,0,0,0,0,3,77,0,0,134,-1,1,20,0.0,0.0,0,0,0.0,0.0,0,0,Benign,Friday,False,Normal
80,6,23/02/2018 03:48:50,1330,3,4,148,243,148,0,49.3333333333,85.4478398401,243,0,60.75,121.5,293984.962406015,5263.1578947369,221.6666666667,200.0176658865,567,1,887,443.5,174.6553749531,567,320,1062,354.0,418.2905688633,816,1,0,0,0,0,72,92,2255.6390977444,3007.5187969925,0,243,48.875,93.9930658537,8834.6964285714,0,0,0,1,0,0,0,0,1,55.8571428571,49.3333333333,60.75,0,0,0,0,0,0,3,148,4,243,8192,149,1,20,0.0,0.0,0,0,0.0,0.0,0,0,Benign,Friday,False,Normal
80,6,23/02/2018 05:05:05,71,2,0,0,0,0,0,0.0,0.0,0,0,0.0,0.0,0.0,28169.014084507,71.0,0.0,71,71,71,71.0,0.0,71,71,0,0.0,0.0,0,0,0,0,0,0,40,0,28169.014084507,0.0,0,0,0.0,0.0,0.0,0,0,0,0,1,0,0,0,0,0.0,0.0,0.0,0,0,0,0,0,0,2,0,0,0,278,-1,0,20,0.0,0.0,0,0,0.0,0.0,0,0,Benign,Friday,False,Normal
443,6,23/02/2018 04:05:13,6484742,10,13,1875,6501,677,0,187.5,278.6229032621,1460,0,500.0769230769,663.8186827664,1291.6473777985,3.5467872122,294761.0,1316982.37474242,6190514,1,294228,32692.0,32593.1192585183,101594,382,6463815,538651.25,1805274.13262308,6270725,1,0,0,0,0,212,268,1.5420813966,2.0047058156,0,1460,349.0,538.3500558268,289820.782608696,0,0,0,1,0,0,0,0,1,364.1739130435,187.5,500.0769230769,0,0,0,0,0,0,10,1875,13,6501,8192,6255,4,20,294228.0,0.0,294228,294228,6190514.0,0.0,6190514,6190514,Benign,Friday,False,Normal
53,17,23/02/2018 01:10:48,1058,1,1,31,63,31,31,31.0,0.0,63,63,63.0,0.0,88846.8809073724,1890.359168242,1058.0,0.0,1058,1058,0,0.0,0.0,0,0,0,0.0,0.0,0,0,0,0,0,0,8,8,945.179584121,945.179584121,31,63,41.6666666667,18.4752086141,341.3333333333,0,0,0,0,0,0,0,0,1,62.5,31.0,63.0,0,0,0,0,0,0,1,31,1,63,-1,-1,0,8,0.0,0.0,0,0,0.0,0.0,0,0,Benign,Friday,False,Normal
53,17,23/02/2018 09:27:13,132081,2,2,66,254,33,33,33.0,0.0,127,127,127.0,0.0,2422.7557332243,30.2844466653,44027.0,39411.8884094635,76019,1,56061,56061.0,0.0,56061,56061,1,1.0,0.0,1,1,0,0,0,0,16,16,15.1422233327,15.1422233327,33,127,70.6,51.4859204055,2650.8,0,0,0,0,0,0,0,0,1,88.25,33.0,127.0,0,0,0,0,0,0,2,66,2,254,-1,-1,1,8,0.0,0.0,0,0,0.0,0.0,0,0,Benign,Friday,False,Normal
53,17,23/02/2018 03:51:32,581,1,1,35,51,35,35,35.0,0.0,51,51,51.0,0.0,148020.65404475,3442.3407917384,581.0,0.0,581,581,0,0.0,0.0,0,0,0,0.0,0.0,0,0,0,0,0,0,8,8,1721.1703958692,1721.1703958692,35,51,40.3333333333,9.237604307,85.3333333333,0,0,0,0,0,0,0,0,1,60.5,35.0,51.0,0,0,0,0,0,0,1,35,1,51,-1,-1,0,8,0.0,0.0,0,0,0.0,0.0,0,0,Benign,Friday,False,Normal
53,17,23/02/2018 01:58:13,33924,2,2,80,150,40,40,40.0,0.0,75,75,75.0,0.0,6779.860865464,117.9106237472,11308.0,9931.7736079715,18621,1,18621,18621.0,0.0,18621,18621,1,1.0,0.0,1,1,0,0,0,0,16,16,58.9553118736,58.9553118736,40,75,54.0,19.1702895127,367.5,0,0,0,0,0,0,0,0,1,67.5,40.0,75.0,0,0,0,0,0,0,2,80,2,150,-1,-1,1,8,0.0,0.0,0,0,0.0,0.0,0,0,Benign,Friday,False,Normal
53,17,23/02/2018 03:38:02,263,1,1,42,58,42,42,42.0,0.0,58,58,58.0,0.0,380228.136882129,7604.5627376426,263.0,0.0,263,263,0,0.0,0.0,0,0,0,0.0,0.0,0,0,0,0,0,0,8,8,3802.2813688213,3802.2813688213,42,58,47.3333333333,9.237604307,85.3333333333,0,0,0,0,0,0,0,0,1,71.0,42.0,58.0,0,0,0,0,0,0,1,42,1,58,-1,-1,0,8,0.0,0.0,0,0,0.0,0.0,0,0,Benign,Friday,False,Normal
53,17,23/02/2018 12:31:45,52043,2,2,54,178,27,27,27.0,0.0,89,89,89.0,0.0,4457.8521607133,76.8595200123,17347.6666666667,28946.149559714,50770,336,51707,51707.0,0.0,51707,51707,51106,51106.0,0.0,51106,51106,0,0,0,0,16,16,38.4297600061,38.4297600061,27,89,51.8,33.9587985653,1153.2,0,0,0,0,0,0,0,0,1,64.75,27.0,89.0,0,0,0,0,0,0,2,54,2,178,-1,-1,1,8,0.0,0.0,0,0,0.0,0.0,0,0,Benign,Friday,False,Normal
53,17,23/02/2018 03:51:32,27148,1,1,40,101,40,40,40.0,0.0,101,101,101.0,0.0,5193.7527626345,73.6702519523,27148.0,0.0,27148,27148,0,0.0,0.0,0,0,0,0.0,0.0,0,0,0,0,0,0,8,8,36.8351259761,36.8351259761,40,101,60.3333333333,35.2183664206,1240.3333333333,0,0,0,0,0,0,0,0,1,90.5,40.0,101.0,0,0,0,0,0,0,1,40,1,101,-1,-1,0,8,0.0,0.0,0,0,0.0,0.0,0,0,Benign,Friday,False,Normal
53,17,23/02/2018 11:55:42,36858,2,2,90,212,45,45,45.0,0.0,106,106,106.0,0.0,8193.6079005915,108.5246079549,12286.0,11948.6672478566,24271,374,36484,36484.0,0.0,36484,36484,24645,24645.0,0.0,24645,24645,0,0,0,0,16,16,54.2623039774,54.2623039774,45,106,69.4,33.4110760078,1116.3,0,0,0,0,0,0,0,0,1,86.75,45.0,106.0,0,0,0,0,0,0,2,90,2,212,-1,-1,1,8,0.0,0.0,0,0,0.0,0.0,0,0,Benign,Friday,False,Normal
53,17,23/02/2018 11:56:43,1393,1,1,30,133,30,30,30.0,0.0,133,133,133.0,0.0,117013.639626705,1435.7501794688,1393.0,0.0,1393,1393,0,0.0,0.0,0,0,0,0.0,0.0,0,0,0,0,0,0,8,8,717.8750897344,717.8750897344,30,133,64.3333333333,59.4670777265,3536.3333333333,0,0,0,0,0,0,0,0,1,96.5,30.0,133.0,0,0,0,0,0,0,1,30,1,133,-1,-1,0,8,0.0,0.0,0,0,0.0,0.0,0,0,Benign,Friday,False,Normal
443,6,23/02/2018 09:57:18,896,3,0,77,0,46,0,25.6666666667,23.4591844132,0,0,0.0,0.0,85937.5,3348.2142857143,448.0,608.1118318204,878,18,896,448.0,608.1118318204,878,18,0,0.0,0.0,0,0,1,0,0,0,60,0,3348.2142857143,0.0,0,46,30.75,21.6852484422,470.25,0,1,0,0,1,0,0,0,0,41.0,25.6666666667,0.0,0,0,0,0,0,0,3,77,0,0,256,-1,1,20,0.0,0.0,0,0,0.0,0.0,0,0,Benign,Friday,False,Normal
50473,6,23/02/2018 10:48:21,24033,3,1,327,0,258,0,109.0,133.5702062587,0,0,0.0,0.0,13606.2913493946,166.4378146715,8011.0,13852.0819734797,24006,1,24033,12016.5,16992.4830586939,24032,1,0,0.0,0.0,0,0,1,0,0,0,60,20,124.8283610036,41.6094536679,0,258,117.0,131.761147536,17361.0,0,1,0,0,1,0,0,0,0,146.25,109.0,0.0,0,0,0,0,0,0,3,327,1,0,237,0,1,20,0.0,0.0,0,0,0.0,0.0,0,0,Benign,Friday,False,Normal
80,6,23/02/2018 11:06:20,54030095,2,0,0,0,0,0,0.0,0.0,0,0,0.0,0.0,0.0,0.0370164072,54030095.0,0.0,54030095,54030095,54030095,54030095.0,0.0,54030095,54030095,0,0.0,0.0,0,0,0,0,0,0,40,0,0.0370164072,0.0,0,0,0.0,0.0,0.0,0,0,0,0,1,0,0,0,0,0.0,0.0,0.0,0,0,0,0,0,0,2,0,0,0,279,-1,0,20,0.0,0.0,0,0,0.0,0.0,0,0,Benign,Friday,False,Normal
443,6,23/02/2018 01:29:33,10142206,6,11,315,6044,189,0,52.5,83.737088557,1460,0,549.4545454545,691.6729521438,626.9839125729,1.676163943,633887.875,2497690.18269427,10000014,1,142191,28438.2,36980.6100504034,93455,427,10125826,1012582.6,3157940.32906366,10000034,1,0,0,0,0,132,224,0.591587274,1.084576669,0,1460,353.2777777778,589.6220928852,347654.212418301,0,0,0,1,0,0,0,0,1,374.0588235294,52.5,549.4545454545,0,0,0,0,0,0,6,315,11,6044,8192,46720,2,20,142191.0,0.0,142191,142191,10000014.0,0.0,10000014,10000014,Benign,Friday,False,Normal
53,17,23/02/2018 10:16:52,290,1,1,32,128,32,32,32.0,0.0,128,128,128.0,0.0,551724.137931034,6896.5517241379,290.0,0.0,290,290,0,0.0,0.0,0,0,0,0.0,0.0,0,0,0,0,0,0,8,8,3448.275862069,3448.275862069,32,128,64.0,55.4256258422,3072.0,0,0,0,0,0,0,0,0,1,96.0,32.0,128.0,0,0,0,0,0,0,1,32,1,128,-1,-1,0,8,0.0,0.0,0,0,0.0,0.0,0,0,Benign,Friday,False,Normal
80,6,23/02/2018 04:42:30,854,3,4,161,488,161,0,53.6666666667,92.9533933395,488,0,122.0,244.0,759953.161592506,8196.7213114754,142.3333333333,104.3717714072,300,1,506,253.0,147.0782104868,357,149,554,184.6666666667,182.5111868717,366,1,0,0,0,0,72,92,3512.8805620609,4683.8407494145,0,488,81.125,173.7875858627,30202.125,0,0,0,1,0,0,0,0,1,92.7142857143,53.6666666667,122.0,0,0,0,0,0,0,3,161,4,488,8192,149,1,20,0.0,0.0,0,0,0.0,0.0,0,0,Benign,Friday,False,Normal
1995,6,23/02/2018 10:31:41,32,2,0,0,0,0,0,0.0,0.0,0,0,0.0,0.0,0.0,62500.0,32.0,0.0,32,32,32,32.0,0.0,32,32,0,0.0,0.0,0,0,0,0,0,0,40,0,62500.0,0.0,0,0,0.0,0.0,0.0,0,0,0,0,1,0,0,0,0,0.0,0.0,0.0,0,0,0,0,0,0,2,0,0,0,256,-1,0,20,0.0,0.0,0,0,0.0,0.0,0,0,Benign,Friday,False,Normal
49918,6,23/02/2018 09:36:21,4959261,2,0,0,0,0,0,0.0,0.0,0,0,0.0,0.0,0.0,0.4032858928,4959261.0,0.0,4959261,4959261,4959261,4959261.0,0.0,4959261,4959261,0,0.0,0.0,0,0,0,0,0,0,40,0,0.4032858928,0.0,0,0,0.0,0.0,0.0,0,0,0,0,1,0,0,0,0,0.0,0.0,0.0,0,0,0,0,0,0,2,0,0,0,237,-1,0,20,0.0,0.0,0,0,0.0,0.0,0,0,Benign,Friday,False,Normal
53,17,23/02/2018 01:29:33,97949,2,2,60,264,30,30,30.0,0.0,132,132,132.0,0.0,3307.8438779365,40.83757874,32649.6666666667,29868.2976470594,59594,533,97416,97416.0,0.0,97416,97416,38355,38355.0,0.0,38355,38355,0,0,0,0,16,16,20.41878937,20.41878937,30,132,70.8,55.8677008655,3121.2,0,0,0,0,0,0,0,0,1,88.5,30.0,132.0,0,0,0,0,0,0,2,60,2,264,-1,-1,1,8,0.0,0.0,0,0,0.0,0.0,0,0,Benign,Friday,False,Normal
49502,6,23/02/2018 08:25:03,27805,2,1,0,0,0,0,0.0,0.0,0,0,0.0,0.0,0.0,107.8942636217,13902.5,19628.5771389574,27782,23,27805,27805.0,0.0,27805,27805,0,0.0,0.0,0,0,0,0,0,0,40,20,71.9295090811,35.9647545406,0,0,0.0,0.0,0.0,0,0,0,0,1,1,0,0,0,0.0,0.0,0.0,0,0,0,0,0,0,2,0,1,0,1024,255,0,20,0.0,0.0,0,0,0.0,0.0,0,0,Benign,Friday,False,Normal
50337,6,23/02/2018 10:41:19,36,1,1,0,0,0,0,0.0,0.0,0,0,0.0,0.0,0.0,55555.5555555556,36.0,0.0,36,36,0,0.0,0.0,0,0,0,0.0,0.0,0,0,0,0,0,0,20,20,27777.7777777778,27777.7777777778,0,0,0.0,0.0,0.0,0,0,0,0,1,1,0,0,1,0.0,0.0,0.0,0,0,0,0,0,0,1,0,1,0,288,256,0,20,0.0,0.0,0,0,0.0,0.0,0,0,Benign,Friday,False,Normal
53,17,23/02/2018 10:30:20,196399,2,2,78,110,39,39,39.0,0.0,55,55,55.0,0.0,957.2350164716,20.3667024781,65466.3333333333,73330.2676684964,144707,0,51692,51692.0,0.0,51692,51692,0,0.0,0.0,0,0,0,0,0,0,16,16,10.1833512391,10.1833512391,39,55,45.4,8.7635609201,76.8,0,0,0,0,0,0,0,0,1,56.75,39.0,55.0,0,0,0,0,0,0,2,78,2,110,-1,-1,1,8,0.0,0.0,0,0,0.0,0.0,0,0,Benign,Friday,False,Normal
53,17,23/02/2018 01:13:15,341,1,1,43,59,43,43,43.0,0.0,59,59,59.0,0.0,299120.234604106,5865.1026392962,341.0,0.0,341,341,0,0.0,0.0,0,0,0,0.0,0.0,0,0,0,0,0,0,8,8,2932.5513196481,2932.5513196481,43,59,48.3333333333,9.237604307,85.3333333333,0,0,0,0,0,0,0,0,1,72.5,43.0,59.0,0,0,0,0,0,0,1,43,1,59,-1,-1,0,8,0.0,0.0,0,0,0.0,0.0,0,0,Benign,Friday,False,Normal
443,6,23/02/2018 08:15:24,116426712,57,91,2805,108864,741,0,49.2105263158,171.2558379445,1460,0,1196.3076923077,549.7679246193,959.1355633233,1.2711859457,792018.448979592,2673024.44499555,10068520,1,116426712,2079048.42857143,4045470.26296784,10100784,19,111828147,1242534.96666667,3324742.32458238,10119760,1,0,0,0,0,1152,1964,0.489578371,0.7816075747,0,1460,749.4563758389,714.3616549743,510312.574097588,0,0,0,1,0,0,0,0,1,754.5202702703,49.2105263158,1196.3076923077,0,0,0,0,0,0,57,2805,91,108864,8192,1119,17,20,101151.818181818,228620.319215864,790468,32154,10065029.3636364,9026.2155111958,10068520,10037839,Benign,Friday,False,Normal
443,6,23/02/2018 08:15:31,116006083,22,22,1224,11090,860,0,55.6363636364,186.0318829445,1460,0,504.0909090909,674.0215419117,106.1496059651,0.379290455,2697815.88372093,4425286.38141867,10068552,1,116006083,5524099.19047619,5007058.83908108,10100783,16,111301544,5300073.52380952,5160144.43777962,10116127,1,0,0,0,0,452,584,0.1896452275,0.1896452275,0,1460,273.6444444444,534.1939618611,285363.188888889,0,0,0,1,0,0,0,0,1,279.8636363636,55.6363636364,504.0909090909,0,0,0,0,0,0,22,1224,22,11090,8192,1000,15,20,56713.1818181818,81300.0701079872,301842,32101,10061592.5454545,20506.1184545668,10068552,9999776,Benign,Friday,False,Normal
50455,6,23/02/2018 09:27:23,96262,3,1,107,0,69,0,35.6666666667,34.5591280754,0,0,0.0,0.0,1111.549728865,41.5532608921,32087.3333333333,51808.0408463139,91857,20,96262,48131.0,61837.902228326,91857,4405,0,0.0,0.0,0,0,1,0,0,0,60,20,31.1649456691,10.388315223,0,69,35.2,34.5354889932,1192.7,0,1,0,0,1,0,0,0,0,44.0,35.6666666667,0.0,0,0,0,0,0,0,3,107,1,0,172,0,1,20,0.0,0.0,0,0,0.0,0.0,0,0,Benign,Friday,False,Normal
80,6,23/02/2018 09:36:11,6497806,4,4,97,231,97,0,24.25,48.5,231,0,57.75,115.5,50.4785769227,1.231184803,928258.0,2428776.37204039,6435964,52,61842,20614.0,35436.9214379579,61533,110,6497659,2165886.33333333,3750927.20817325,6497084,273,0,0,0,0,92,92,0.6155924015,0.6155924015,0,231,36.4444444444,79.6996096463,6352.0277777778,0,0,0,1,0,0,0,0,1,41.0,24.25,57.75,0,0,0,0,0,0,4,97,4,231,8192,141,1,20,0.0,0.0,0,0,0.0,0.0,0,0,Benign,Friday,False,Normal
80,6,23/02/2018 10:15:40,38855,6,8,249,7967,249,0,41.5,101.6538243255,1460,0,995.875,672.81422558,211452.837472655,360.3139879037,2988.8461538462,7146.5413644895,19091,1,38855,7771.0,10588.9556378332,19617,14,19759,2822.7142857143,7221.0102182055,19194,1,0,0,0,0,132,172,154.4202805302,205.8937073736,0,1460,547.7333333333,689.9644366266,476050.923809524,0,0,0,1,0,0,0,0,1,586.8571428571,41.5,995.875,0,0,0,0,0,0,6,249,8,7967,8192,237,1,20,0.0,0.0,0,0,0.0,0.0,0,0,Benign,Friday,False,Normal
443,6,23/02/2018 10:34:57,61030284,14,13,1493,3908,1171,0,106.6428571429,311.8659986259,1460,0,300.6153846154,554.134691578,88.4970484489,0.4424033157,2347318.61538461,4288549.40747712,10088999,1,61030284,4694637.23076923,5145609.41318158,10100763,5589,61018395,5084866.25,5193778.84702702,10100750,1,0,0,0,0,292,332,0.2293943118,0.2130090039,0,1460,192.8928571429,440.5962575525,194125.062169312,0,0,0,1,0,0,0,0,0,200.037037037,106.6428571429,300.6153846154,0,0,0,0,0,0,14,1493,13,3908,8192,119,8,20,149236.666666667,336674.697632398,836471,11747,10022449.6666667,70868.0016556603,10088999,9899817,Benign,Friday,False,Normal
80,6,23/02/2018 11:01:52,402,2,0,0,0,0,0,0.0,0.0,0,0,0.0,0.0,0.0,4975.1243781095,402.0,0.0,402,402,402,402.0,0.0,402,402,0,0.0,0.0,0,0,0,0,0,0,40,0,4975.1243781095,0.0,0,0,0.0,0.0,0.0,0,0,0,0,1,0,0,0,0,0.0,0.0,0.0,0,0,0,0,0,0,2,0,0,0,253,-1,0,20,0.0,0.0,0,0,0.0,0.0,0,0,Benign,Friday,False,Normal
443,6,23/02/2018 12:13:52,117359681,16,15,903,5084,289,0,56.4375,88.7693406156,1460,0,338.9333333333,524.6004556758,51.0141127599,0.2641452306,3911989.36666667,14838929.3741414,58983146,1,117359681,7823978.73333333,20574804.8474993,58983146,35,117281997,8377285.5,21256565.5543848,59006240,1,0,0,0,0,332,312,0.1363330222,0.1278122084,0,1460,187.09375,386.2578412922,149195.119959677,0,0,0,1,0,0,0,0,0,193.1290322581,56.4375,338.9333333333,0,0,0,0,0,0,16,903,15,5084,8192,127,7,20,142044.0,90966.4589725246,206367,77721,58498925.0,684791.905385862,58983146,58014704,Benign,Friday,False,Normal
52404,6,23/02/2018 01:09:45,66,2,0,53,0,53,0,26.5,37.4766594029,0,0,0.0,0.0,803030.303030303,30303.0303030303,66.0,0.0,66,66,66,66.0,0.0,66,66,0,0.0,0.0,0,0,0,0,0,0,40,0,30303.0303030303,0.0,0,53,17.6666666667,30.5995642671,936.3333333333,0,0,0,0,1,0,0,0,0,26.5,26.5,0.0,0,0,0,0,0,0,2,53,0,0,5114,-1,1,20,0.0,0.0,0,0,0.0,0.0,0,0,Benign,Friday,False,Normal
53,17,23/02/2018 10:34:56,252,1,1,70,198,70,70,70.0,0.0,198,198,198.0,0.0,1063492.06349206,7936.5079365079,252.0,0.0,252,252,0,0.0,0.0,0,0,0,0.0,0.0,0,0,0,0,0,0,8,8,3968.253968254,3968.253968254,70,198,112.6666666667,73.9008344563,5461.3333333333,0,0,0,0,0,0,0,0,1,169.0,70.0,198.0,0,0,0,0,0,0,1,70,1,198,-1,-1,0,8,0.0,0.0,0,0,0.0,0.0,0,0,Benign,Friday,False,Normal
443,6,23/02/2018 02:57:49,51139742,5,1,123,46,46,0,24.6,23.2765976895,46,46,46.0,0.0,3.3046705633,0.1173255821,10227948.4,22774311.7282787,50967787,23,51139742,12784935.5,25455362.9081473,50967787,23,0,0.0,0.0,0,0,1,0,0,0,100,20,0.0977713184,0.0195542637,0,46,30.7142857143,21.6849739506,470.2380952381,0,1,0,0,1,0,0,0,0,35.8333333333,24.6,46.0,0,0,0,0,0,0,5,123,1,46,253,131,2,20,171737.0,0.0,171737,171737,50967787.0,0.0,50967787,50967787,Benign,Friday,False,Normal
80,6,23/02/2018 03:25:24,66,2,0,0,0,0,0,0.0,0.0,0,0,0.0,0.0,0.0,30303.0303030303,66.0,0.0,66,66,66,66.0,0.0,66,66,0,0.0,0.0,0,0,0,0,0,0,40,0,30303.0303030303,0.0,0,0,0.0,0.0,0.0,0,0,0,0,1,0,0,0,0,0.0,0.0,0.0,0,0,0,0,0,0,2,0,0,0,278,-1,0,20,0.0,0.0,0,0,0.0,0.0,0,0,Benign,Friday,False,Normal
3389,6,23/02/2018 03:43:15,4098755,14,9,1440,1731,725,0,102.8571428571,191.1728405006,1179,0,192.3333333333,386.0744746807,773.6495594394,5.6114600653,186307.045454545,254350.147989787,953215,82,4098755,315288.846153846,371338.503070726,1351753,82,3944721,493090.125,406986.823125915,1031083,93757,0,0,0,0,292,192,3.4156713441,2.1957887212,0,1179,132.125,274.2273434025,75200.6358695652,0,0,1,1,0,0,0,1,0,137.8695652174,102.8571428571,192.3333333333,0,0,0,0,0,0,14,1440,9,1731,8192,62560,7,20,0.0,0.0,0,0,0.0,0.0,0,0,Benign,Friday,False,Normal
3389,6,23/02/2018 04:09:33,4213272,14,9,1460,1731,741,0,104.2857142857,195.0906805216,1179,0,192.3333333333,386.0744746807,757.3686199229,5.4589402251,191512.363636364,265855.256264533,953482,79,4213272,324097.846153846,360270.36459971,1262765,55945,4206058,525757.25,375826.27723372,1065057,108360,0,0,0,0,292,192,3.3228331805,2.1361070446,0,1179,132.9583333333,275.6911440073,76005.606884058,0,0,1,1,0,0,0,1,0,138.7391304348,104.2857142857,192.3333333333,0,0,0,0,0,0,14,1460,9,1731,8192,64000,7,20,0.0,0.0,0,0,0.0,0.0,0,0,Benign,Friday,False,Normal
53,17,23/02/2018 05:22:15,1023,1,1,41,106,41,41,41.0,0.0,106,106,106.0,0.0,143695.014662757,1955.0342130987,1023.0,0.0,1023,1023,0,0.0,0.0,0,0,0,0.0,0.0,0,0,0,0,0,0,8,8,977.5171065494,977.5171065494,41,106,62.6666666667,37.5277674973,1408.3333333333,0,0,0,0,0,0,0,0,1,94.0,41.0,106.0,0,0,0,0,0,0,1,41,1,106,-1,-1,0,8,0.0,0.0,0,0,0.0,0.0,0,0,Benign,Friday,False,Normal
53,17,23/02/2018 04:38:48,13125,1,1,32,121,32,32,32.0,0.0,121,121,121.0,0.0,11657.1428571429,152.380952381,13125.0,0.0,13125,13125,0,0.0,0.0,0,0,0,0.0,0.0,0,0,0,0,0,0,8,8,76.1904761905,76.1904761905,32,121,61.6666666667,51.3841739579,2640.3333333333,0,0,0,0,0,0,0,0,1,92.5,32.0,121.0,0,0,0,0,0,0,1,32,1,121,-1,-1,0,8,0.0,0.0,0,0,0.0,0.0,0,0,Benign,Friday,False,Normal
34247,6,23/02/2018 05:21:09,86189919,2,0,0,0,0,0,0.0,0.0,0,0,0.0,0.0,0.0,0.0232045699,86189919.0,0.0,86189919,86189919,86189919,86189919.0,0.0,86189919,86189919,0,0.0,0.0,0,0,0,0,0,0,40,0,0.0232045699,0.0,0,0,0.0,0.0,0.0,0,0,0,0,1,0,0,0,0,0.0,0.0,0.0,0,0,0,0,0,0,2,0,0,0,62560,-1,0,20,0.0,0.0,0,0,86189919.0,0.0,86189919,86189919,Benign,Friday,False,Normal
5355,17,23/02/2018 08:16:19,477714,2,0,44,0,22,22,22.0,0.0,0,0,0.0,0.0,92.1053182448,4.1866053748,477714.0,0.0,477714,477714,477714,477714.0,0.0,477714,477714,0,0.0,0.0,0,0,0,0,0,0,16,0,4.1866053748,0.0,22,22,22.0,0.0,0.0,0,0,0,0,0,0,0,0,0,33.0,22.0,0.0,0,0,0,0,0,0,2,44,0,0,-1,-1,1,8,0.0,0.0,0,0,0.0,0.0,0,0,Benign,Friday,False,Normal
39907,6,23/02/2018 05:01:41,86408055,2,0,0,0,0,0,0.0,0.0,0,0,0.0,0.0,0.0,0.0231459903,86408055.0,0.0,86408055,86408055,86408055,86408055.0,0.0,86408055,86408055,0,0.0,0.0,0,0,0,0,0,0,40,0,0.0231459903,0.0,0,0,0.0,0.0,0.0,0,0,0,0,1,0,0,0,0,0.0,0.0,0.0,0,0,0,0,0,0,2,0,0,0,62560,-1,0,20,0.0,0.0,0,0,86408055.0,0.0,86408055,86408055,Benign,Friday,False,Normal
53,17,23/02/2018 09:27:19,273,1,1,37,53,37,37,37.0,0.0,53,53,53.0,0.0,329670.32967033,7326.0073260073,273.0,0.0,273,273,0,0.0,0.0,0,0,0,0.0,0.0,0,0,0,0,0,0,8,8,3663.0036630037,3663.0036630037,37,53,42.3333333333,9.237604307,85.3333333333,0,0,0,0,0,0,0,0,1,63.5,37.0,53.0,0,0,0,0,0,0,1,37,1,53,-1,-1,0,8,0.0,0.0,0,0,0.0,0.0,0,0,Benign,Friday,False,Normal
53,17,23/02/2018 01:52:50,366,1,1,38,54,38,38,38.0,0.0,54,54,54.0,0.0,251366.120218579,5464.4808743169,366.0,0.0,366,366,0,0.0,0.0,0,0,0,0.0,0.0,0,0,0,0,0,0,8,8,2732.2404371585,2732.2404371585,38,54,43.3333333333,9.237604307,85.3333333333,0,0,0,0,0,0,0,0,1,65.0,38.0,54.0,0,0,0,0,0,0,1,38,1,54,-1,-1,0,8,0.0,0.0,0,0,0.0,0.0,0,0,Benign,Friday,False,Normal
53,17,23/02/2018 10:35:02,354,1,1,45,61,45,45,45.0,0.0,61,61,61.0,0.0,299435.028248588,5649.7175141243,354.0,0.0,354,354,0,0.0,0.0,0,0,0,0.0,0.0,0,0,0,0,0,0,8,8,2824.8587570622,2824.8587570622,45,61,50.3333333333,9.237604307,85.3333333333,0,0,0,0,0,0,0,0,1,75.5,45.0,61.0,0,0,0,0,0,0,1,45,1,61,-1,-1,0,8,0.0,0.0,0,0,0.0,0.0,0,0,Benign,Friday,False,Normal
53,17,23/02/2018 10:34:59,1189,1,1,32,60,32,32,32.0,0.0,60,60,60.0,0.0,77375.9461732548,1682.0857863751,1189.0,0.0,1189,1189,0,0.0,0.0,0,0,0,0.0,0.0,0,0,0,0,0,0,8,8,841.0428931876,841.0428931876,32,60,41.3333333333,16.1658075373,261.3333333333,0,0,0,0,0,0,0,0,1,62.0,32.0,60.0,0,0,0,0,0,0,1,32,1,60,-1,-1,0,8,0.0,0.0,0,0,0.0,0.0,0,0,Benign,Friday,False,Normal
53,17,23/02/2018 08:46:58,79272,2,2,68,132,34,34,34.0,0.0,66,66,66.0,0.0,2522.9589262287,50.4591785246,26424.0,45227.312279197,78648,300,78972,78972.0,0.0,78972,78972,78948,78948.0,0.0,78948,78948,0,0,0,0,16,16,25.2295892623,25.2295892623,34,66,46.8,17.5271218402,307.2,0,0,0,0,0,0,0,0,1,58.5,34.0,66.0,0,0,0,0,0,0,2,68,2,132,-1,-1,1,8,0.0,0.0,0,0,0.0,0.0,0,0,Benign,Friday,False,Normal
53,17,23/02/2018 05:22:04,1097,1,1,32,48,32,32,32.0,0.0,48,48,48.0,0.0,72926.162260711,1823.1540565178,1097.0,0.0,1097,1097,0,0.0,0.0,0,0,0,0.0,0.0,0,0,0,0,0,0,8,8,911.5770282589,911.5770282589,32,48,37.3333333333,9.237604307,85.3333333333,0,0,0,0,0,0,0,0,1,56.0,32.0,48.0,0,0,0,0,0,0,1,32,1,48,-1,-1,0,8,0.0,0.0,0,0,0.0,0.0,0,0,Benign,Friday,False,Normal
53,17,23/02/2018 10:34:52,1088,1,1,43,71,43,43,43.0,0.0,71,71,71.0,0.0,104779.411764706,1838.2352941177,1088.0,0.0,1088,1088,0,0.0,0.0,0,0,0,0.0,0.0,0,0,0,0,0,0,8,8,919.1176470588,919.1176470588,43,71,52.3333333333,16.1658075373,261.3333333333,0,0,0,0,0,0,0,0,1,78.5,43.0,71.0,0,0,0,0,0,0,1,43,1,71,-1,-1,0,8,0.0,0.0,0,0,0.0,0.0,0,0,Benign,Friday,False,Normal
49876,6,23/02/2018 09:18:29,95400,3,1,107,0,69,0,35.6666666667,34.5591280754,0,0,0.0,0.0,1121.5932914046,41.928721174,31800.0,51149.7590707913,90804,19,95400,47700.0,60958.2613925299,90804,4596,0,0.0,0.0,0,0,1,0,0,0,60,20,31.4465408805,10.4821802935,0,69,35.2,34.5354889932,1192.7,0,1,0,0,1,0,0,0,0,44.0,35.6666666667,0.0,0,0,0,0,0,0,3,107,1,0,172,0,1,20,0.0,0.0,0,0,0.0,0.0,0,0,Benign,Friday,False,Normal
443,6,23/02/2018 09:21:20,345,3,0,77,0,46,0,25.6666666667,23.4591844132,0,0,0.0,0.0,223188.405797101,8695.6521739131,172.5,212.8391411372,323,22,345,172.5,212.8391411372,323,22,0,0.0,0.0,0,0,1,0,0,0,60,0,8695.6521739131,0.0,0,46,30.75,21.6852484422,470.25,0,1,0,0,1,0,0,0,0,41.0,25.6666666667,0.0,0,0,0,0,0,0,3,77,0,0,258,-1,1,20,0.0,0.0,0,0,0.0,0.0,0,0,Benign,Friday,False,Normal
80,6,23/02/2018 11:22:27,82,2,0,0,0,0,0,0.0,0.0,0,0,0.0,0.0,0.0,24390.243902439,82.0,0.0,82,82,82,82.0,0.0,82,82,0,0.0,0.0,0,0,0,0,0,0,40,0,24390.243902439,0.0,0,0,0.0,0.0,0.0,0,0,0,0,1,0,0,0,0,0.0,0.0,0.0,0,0,0,0,0,0,2,0,0,0,279,-1,0,20,0.0,0.0,0,0,0.0,0.0,0,0,Benign,Friday,False,Normal
80,6,23/02/2018 11:33:19,54221969,2,0,0,0,0,0,0.0,0.0,0,0,0.0,0.0,0.0,0.0368854182,54221969.0,0.0,54221969,54221969,54221969,54221969.0,0.0,54221969,54221969,0,0.0,0.0,0,0,0,0,0,0,40,0,0.0368854182,0.0,0,0,0.0,0.0,0.0,0,0,0,0,1,0,0,0,0,0.0,0.0,0.0,0,0,0,0,0,0,2,0,0,0,279,-1,0,20,0.0,0.0,0,0,0.0,0.0,0,0,Benign,Friday,False,Normal
80,6,23/02/2018 11:50:26,799,3,4,161,488,161,0,53.6666666667,92.9533933395,488,0,122.0,244.0,812265.331664581,8760.9511889862,133.1666666667,89.8897472834,245,1,434,217.0,121.6223663641,303,131,554,184.6666666667,185.5271768053,372,1,0,0,0,0,72,92,3754.6933667084,5006.2578222779,0,488,81.125,173.7875858627,30202.125,0,0,0,1,0,0,0,0,1,92.7142857143,53.6666666667,122.0,0,0,0,0,0,0,3,161,4,488,8192,149,1,20,0.0,0.0,0,0,0.0,0.0,0,0,Benign,Friday,False,Normal
52618,6,23/02/2018 02:41:04,38,2,0,0,0,0,0,0.0,0.0,0,0,0.0,0.0,0.0,52631.5789473684,38.0,0.0,38,38,38,38.0,0.0,38,38,0,0.0,0.0,0,0,0,0,0,0,40,0,52631.5789473684,0.0,0,0,0.0,0.0,0.0,0,0,0,0,1,0,0,0,0,0.0,0.0,0.0,0,0,0,0,0,0,2,0,0,0,181,-1,0,20,0.0,0.0,0,0,0.0,0.0,0,0,Benign,Friday,False,Normal
443,6,23/02/2018 02:49:13,110977656,20,18,1633,3909,673,0,81.65,201.377695676,1460,0,217.1666666667,469.04587133,49.9379803084,0.3424112688,2999396.10810811,4610222.61820725,10001932,14,110966230,5840327.89473684,5011777.87897712,10012823,258,110966825,6527460.29411765,4865513.41132065,10013358,20,0,0,0,0,412,504,0.1802164573,0.1621948115,0,1460,142.1025641026,351.8852081718,123823.199730094,0,0,0,1,0,0,0,0,0,145.8421052632,81.65,217.1666666667,0,0,0,0,0,0,20,1633,18,3909,8192,65,15,20,98951.5454545455,292183.204261766,979917,10757,9988887.54545454,38834.6165794482,10001932,9871815,Benign,Friday,False,Normal
443,6,23/02/2018 04:37:06,359828,9,6,518,2879,200,0,57.5555555556,84.7291436153,1430,0,479.8333333333,624.5146648932,9440.6216303345,41.6865835899,25702.0,68802.4123157142,261390,1,359828,44978.5,88341.9037053522,261390,23,70789,14157.8,19948.5934266053,42898,1,0,0,0,0,192,132,25.011950154,16.674633436,0,1430,212.3125,424.0718050441,179836.895833333,0,0,0,1,0,0,0,0,0,226.4666666667,57.5555555556,479.8333333333,0,0,0,0,0,0,9,518,6,2879,8192,172,4,20,0.0,0.0,0,0,0.0,0.0,0,0,Benign,Friday,False,Normal
80,6,23/02/2018 05:25:18,5639663,4,4,97,231,97,0,24.25,48.5,231,0,57.75,115.5,58.1595035022,1.4185244757,805666.142857143,2104502.65082635,5577953,41,61710,20570.0,35284.5434574404,61313,128,5639435,1879811.66666667,3255463.39430907,5638897,204,0,0,0,0,92,92,0.7092622378,0.7092622378,0,231,36.4444444444,79.6996096463,6352.0277777778,0,0,0,1,0,0,0,0,1,41.0,24.25,57.75,0,0,0,0,0,0,4,97,4,231,8192,141,1,20,0.0,0.0,0,0,0.0,0.0,0,0,Benign,Friday,False,Normal
3389,6,23/02/2018 05:08:48,2386483,8,7,1132,1581,661,0,141.5,222.792023453,1173,0,225.8571428571,430.0986044197,1136.8193278561,6.285399896,170463.071428571,254855.788598923,953113,90,2386483,340926.142857143,454594.086036994,1352643,93,2042413,340402.166666667,302247.918426193,953113,154185,0,0,0,0,168,148,3.3522132779,2.9331866181,0,1173,169.5625,317.7627980638,100973.195833333,0,0,0,1,0,0,0,0,0,180.8666666667,141.5,225.8571428571,0,0,0,0,0,0,8,1132,7,1581,8192,62868,5,20,0.0,0.0,0,0,0.0,0.0,0,0,Benign,Friday,False,Normal
53,17,23/02/2018 02:35:38,1148,1,1,30,207,30,30,30.0,0.0,207,207,207.0,0.0,206445.993031359,1742.1602787457,1148.0,0.0,1148,1148,0,0.0,0.0,0,0,0,0.0,0.0,0,0,0,0,0,0,8,8,871.0801393728,871.0801393728,30,207,89.0,102.1909976466,10443.0,0,0,0,0,0,0,0,0,1,133.5,30.0,207.0,0,0,0,0,0,0,1,30,1,207,-1,-1,0,8,0.0,0.0,0,0,0.0,0.0,0,0,Benign,Friday,False,Normal
3389,6,23/02/2018 09:23:09,2289326,8,7,1148,1581,677,0,143.5,228.129662379,1173,0,225.8571428571,430.0986044197,1192.0539058221,6.5521467891,163523.285714286,249360.206457501,937874,85,2289326,327046.571428571,455990.081653778,1347039,85,1943403,323900.5,302582.10520039,937874,158891,0,0,0,0,168,148,3.4944782875,3.0576685016,0,1173,170.5625,319.433241591,102037.595833333,0,0,0,1,0,0,0,0,0,181.9333333333,143.5,225.8571428571,0,0,0,0,0,0,8,1148,7,1581,8192,62852,5,20,0.0,0.0,0,0,0.0,0.0,0,0,Benign,Friday,False,Normal
51104,6,23/02/2018 11:08:17,26,1,1,0,0,0,0,0.0,0.0,0,0,0.0,0.0,0.0,76923.0769230769,26.0,0.0,26,26,0,0.0,0.0,0,0,0,0.0,0.0,0,0,0,0,0,0,20,20,38461.5384615385,38461.5384615385,0,0,0.0,0.0,0.0,0,0,0,0,1,1,0,0,1,0.0,0.0,0.0,0,0,0,0,0,0,1,0,1,0,176,258,0,20,0.0,0.0,0,0,0.0,0.0,0,0,Benign,Friday,False,Normal
3389,6,23/02/2018 05:01:11,2055248,10,8,1148,1640,677,0,114.8,210.0924664153,1173,0,205.0,402.5401488405,1356.5272901373,8.758067153,120896.941176471,229029.707727641,937500,3,2055248,228360.888888889,345329.086379009,1090306,3,1966317,280902.428571429,309640.497776511,937500,49340,0,0,0,0,224,172,4.8655928628,3.8924742902,0,1173,146.7368421053,297.2473422188,88355.9824561404,0,0,1,1,0,0,0,1,0,154.8888888889,114.8,205.0,0,0,0,0,0,0,10,1148,8,1640,8192,62852,5,20,0.0,0.0,0,0,0.0,0.0,0,0,Benign,Friday,False,Normal
53,17,23/02/2018 04:10:06,615,1,1,43,59,43,43,43.0,0.0,59,59,59.0,0.0,165853.658536585,3252.0325203252,615.0,0.0,615,615,0,0.0,0.0,0,0,0,0.0,0.0,0,0,0,0,0,0,8,8,1626.0162601626,1626.0162601626,43,59,48.3333333333,9.237604307,85.3333333333,0,0,0,0,0,0,0,0,1,72.5,43.0,59.0,0,0,0,0,0,0,1,43,1,59,-1,-1,0,8,0.0,0.0,0,0,0.0,0.0,0,0,Benign,Friday,False,Normal
53,17,23/02/2018 12:00:21,448,1,1,40,168,40,40,40.0,0.0,168,168,168.0,0.0,464285.714285714,4464.2857142857,448.0,0.0,448,448,0,0.0,0.0,0,0,0,0.0,0.0,0,0,0,0,0,0,8,8,2232.1428571429,2232.1428571429,40,168,82.6666666667,73.9008344563,5461.3333333333,0,0,0,0,0,0,0,0,1,124.0,40.0,168.0,0,0,0,0,0,0,1,40,1,168,-1,-1,0,8,0.0,0.0,0,0,0.0,0.0,0,0,Benign,Friday,False,Normal
53,17,23/02/2018 04:10:10,427856,2,2,102,330,51,51,51.0,0.0,165,165,165.0,0.0,1009.6855016641,9.3489398302,142618.666666667,179881.910214266,344717,40,83099,83099.0,0.0,83099,83099,40,40.0,0.0,40,40,0,0,0,0,16,16,4.6744699151,4.6744699151,51,165,96.6,62.4403715556,3898.8,0,0,0,0,0,0,0,0,1,120.75,51.0,165.0,0,0,0,0,0,0,2,102,2,330,-1,-1,1,8,0.0,0.0,0,0,0.0,0.0,0,0,Benign,Friday,False,Normal
443,6,23/02/2018 08:55:53,595151,9,7,553,3773,202,0,61.4444444444,87.5344376676,1460,0,539.0,655.4329358015,7268.7435625581,26.8839336572,39676.7333333333,97332.1582112853,288106,1,595151,74393.875,126508.630959583,288106,23,314840,52473.3333333333,120794.769136195,298832,1,0,0,0,0,192,152,15.1222126822,11.761720975,0,1460,254.4705882353,474.7129550643,225352.389705882,0,0,0,1,0,0,0,0,0,270.375,61.4444444444,539.0,0,0,0,0,0,0,9,553,7,3773,8192,119,4,20,0.0,0.0,0,0,0.0,0.0,0,0,Benign,Friday,False,Normal
445,6,23/02/2018 11:01:21,156851,3,1,0,0,0,0,0.0,0.0,0,0,0.0,0.0,0.0,25.5019094555,52283.6666666667,90098.2785092664,156320,90,156851,78425.5,110286.737554885,156410,441,0,0.0,0.0,0,0,0,0,0,0,72,32,19.1264320916,6.3754773639,0,0,0.0,0.0,0.0,0,0,0,1,0,0,0,0,0,0.0,0.0,0.0,0,0,0,0,0,0,3,0,1,0,8192,8192,0,20,0.0,0.0,0,0,0.0,0.0,0,0,Benign,Friday,False,Normal
80,6,23/02/2018 11:11:48,116334187,20,25,11,15646,1,0,0.55,0.5104177855,1460,0,625.84,725.0926193713,134.5864049405,0.3868166457,2643958.79545455,4369311.44520808,10001772,1,116334187,6122851.94736842,4836451.43900703,10024777,18091,111023563,4625981.79166667,5078793.02786571,10087288,1,0,0,0,0,412,644,0.1719185092,0.2148981365,0,1460,340.3695652174,616.0981292221,379576.904830918,0,0,0,1,0,0,0,0,1,347.9333333333,0.55,625.84,0,0,0,0,0,0,20,11,25,15646,8192,1095,11,20,92116.0,229323.048961503,783551,22936,10000929.8181818,743.6691224168,10001772,9999731,Benign,Friday,False,Normal
3389,6,23/02/2018 11:41:16,4141660,14,8,1437,1731,725,0,102.6428571429,191.0680938396,1179,0,216.375,405.4647906151,764.910687985,5.3118797777,197221.904761905,242458.017179244,937528,60,4141660,318589.230769231,343321.565845383,1307709,35003,4053529,579075.571428571,305873.279821267,937528,168791,0,0,0,0,292,172,3.3802871312,1.9315926464,0,1179,137.7391304348,278.8848275464,77776.7470355731,0,0,1,1,0,0,0,1,0,144.0,102.6428571429,216.375,0,0,0,0,0,0,14,1437,8,1731,8192,62648,7,20,0.0,0.0,0,0,0.0,0.0,0,0,Benign,Friday,False,Normal
53,17,23/02/2018 11:51:25,1068,1,1,58,142,58,58,58.0,0.0,142,142,142.0,0.0,187265.917602996,1872.65917603,1068.0,0.0,1068,1068,0,0.0,0.0,0,0,0,0.0,0.0,0,0,0,0,0,0,8,8,936.329588015,936.329588015,58,142,86.0,48.4974226119,2352.0,0,0,0,0,0,0,0,0,1,129.0,58.0,142.0,0,0,0,0,0,0,1,58,1,142,-1,-1,0,8,0.0,0.0,0,0,0.0,0.0,0,0,Benign,Friday,False,Normal
3389,6,23/02/2018 12:09:27,3959689,13,8,1438,1731,725,0,110.6153846154,196.4503917284,1179,0,216.375,405.4647906151,800.3153783037,5.3034468111,197984.45,296367.390154158,1076481,21,3959689,329974.083333333,427557.399185708,1419856,26722,3927395,561056.428571429,412710.904926543,1218699,218765,0,0,0,0,272,172,3.2830861212,2.0203606899,0,1179,144.0454545455,283.7717857838,80526.4264069264,0,0,1,1,0,0,0,1,0,150.9047619048,110.6153846154,216.375,0,0,0,0,0,0,13,1438,8,1731,8192,62562,7,20,0.0,0.0,0,0,0.0,0.0,0,0,Benign,Friday,False,Normal
443,6,23/02/2018 12:09:24,60946245,15,14,870,3306,535,0,58.0,144.6315515864,1460,0,236.1428571429,521.7581015025,68.5193977086,0.4758291508,2176651.60714286,4160888.03773074,10009900,1,60946245,4353303.21428571,5126282.86410996,10077870,212,60878124,4682932.61538462,5196522.12660279,10077940,1,0,0,0,0,312,284,0.2461185263,0.2297106245,0,1460,139.2,375.1650119706,140748.786206897,0,0,0,1,0,0,0,0,0,144.0,58.0,236.1428571429,0,0,0,0,0,0,15,870,14,3306,8192,31088,9,20,129852.0,151476.45770482,439052,67954,10000349.3333333,20731.6297252934,10009900,9958253,Benign,Friday,False,Normal
80,6,23/02/2018 12:26:54,767,3,4,161,488,161,0,53.6666666667,92.9533933395,488,0,122.0,244.0,846153.846153846,9126.4667535854,127.8333333333,86.8502542694,231,0,419,209.5,99.7020561473,280,139,536,178.6666666667,185.3249398579,370,0,0,0,0,0,72,92,3911.3428943938,5215.1238591917,0,488,81.125,173.7875858627,30202.125,0,0,0,1,0,0,0,0,1,92.7142857143,53.6666666667,122.0,0,0,0,0,0,0,3,161,4,488,8192,149,1,20,0.0,0.0,0,0,0.0,0.0,0,0,Benign,Friday,False,Normal
3389,6,23/02/2018 12:29:47,4124911,14,8,1436,1731,725,0,102.5714285714,191.0918886037,1179,0,216.375,405.4647906151,767.7741410663,5.3334484065,196424.333333333,260796.213749995,953137,67,4124911,317300.846153846,368614.960639112,1328949,34029,3983308,569044.0,342554.330058751,996416,167921,0,0,0,0,292,172,3.3940126223,1.9394357842,0,1179,137.6956521739,278.9001833147,77785.3122529644,0,0,1,1,0,0,0,1,0,143.9545454545,102.5714285714,216.375,0,0,0,0,0,0,14,1436,8,1731,8192,62649,7,20,0.0,0.0,0,0,0.0,0.0,0,0,Benign,Friday,False,Normal
443,6,23/02/2018 12:36:31,118001888,16,16,1085,3755,440,0,67.8125,117.5852704778,1430,0,234.6875,473.0676792666,41.0162928919,0.2711821018,3806512.51612903,14580822.1117559,58940517,1,118001888,7866792.53333333,20554250.0036454,58940517,31,117849822,7856654.8,20585123.9237028,59110559,1,0,0,0,0,332,332,0.1355910509,0.1355910509,0,1430,146.6666666667,345.0204402157,119039.104166667,0,0,0,1,0,0,0,0,1,151.25,67.8125,234.6875,0,0,0,0,0,0,16,1085,16,3755,8192,180,8,20,494101.5,457962.656582936,817930,170273,58423185.5,731617.223542817,58940517,57905854,Benign,Friday,False,Normal
3389,6,23/02/2018 01:09:29,3933815,14,8,1436,1731,725,0,102.5714285714,191.0918886037,1179,0,216.375,405.4647906151,805.0709044528,5.5925354904,187324.523809524,260639.223751457,953167,32,3933815,302601.153846154,365539.139988877,1301285,62443,3743891,534841.571428572,336918.843430609,997297,157565,0,0,0,0,292,172,3.5588862211,2.0336492692,0,1179,137.6956521739,278.9001833147,77785.3122529644,0,0,1,1,0,0,0,1,0,143.9545454545,102.5714285714,216.375,0,0,0,0,0,0,14,1436,8,1731,8192,62564,7,20,0.0,0.0,0,0,0.0,0.0,0,0,Benign,Friday,False,Normal
3389,6,23/02/2018 01:12:34,4092042,13,9,1434,1731,725,0,110.3076923077,196.5648258698,1179,0,192.3333333333,386.0744746807,773.4524718955,5.3762889042,194859.142857143,233951.02179223,937551,65,4092042,341003.5,322442.617921814,1250960,105491,4016585,502073.125,320705.512952944,946061,169171,0,0,0,0,272,192,3.1768979888,2.1993909153,0,1179,137.6086956522,278.9313599388,77802.7035573123,0,0,1,1,0,0,0,1,0,143.8636363636,110.3076923077,192.3333333333,0,0,0,0,0,0,13,1434,9,1731,8192,62566,7,20,0.0,0.0,0,0,0.0,0.0,0,0,Benign,Friday,False,Normal
80,6,23/02/2018 01:37:53,90,2,0,0,0,0,0,0.0,0.0,0,0,0.0,0.0,0.0,22222.2222222222,90.0,0.0,90,90,90,90.0,0.0,90,90,0,0.0,0.0,0,0,0,0,0,0,40,0,22222.2222222222,0.0,0,0,0.0,0.0,0.0,0,0,0,0,1,0,0,0,0,0.0,0.0,0.0,0,0,0,0,0,0,2,0,0,0,278,-1,0,20,0.0,0.0,0,0,0.0,0.0,0,0,Benign,Friday,False,Normal
3389,6,23/02/2018 01:44:33,3973039,14,9,1438,1731,725,0,102.7142857143,191.0446699965,1179,0,192.3333333333,386.0744746807,797.6261999945,5.7890194383,180592.681818182,261619.598890557,953120,131,3973039,305618.384615385,344123.72419561,1192571,10794,3969119,496139.875,390274.664086511,953120,78137,0,0,0,0,292,192,3.5237509624,2.2652684758,0,1179,132.0416666667,274.1861441916,75178.0416666667,0,0,1,1,0,0,0,1,0,137.7826086957,102.7142857143,192.3333333333,0,0,0,0,0,0,14,1438,9,1731,8192,62562,7,20,0.0,0.0,0,0,0.0,0.0,0,0,Benign,Friday,False,Normal
20738,6,23/02/2018 01:46:54,103882,2,0,0,0,0,0,0.0,0.0,0,0,0.0,0.0,0.0,19.2526135423,103882.0,0.0,103882,103882,103882,103882.0,0.0,103882,103882,0,0.0,0.0,0,0,0,0,0,0,40,0,19.2526135423,0.0,0,0,0.0,0.0,0.0,0,0,0,0,1,0,0,0,0,0.0,0.0,0.0,0,0,0,0,0,0,2,0,0,0,64000,-1,0,20,0.0,0.0,0,0,0.0,0.0,0,0,Benign,Friday,False,Normal
52077,6,23/02/2018 02:02:47,0,2,0,31,0,31,0,15.5,21.9203102168,0,0,0.0,0.0,788.1881481705,46.3644477415,0.0,0.0,0,0,0,0.0,0.0,0,0,0,0.0,0.0,0,0,1,0,0,0,40,0,0.0,0.0,0,31,20.6666666667,17.8978583449,320.3333333333,0,1,0,0,1,0,0,0,0,31.0,15.5,0.0,0,0,0,0,0,0,2,31,0,0,290,-1,0,20,0.0,0.0,0,0,0.0,0.0,0,0,Benign,Friday,False,Normal
80,6,23/02/2018 03:05:13,72,2,0,0,0,0,0,0.0,0.0,0,0,0.0,0.0,0.0,27777.7777777778,72.0,0.0,72,72,72,72.0,0.0,72,72,0,0.0,0.0,0,0,0,0,0,0,40,0,27777.7777777778,0.0,0,0,0.0,0.0,0.0,0,0,0,0,1,0,0,0,0,0.0,0.0,0.0,0,0,0,0,0,0,2,0,0,0,278,-1,0,20,0.0,0.0,0,0,0.0,0.0,0,0,Benign,Friday,False,Normal
80,6,23/02/2018 03:32:48,115889847,16,14,447,788,436,0,27.9375,108.8175652181,788,0,56.2857142857,210.601858627,10.656671244,0.258866508,3996201.62068965,4888472.17365062,10004136,41,115889847,7725989.8,4134354.79948551,10015436,723,110186894,8475914.92307692,3758885.72884517,10021816,773,0,0,0,0,332,424,0.1380621376,0.1208043704,0,788,39.8387096774,159.3581075804,25395.0064516129,0,0,0,1,0,0,0,0,0,41.1666666667,27.9375,56.2857142857,0,0,0,0,0,0,16,447,14,788,8192,288,12,20,17712.1818181818,20745.9536672489,80250,11263,9999260.36363637,15394.5750982138,10004136,9952862,Benign,Friday,False,Normal
3389,6,23/02/2018 04:52:49,4092785,14,8,1459,1731,741,0,104.2142857143,195.1134496691,1179,0,216.375,405.4647906151,779.4203702369,5.3753128982,194894.523809524,263647.651374068,953126,3,4092785,314829.615384615,346986.064078117,1221630,3,4022198,574599.714285714,376046.881702585,1091270,107475,0,0,0,0,292,172,3.4206536625,1.9546592357,0,1179,138.6956521739,280.4109702793,78630.3122529645,0,0,1,1,0,0,0,1,0,145.0,104.2142857143,216.375,0,0,0,0,0,0,14,1459,8,1731,8192,62626,7,20,0.0,0.0,0,0,0.0,0.0,0,0,Benign,Friday,False,Normal
51175,6,23/02/2018 12:39:16,149,2,0,0,0,0,0,0.0,0.0,0,0,0.0,0.0,0.0,13422.8187919463,149.0,0.0,149,149,149,149.0,0.0,149,149,0,0.0,0.0,0,0,0,0,0,0,40,0,13422.8187919463,0.0,0,0,0.0,0.0,0.0,0,0,0,0,1,0,0,0,0,0.0,0.0,0.0,0,0,0,0,0,0,2,0,0,0,255,-1,0,20,0.0,0.0,0,0,0.0,0.0,0,0,Benign,Friday,False,Normal
53,17,23/02/2018 05:07:18,146083,2,2,74,204,37,37,37.0,0.0,102,102,102.0,0.0,1903.0277308106,27.3816939685,48694.3333333333,61213.8512457216,117426,42,28615,28615.0,0.0,28615,28615,42,42.0,0.0,42,42,0,0,0,0,16,16,13.6908469842,13.6908469842,37,102,63.0,35.6019662378,1267.5,0,0,0,0,0,0,0,0,1,78.75,37.0,102.0,0,0,0,0,0,0,2,74,2,204,-1,-1,1,8,0.0,0.0,0,0,0.0,0.0,0,0,Benign,Friday,False,Normal
53499,6,23/02/2018 05:20:55,4973944,2,0,0,0,0,0,0.0,0.0,0,0,0.0,0.0,0.0,0.4020953995,4973944.0,0.0,4973944,4973944,4973944,4973944.0,0.0,4973944,4973944,0,0.0,0.0,0,0,0,0,0,0,40,0,0.4020953995,0.0,0,0,0.0,0.0,0.0,0,0,0,0,1,0,0,0,0,0.0,0.0,0.0,0,0,0,0,0,0,2,0,0,0,237,-1,0,20,0.0,0.0,0,0,0.0,0.0,0,0,Benign,Friday,False,Normal
53,17,23/02/2018 02:20:46,331,1,1,35,51,35,35,35.0,0.0,51,51,51.0,0.0,259818.731117825,6042.2960725076,331.0,0.0,331,331,0,0.0,0.0,0,0,0,0.0,0.0,0,0,0,0,0,0,8,8,3021.1480362538,3021.1480362538,35,51,40.3333333333,9.237604307,85.3333333333,0,0,0,0,0,0,0,0,1,60.5,35.0,51.0,0,0,0,0,0,0,1,35,1,51,-1,-1,0,8,0.0,0.0,0,0,0.0,0.0,0,0,Benign,Friday,False,Normal
57325,6,23/02/2018 02:06:52,135,2,0,0,0,0,0,0.0,0.0,0,0,0.0,0.0,0.0,14814.8148148148,135.0,0.0,135,135,135,135.0,0.0,135,135,0,0.0,0.0,0,0,0,0,0,0,40,0,14814.8148148148,0.0,0,0,0.0,0.0,0.0,0,0,0,0,1,0,0,0,0,0.0,0.0,0.0,0,0,0,0,0,0,2,0,0,0,258,-1,0,20,0.0,0.0,0,0,0.0,0.0,0,0,Benign,Friday,False,Normal
53,17,23/02/2018 04:13:16,311,1,1,41,57,41,41,41.0,0.0,57,57,57.0,0.0,315112.540192926,6430.8681672026,311.0,0.0,311,311,0,0.0,0.0,0,0,0,0.0,0.0,0,0,0,0,0,0,8,8,3215.4340836013,3215.4340836013,41,57,46.3333333333,9.237604307,85.3333333333,0,0,0,0,0,0,0,0,1,69.5,41.0,57.0,0,0,0,0,0,0,1,41,1,57,-1,-1,0,8,0.0,0.0,0,0,0.0,0.0,0,0,Benign,Friday,False,Normal
53,17,23/02/2018 11:06:25,37042,2,2,78,110,39,39,39.0,0.0,55,55,55.0,0.0,5075.3199071325,107.985529939,12347.3333333333,20767.9475233672,36328,299,36743,36743.0,0.0,36743,36743,36627,36627.0,0.0,36627,36627,0,0,0,0,16,16,53.9927649695,53.9927649695,39,55,45.4,8.7635609201,76.8,0,0,0,0,0,0,0,0,1,56.75,39.0,55.0,0,0,0,0,0,0,2,78,2,110,-1,-1,1,8,0.0,0.0,0,0,0.0,0.0,0,0,Benign,Friday,False,Normal
50242,6,23/02/2018 10:41:25,15,1,1,0,0,0,0,0.0,0.0,0,0,0.0,0.0,0.0,133333.333333333,15.0,0.0,15,15,0,0.0,0.0,0,0,0,0.0,0.0,0,0,0,0,0,0,20,20,66666.6666666667,66666.6666666667,0,0,0.0,0.0,0.0,0,0,0,0,1,1,0,0,1,0.0,0.0,0.0,0,0,0,0,0,0,1,0,1,0,1278,254,0,20,0.0,0.0,0,0,0.0,0.0,0,0,Benign,Friday,False,Normal
53,17,23/02/2018 10:39:29,108362,2,2,82,326,41,41,41.0,0.0,163,163,163.0,0.0,3765.1575275466,36.9133090936,36120.6666666667,37556.8390620581,74987,27,33348,33348.0,0.0,33348,33348,27,27.0,0.0,27,27,0,0,0,0,16,16,18.4566545468,18.4566545468,41,163,89.8,66.8221520156,4465.2,0,0,0,0,0,0,0,0,1,112.25,41.0,163.0,0,0,0,0,0,0,2,82,2,326,-1,-1,1,8,0.0,0.0,0,0,0.0,0.0,0,0,Benign,Friday,False,Normal
49888,6,23/02/2018 04:37:03,86049732,2,0,0,0,0,0,0.0,0.0,0,0,0.0,0.0,0.0,0.0232423734,86049732.0,0.0,86049732,86049732,86049732,86049732.0,0.0,86049732,86049732,0,0.0,0.0,0,0,0,0,0,0,40,0,0.0232423734,0.0,0,0,0.0,0.0,0.0,0,0,0,0,1,0,0,0,0,0.0,0.0,0.0,0,0,0,0,0,0,2,0,0,0,62541,-1,0,20,0.0,0.0,0,0,86049732.0,0.0,86049732,86049732,Benign,Friday,False,Normal
50603,6,23/02/2018 11:40:07,0,2,0,31,0,31,0,15.5,21.9203102168,0,0,0.0,0.0,788.1881481705,46.3644477415,0.0,0.0,0,0,0,0.0,0.0,0,0,0,0.0,0.0,0,0,1,0,0,0,40,0,0.0,0.0,0,31,20.6666666667,17.8978583449,320.3333333333,0,1,0,0,1,0,0,0,0,31.0,15.5,0.0,0,0,0,0,0,0,2,31,0,0,290,-1,0,20,0.0,0.0,0,0,0.0,0.0,0,0,Benign,Friday,False,Normal
51839,6,23/02/2018 01:28:06,90,2,0,0,0,0,0,0.0,0.0,0,0,0.0,0.0,0.0,22222.2222222222,90.0,0.0,90,90,90,90.0,0.0,90,90,0,0.0,0.0,0,0,0,0,0,0,40,0,22222.2222222222,0.0,0,0,0.0,0.0,0.0,0,0,0,0,1,0,0,0,0,0.0,0.0,0.0,0,0,0,0,0,0,2,0,0,0,123,-1,0,20,0.0,0.0,0,0,0.0,0.0,0,0,Benign,Friday,False,Normal
80,6,23/02/2018 01:36:21,54478939,2,0,0,0,0,0,0.0,0.0,0,0,0.0,0.0,0.0,0.0367114345,54478939.0,0.0,54478939,54478939,54478939,54478939.0,0.0,54478939,54478939,0,0.0,0.0,0,0,0,0,0,0,40,0,0.0367114345,0.0,0,0,0.0,0.0,0.0,0,0,0,0,1,0,0,0,0,0.0,0.0,0.0,0,0,0,0,0,0,2,0,0,0,279,-1,0,20,0.0,0.0,0,0,0.0,0.0,0,0,Benign,Friday,False,Normal
52570,6,23/02/2018 02:45:12,1501,4,0,0,0,0,0,0.0,0.0,0,0,0.0,0.0,0.0,2664.8900732845,500.3333333333,618.6900139273,1197,15,1501,500.3333333333,618.6900139273,1197,15,0,0.0,0.0,0,0,0,0,0,0,80,0,2664.8900732845,0.0,0,0,0.0,0.0,0.0,0,0,0,0,1,0,0,0,0,0.0,0.0,0.0,0,0,0,0,0,0,4,0,0,0,5055,-1,0,20,0.0,0.0,0,0,0.0,0.0,0,0,Benign,Friday,False,Normal
3389,6,23/02/2018 03:38:53,4060725,12,8,1459,1731,741,0,121.5833333333,206.6087467713,1179,0,216.375,405.4647906151,785.574004642,4.9252288692,213722.368421053,293150.206413066,953143,65,4060725,369156.818181818,386934.233311507,1236581,32476,3932937,561848.142857143,424744.388078457,1112033,107060,0,0,0,0,252,172,2.9551373215,1.9700915477,0,1179,151.9047619048,290.4935291468,84386.4904761905,0,0,1,1,0,0,0,1,0,159.5,121.5833333333,216.375,0,0,0,0,0,0,12,1459,8,1731,8192,62626,7,20,0.0,0.0,0,0,0.0,0.0,0,0,Benign,Friday,False,Normal
443,6,23/02/2018 04:05:35,77709,9,8,557,3811,206,0,61.8888888889,88.3437100823,1460,0,476.375,632.1369511427,56209.7054395244,218.7648792289,4856.8125,8296.4850727582,24785,9,77709,9713.625,10436.5657178088,24801,23,61272,8753.1428571429,15624.5951993278,41507,17,0,0,0,0,192,172,115.8167007683,102.9481784607,0,1460,242.6666666667,463.3373818415,214681.529411765,0,0,0,1,0,0,0,0,0,256.9411764706,61.8888888889,476.375,0,0,0,0,0,0,9,557,8,3811,8192,123,4,20,0.0,0.0,0,0,0.0,0.0,0,0,Benign,Friday,False,Normal
53,17,23/02/2018 11:24:22,48697,2,2,72,238,36,36,36.0,0.0,119,119,119.0,0.0,6365.8952296856,82.1405836088,16232.3333333333,22845.0497336586,42361,27,42361,42361.0,0.0,42361,42361,27,27.0,0.0,27,27,0,0,0,0,16,16,41.0702918044,41.0702918044,36,119,69.2,45.4609722729,2066.7,0,0,0,0,0,0,0,0,1,86.5,36.0,119.0,0,0,0,0,0,0,2,72,2,238,-1,-1,1,8,0.0,0.0,0,0,0.0,0.0,0,0,Benign,Friday,False,Normal
53,17,23/02/2018 02:51:51,320,1,1,34,98,34,34,34.0,0.0,98,98,98.0,0.0,412500.0,6250.0,320.0,0.0,320,320,0,0.0,0.0,0,0,0,0.0,0.0,0,0,0,0,0,0,8,8,3125.0,3125.0,34,98,55.3333333333,36.9504172281,1365.3333333333,0,0,0,0,0,0,0,0,1,83.0,34.0,98.0,0,0,0,0,0,0,1,34,1,98,-1,-1,0,8,0.0,0.0,0,0,0.0,0.0,0,0,Benign,Friday,False,Normal
1634,6,23/02/2018 02:13:59,86124218,2,0,0,0,0,0,0.0,0.0,0,0,0.0,0.0,0.0,0.0232222718,86124218.0,0.0,86124218,86124218,86124218,86124218.0,0.0,86124218,86124218,0,0.0,0.0,0,0,0,0,0,0,40,0,0.0232222718,0.0,0,0,0.0,0.0,0.0,0,0,0,0,1,0,0,0,0,0.0,0.0,0.0,0,0,0,0,0,0,2,0,0,0,62559,-1,0,20,0.0,0.0,0,0,86124218.0,0.0,86124218,86124218,Benign,Friday,False,Normal
53,17,23/02/2018 04:05:40,289,1,1,40,56,40,40,40.0,0.0,56,56,56.0,0.0,332179.930795848,6920.4152249135,289.0,0.0,289,289,0,0.0,0.0,0,0,0,0.0,0.0,0,0,0,0,0,0,8,8,3460.2076124568,3460.2076124568,40,56,45.3333333333,9.237604307,85.3333333333,0,0,0,0,0,0,0,0,1,68.0,40.0,56.0,0,0,0,0,0,0,1,40,1,56,-1,-1,0,8,0.0,0.0,0,0,0.0,0.0,0,0,Benign,Friday,False,Normal
123,17,23/02/2018 08:25:32,19833,1,1,48,48,48,48,48.0,0.0,48,48,48.0,0.0,4840.4174860082,100.8420309585,19833.0,0.0,19833,19833,0,0.0,0.0,0,0,0,0.0,0.0,0,0,0,0,0,0,8,8,50.4210154793,50.4210154793,48,48,48.0,0.0,0.0,0,0,0,0,0,0,0,0,1,72.0,48.0,48.0,0,0,0,0,0,0,1,48,1,48,-1,-1,0,8,0.0,0.0,0,0,0.0,0.0,0,0,Benign,Friday,False,Normal
53432,6,23/02/2018 04:07:43,25,1,1,0,0,0,0,0.0,0.0,0,0,0.0,0.0,0.0,80000.0,25.0,0.0,25,25,0,0.0,0.0,0,0,0,0.0,0.0,0,0,0,0,0,0,20,20,40000.0,40000.0,0,0,0.0,0.0,0.0,0,0,0,0,1,1,0,0,1,0.0,0.0,0.0,0,0,0,0,0,0,1,0,1,0,61,254,0,20,0.0,0.0,0,0,0.0,0.0,0,0,Benign,Friday,False,Normal
3389,6,23/02/2018 12:07:59,1964489,8,7,1144,1581,677,0,143.0,227.9699228282,1173,0,225.8571428571,430.0986044197,1387.1291720137,7.6355734239,140320.642857143,246166.389615019,953316,86,1964489,280641.285714286,391618.917662615,1157789,97,1814746,302457.666666667,319427.715897457,953316,150383,0,0,0,0,172,152,4.0723058261,3.5632675978,0,1173,170.3125,319.402717323,102018.095833333,0,0,1,1,0,0,0,1,0,181.6666666667,143.0,225.8571428571,0,0,0,0,0,0,8,1144,7,1581,8192,62856,5,20,0.0,0.0,0,0,0.0,0.0,0,0,Benign,Friday,False,Normal
53,17,23/02/2018 04:05:48,60584,2,2,66,194,33,33,33.0,0.0,97,97,97.0,0.0,4291.5621286148,66.0240327479,20194.6666666667,34347.0091322859,59855,262,60117,60117.0,0.0,60117,60117,60322,60322.0,0.0,60322,60322,0,0,0,0,16,16,33.012016374,33.012016374,33,97,58.6,35.0542436803,1228.8,0,0,0,0,0,0,0,0,1,73.25,33.0,97.0,0,0,0,0,0,0,2,66,2,194,-1,-1,1,8,0.0,0.0,0,0,0.0,0.0,0,0,Benign,Friday,False,Normal
11754,6,23/02/2018 04:10:22,86317113,2,0,0,0,0,0,0.0,0.0,0,0,0.0,0.0,0.0,0.0231703764,86317113.0,0.0,86317113,86317113,86317113,86317113.0,0.0,86317113,86317113,0,0.0,0.0,0,0,0,0,0,0,40,0,0.0231703764,0.0,0,0,0.0,0.0,0.0,0,0,0,0,1,0,0,0,0,0.0,0.0,0.0,0,0,0,0,0,0,2,0,0,0,62560,-1,0,20,0.0,0.0,0,0,86317113.0,0.0,86317113,86317113,Benign,Friday,False,Normal
53,17,23/02/2018 02:28:41,37761,2,2,70,498,35,35,35.0,0.0,249,249,249.0,0.0,15041.9745239798,105.9293980562,12587.0,12453.3280290852,24934,30,24934,24934.0,0.0,24934,24934,30,30.0,0.0,30,30,0,0,0,0,16,16,52.9646990281,52.9646990281,35,249,120.6,117.2126273061,13738.8,0,0,0,0,0,0,0,0,1,150.75,35.0,249.0,0,0,0,0,0,0,2,70,2,498,-1,-1,1,8,0.0,0.0,0,0,0.0,0.0,0,0,Benign,Friday,False,Normal
53,17,23/02/2018 03:29:38,59034,2,2,84,206,42,42,42.0,0.0,103,103,103.0,0.0,4912.4233492564,67.757563438,19678.0,23760.8831275271,46195,319,58715,58715.0,0.0,58715,58715,46514,46514.0,0.0,46514,46514,0,0,0,0,16,16,33.878781719,33.878781719,42,103,66.4,33.4110760078,1116.3,0,0,0,0,0,0,0,0,1,83.0,42.0,103.0,0,0,0,0,0,0,2,84,2,206,-1,-1,1,8,0.0,0.0,0,0,0.0,0.0,0,0,Benign,Friday,False,Normal
53,17,23/02/2018 12:43:06,870,1,1,37,95,37,37,37.0,0.0,95,95,95.0,0.0,151724.137931035,2298.8505747127,870.0,0.0,870,870,0,0.0,0.0,0,0,0,0.0,0.0,0,0,0,0,0,0,8,8,1149.4252873563,1149.4252873563,37,95,56.3333333333,33.486315613,1121.3333333333,0,0,0,0,0,0,0,0,1,84.5,37.0,95.0,0,0,0,0,0,0,1,37,1,95,-1,-1,0,8,0.0,0.0,0,0,0.0,0.0,0,0,Benign,Friday,False,Normal
10574,6,23/02/2018 02:16:33,85972360,2,0,0,0,0,0,0.0,0.0,0,0,0.0,0.0,0.0,0.0232632907,85972360.0,0.0,85972360,85972360,85972360,85972360.0,0.0,85972360,85972360,0,0.0,0.0,0,0,0,0,0,0,40,0,0.0232632907,0.0,0,0,0.0,0.0,0.0,0,0,0,0,1,0,0,0,0,0.0,0.0,0.0,0,0,0,0,0,0,2,0,0,0,62560,-1,0,20,0.0,0.0,0,0,85972360.0,0.0,85972360,85972360,Benign,Friday,False,Normal
53,17,23/02/2018 04:05:40,889,1,1,35,51,35,35,35.0,0.0,51,51,51.0,0.0,96737.9077615298,2249.7187851519,889.0,0.0,889,889,0,0.0,0.0,0,0,0,0.0,0.0,0,0,0,0,0,0,8,8,1124.8593925759,1124.8593925759,35,51,40.3333333333,9.237604307,85.3333333333,0,0,0,0,0,0,0,0,1,60.5,35.0,51.0,0,0,0,0,0,0,1,35,1,51,-1,-1,0,8,0.0,0.0,0,0,0.0,0.0,0,0,Benign,Friday,False,Normal
3389,6,23/02/2018 04:18:59,2079003,8,7,1144,1581,677,0,143.0,227.9699228282,1173,0,225.8571428571,430.0986044197,1310.7244193491,7.2149968038,148500.214285714,246803.003766217,953173,4,2079003,297000.428571429,397566.425746632,1185841,4,1901921,316986.833333333,312398.386748342,953173,176684,0,0,0,0,172,152,3.8479982953,3.3669985084,0,1173,170.3125,319.402717323,102018.095833333,0,0,0,1,0,0,0,0,0,181.6666666667,143.0,225.8571428571,0,0,0,0,0,0,8,1144,7,1581,8192,62856,5,20,0.0,0.0,0,0,0.0,0.0,0,0,Benign,Friday,False,Normal
53,17,23/02/2018 01:41:41,319,1,1,38,54,38,38,38.0,0.0,54,54,54.0,0.0,288401.253918495,6269.592476489,319.0,0.0,319,319,0,0.0,0.0,0,0,0,0.0,0.0,0,0,0,0,0,0,8,8,3134.7962382445,3134.7962382445,38,54,43.3333333333,9.237604307,85.3333333333,0,0,0,0,0,0,0,0,1,65.0,38.0,54.0,0,0,0,0,0,0,1,38,1,54,-1,-1,0,8,0.0,0.0,0,0,0.0,0.0,0,0,Benign,Friday,False,Normal
443,6,23/02/2018 08:20:12,109847750,17,18,712,19930,218,0,41.8823529412,79.7926080168,1460,0,1107.2222222222,569.4497401316,187.9146363945,0.3186228211,3230816.17647059,18762983.8538094,109418916,1,109847750,6865484.375,27347608.7393972,109418916,13,398499,23441.1176470588,50469.4261594116,154386,1,0,0,0,0,352,372,0.154759656,0.1638631652,0,1460,573.3888888889,673.4851054786,453582.187301587,0,0,0,1,0,0,0,0,1,589.7714285714,41.8823529412,1107.2222222222,0,0,0,0,0,0,17,712,18,19930,65535,1013,4,20,0.0,0.0,0,0,0.0,0.0,0,0,Benign,Friday,False,Normal
3389,6,23/02/2018 08:35:59,4197459,14,8,1439,1731,725,0,102.7857142857,191.1971107649,1179,0,216.375,405.4647906151,755.2188121433,5.2412662041,199879.0,278357.992293018,1003576,58,4197459,322881.461538462,377034.179134469,1307061,33099,4157353,593907.571428572,360714.366633239,1003576,156871,0,0,0,0,292,172,3.3353512208,1.9059149833,0,1179,137.8260869565,278.9256421235,77799.5138339921,0,0,1,1,0,0,0,1,0,144.0909090909,102.7857142857,216.375,0,0,0,0,0,0,14,1439,8,1731,8192,62646,7,20,0.0,0.0,0,0,0.0,0.0,0,0,Benign,Friday,False,Normal
3389,6,23/02/2018 08:36:46,4255268,14,8,1437,1731,725,0,102.6428571429,191.2467625238,1179,0,216.375,405.4647906151,744.4889487572,5.1700621441,202631.80952381,253310.762364061,990125,56,4255268,327328.307692308,324861.959186869,1231341,28835,4162551,594650.142857143,314465.777530947,990125,154937,0,0,0,0,292,172,3.2900395463,1.8800225979,0,1179,137.7391304348,278.9571842988,77817.1106719367,0,0,1,1,0,0,0,1,0,144.0,102.6428571429,216.375,0,0,0,0,0,0,14,1437,8,1731,8192,62648,7,20,0.0,0.0,0,0,0.0,0.0,0,0,Benign,Friday,False,Normal
3389,6,23/02/2018 09:52:47,4063673,13,8,1460,1731,741,0,112.3076923077,200.6391390097,1179,0,216.375,405.4647906151,785.2501911448,5.1677386443,203183.65,280005.502875677,953186,26,4063673,338639.416666667,367315.587834088,1224557,29979,4028889,575555.571428572,333239.100834449,1031863,228797,0,0,0,0,272,172,3.1990763036,1.9686623407,0,1179,145.0454545455,285.3201171738,81407.5692640693,0,0,1,1,0,0,0,1,0,151.9523809524,112.3076923077,216.375,0,0,0,0,0,0,13,1460,8,1731,8192,64000,7,20,0.0,0.0,0,0,0.0,0.0,0,0,Benign,Friday,False,Normal
443,6,23/02/2018 11:55:45,109126,10,9,556,5362,205,0,55.6,85.3648379343,1460,0,595.7777777778,645.268505697,54230.8890640177,174.1106610707,6062.5555555556,10621.4326508035,42420,0,109126,12125.1111111111,12569.3995823632,42420,17,74838,9354.75,19000.1793807322,53887,0,0,0,0,0,212,192,91.6371900372,82.4734710335,0,1460,295.9,506.3228531075,256362.831578947,0,0,0,1,0,0,0,0,0,311.4736842105,55.6,595.7777777778,0,0,0,0,0,0,10,556,9,5362,8192,288,4,20,0.0,0.0,0,0,0.0,0.0,0,0,Benign,Friday,False,Normal
443,6,23/02/2018 01:35:38,115522604,20,20,771,4537,408,0,38.55,100.4240875907,1460,0,226.85,531.8548748434,45.9477177298,0.3462525827,2962118.05128205,4517046.41244835,10007930,0,115522604,6080137.05263158,4904959.5608414,10093468,31,111459713,5866300.68421053,5092493.56336946,10097336,0,0,0,0,0,412,544,0.1731262914,0.1731262914,0,1460,129.4634146341,385.2884048061,148447.154878049,0,0,0,1,0,0,0,0,1,132.7,38.55,226.85,0,0,0,0,0,0,20,771,20,4537,8192,123,15,20,125473.545454545,130792.894910514,519814,85525,10007212.5454545,1299.3090751348,10007930,10004025,Benign,Friday,False,Normal
80,6,23/02/2018 01:53:20,750,3,4,161,488,161,0,53.6666666667,92.9533933395,488,0,122.0,244.0,865333.333333333,9333.3333333333,125.0,84.9894111051,220,1,395,197.5,108.1873375215,274,121,530,176.6666666667,164.469855394,327,1,0,0,0,0,72,92,4000.0,5333.3333333333,0,488,81.125,173.7875858627,30202.125,0,0,0,1,0,0,0,0,1,92.7142857143,53.6666666667,122.0,0,0,0,0,0,0,3,161,4,488,8192,149,1,20,0.0,0.0,0,0,0.0,0.0,0,0,Benign,Friday,False,Normal
52139,6,23/02/2018 01:57:20,1024,5,1,152,0,50,0,30.4,18.528356646,0,0,0.0,0.0,148437.5,5859.375,204.8,446.8396804224,1004,0,1024,256.0,511.3335506301,1023,0,0,0.0,0.0,0,0,1,0,0,0,100,20,4882.8125,976.5625,0,50,27.1428571429,19.4972525537,380.1428571429,0,1,0,0,1,0,0,0,0,31.6666666667,30.4,0.0,0,0,0,0,0,0,5,152,1,0,62,0,3,20,0.0,0.0,0,0,0.0,0.0,0,0,Benign,Friday,False,Normal
445,6,23/02/2018 03:25:25,183458,2,0,1,0,1,0,0.5,0.7071067812,0,0,0.0,0.0,5.4508388841,10.9016777682,183458.0,0.0,183458,183458,183458,183458.0,0.0,183458,183458,0,0.0,0.0,0,0,0,0,0,0,52,0,10.9016777682,0.0,0,1,0.6666666667,0.5773502692,0.3333333333,0,0,0,0,1,0,0,0,0,1.0,0.5,0.0,0,0,0,0,0,0,2,1,0,0,251,-1,0,20,0.0,0.0,0,0,0.0,0.0,0,0,Benign,Friday,False,Normal
53,17,23/02/2018 03:50:51,31504,2,2,88,206,44,44,44.0,0.0,103,103,103.0,0.0,9332.1482986288,126.968004063,10501.3333333333,9078.1094030273,17872,361,31143,31143.0,0.0,31143,31143,13632,13632.0,0.0,13632,13632,0,0,0,0,16,16,63.4840020315,63.4840020315,44,103,67.6,32.3156308928,1044.3,0,0,0,0,0,0,0,0,1,84.5,44.0,103.0,0,0,0,0,0,0,2,88,2,206,-1,-1,1,8,0.0,0.0,0,0,0.0,0.0,0,0,Benign,Friday,False,Normal
51999,6,23/02/2018 01:55:36,29,1,1,0,0,0,0,0.0,0.0,0,0,0.0,0.0,0.0,68965.5172413793,29.0,0.0,29,29,0,0.0,0.0,0,0,0,0.0,0.0,0,0,0,0,0,0,20,20,34482.7586206897,34482.7586206897,0,0,0.0,0.0,0.0,0,0,0,0,1,1,0,0,1,0.0,0.0,0.0,0,0,0,0,0,0,1,0,1,0,227,257,0,20,0.0,0.0,0,0,0.0,0.0,0,0,Benign,Friday,False,Normal
52901,6,23/02/2018 09:41:09,86036635,2,0,0,0,0,0,0.0,0.0,0,0,0.0,0.0,0.0,0.0232459115,86036635.0,0.0,86036635,86036635,86036635,86036635.0,0.0,86036635,86036635,0,0.0,0.0,0,0,0,0,0,0,40,0,0.0232459115,0.0,0,0,0.0,0.0,0.0,0,0,0,0,1,0,0,0,0,0.0,0.0,0.0,0,0,0,0,0,0,2,0,0,0,62562,-1,0,20,0.0,0.0,0,0,86036635.0,0.0,86036635,86036635,Benign,Friday,False,Normal
52031,6,23/02/2018 01:53:51,1056,3,1,31,0,31,0,10.3333333333,17.8978583449,0,0,0.0,0.0,29356.0606060606,3787.8787878788,352.0,575.9088469541,1017,18,1056,528.0,691.5504320004,1017,39,0,0.0,0.0,0,0,0,0,0,0,60,20,2840.9090909091,946.9696969697,0,31,6.2,13.8636214605,192.2,0,0,0,0,1,0,0,0,0,7.75,10.3333333333,0.0,0,0,0,0,0,0,3,31,1,0,1129,0,1,20,0.0,0.0,0,0,0.0,0.0,0,0,Benign,Friday,False,Normal
51920,6,23/02/2018 01:46:28,0,2,0,0,0,0,0,0.0,0.0,0,0,0.0,0.0,788.1881481705,46.3644477415,0.0,0.0,0,0,0,0.0,0.0,0,0,0,0.0,0.0,0,0,0,0,0,0,40,0,0.0,0.0,0,0,0.0,0.0,0.0,0,0,0,0,1,0,0,0,0,0.0,0.0,0.0,0,0,0,0,0,0,2,0,0,0,5290,-1,0,20,0.0,0.0,0,0,0.0,0.0,0,0,Benign,Friday,False,Normal
5355,17,23/02/2018 08:46:26,419037,2,0,44,0,22,22,22.0,0.0,0,0,0.0,0.0,105.0026608629,4.772848221,419037.0,0.0,419037,419037,419037,419037.0,0.0,419037,419037,0,0.0,0.0,0,0,0,0,0,0,16,0,4.772848221,0.0,22,22,22.0,0.0,0.0,0,0,0,0,0,0,0,0,0,33.0,22.0,0.0,0,0,0,0,0,0,2,44,0,0,-1,-1,1,8,0.0,0.0,0,0,0.0,0.0,0,0,Benign,Friday,False,Normal
45569,6,23/02/2018 09:27:50,86100145,2,0,0,0,0,0,0.0,0.0,0,0,0.0,0.0,0.0,0.0232287646,86100145.0,0.0,86100145,86100145,86100145,86100145.0,0.0,86100145,86100145,0,0.0,0.0,0,0,0,0,0,0,40,0,0.0232287646,0.0,0,0,0.0,0.0,0.0,0,0,0,0,1,0,0,0,0,0.0,0.0,0.0,0,0,0,0,0,0,2,0,0,0,62562,-1,0,20,0.0,0.0,0,0,86100145.0,0.0,86100145,86100145,Benign,Friday,False,Normal
53,17,23/02/2018 03:03:23,319,1,1,36,52,36,36,36.0,0.0,52,52,52.0,0.0,275862.068965517,6269.592476489,319.0,0.0,319,319,0,0.0,0.0,0,0,0,0.0,0.0,0,0,0,0,0,0,8,8,3134.7962382445,3134.7962382445,36,52,41.3333333333,9.237604307,85.3333333333,0,0,0,0,0,0,0,0,1,62.0,36.0,52.0,0,0,0,0,0,0,1,36,1,52,-1,-1,0,8,0.0,0.0,0,0,0.0,0.0,0,0,Benign,Friday,False,Normal
53,17,23/02/2018 08:33:18,860,1,1,32,94,32,32,32.0,0.0,94,94,94.0,0.0,146511.627906977,2325.5813953488,860.0,0.0,860,860,0,0.0,0.0,0,0,0,0.0,0.0,0,0,0,0,0,0,8,8,1162.7906976744,1162.7906976744,32,94,52.6666666667,35.7957166898,1281.3333333333,0,0,0,0,0,0,0,0,1,79.0,32.0,94.0,0,0,0,0,0,0,1,32,1,94,-1,-1,0,8,0.0,0.0,0,0,0.0,0.0,0,0,Benign,Friday,False,Normal
80,6,23/02/2018 08:58:16,52,2,0,0,0,0,0,0.0,0.0,0,0,0.0,0.0,0.0,38461.5384615385,52.0,0.0,52,52,52,52.0,0.0,52,52,0,0.0,0.0,0,0,0,0,0,0,40,0,38461.5384615385,0.0,0,0,0.0,0.0,0.0,0,0,0,0,1,0,0,0,0,0.0,0.0,0.0,0,0,0,0,0,0,2,0,0,0,278,-1,0,20,0.0,0.0,0,0,0.0,0.0,0,0,Benign,Friday,False,Normal
49497,6,23/02/2018 08:17:23,19,1,1,0,0,0,0,0.0,0.0,0,0,0.0,0.0,0.0,105263.157894737,19.0,0.0,19,19,0,0.0,0.0,0,0,0,0.0,0.0,0,0,0,0,0,0,20,20,52631.5789473684,52631.5789473684,0,0,0.0,0.0,0.0,0,0,0,0,1,1,0,0,1,0.0,0.0,0.0,0,0,0,0,0,0,1,0,1,0,172,255,0,20,0.0,0.0,0,0,0.0,0.0,0,0,Benign,Friday,False,Normal
80,6,23/02/2018 11:04:23,896,3,4,161,488,161,0,53.6666666667,92.9533933395,488,0,122.0,244.0,724330.357142857,7812.5,149.3333333333,95.5273084865,278,29,503,251.5,122.3294731453,338,165,618,206.0,220.4971655147,453,29,0,0,0,0,72,92,3348.2142857143,4464.2857142857,0,488,81.125,173.7875858627,30202.125,0,0,0,1,0,0,0,0,1,92.7142857143,53.6666666667,122.0,0,0,0,0,0,0,3,161,4,488,8192,149,1,20,0.0,0.0,0,0,0.0,0.0,0,0,Benign,Friday,False,Normal
80,6,23/02/2018 11:19:53,795,3,4,161,488,161,0,53.6666666667,92.9533933395,488,0,122.0,244.0,816352.201257862,8805.0314465409,132.5,79.9093236112,251,34,435,217.5,126.5721138324,307,128,544,181.3333333333,166.5212699127,362,34,0,0,0,0,72,92,3773.5849056604,5031.4465408805,0,488,81.125,173.7875858627,30202.125,0,0,0,1,0,0,0,0,1,92.7142857143,53.6666666667,122.0,0,0,0,0,0,0,3,161,4,488,8192,149,1,20,0.0,0.0,0,0,0.0,0.0,0,0,Benign,Friday,False,Normal
80,6,23/02/2018 11:38:13,115464996,16,14,447,788,436,0,27.9375,108.8175652181,788,0,56.2857142857,210.601858627,10.6958822395,0.2598190018,3981551.5862069,4876371.85521558,10004323,28,115464996,7697666.4,4132801.00787959,10015602,197,110183558,8475658.30769231,3758957.5376539,10016680,514,0,0,0,0,332,424,0.1385701343,0.1212488675,0,788,39.8387096774,159.3581075804,25395.0064516129,0,0,0,1,0,0,0,0,0,41.1666666667,27.9375,56.2857142857,0,0,0,0,0,0,16,447,14,788,8192,288,12,20,27053.7272727273,52178.8380918757,184378,11217,9989609.63636364,48425.8440097285,10004323,9843601,Benign,Friday,False,Normal
80,6,23/02/2018 11:45:40,576,3,4,161,488,161,0,53.6666666667,92.9533933395,488,0,122.0,244.0,1126736.11111111,12152.7777777778,96.0,58.9643960369,165,24,296,148.0,53.7401153702,186,110,423,141.0,148.455380502,308,24,0,0,0,0,72,92,5208.3333333333,6944.4444444445,0,488,81.125,173.7875858627,30202.125,0,0,0,1,0,0,0,0,1,92.7142857143,53.6666666667,122.0,0,0,0,0,0,0,3,161,4,488,8192,149,1,20,0.0,0.0,0,0,0.0,0.0,0,0,Benign,Friday,False,Normal
443,6,23/02/2018 11:47:07,58462,10,9,539,4248,194,0,53.9,82.1684583983,1460,0,472.0,637.6682131015,81882.2482980398,324.9974342308,3247.8888888889,5874.7717841921,16336,0,58462,6495.7777777778,7613.289134431,18295,23,39587,4948.375,8627.0304266383,20988,0,0,0,0,0,212,192,171.0512811741,153.9461530567,0,1460,239.35,470.2782239215,221161.607894737,0,0,0,1,0,0,0,0,0,251.9473684211,53.9,472.0,0,0,0,0,0,0,10,539,9,4248,8192,62,4,20,0.0,0.0,0,0,0.0,0.0,0,0,Benign,Friday,False,Normal
51096,6,23/02/2018 12:25:05,77,3,1,31,0,31,0,10.3333333333,17.8978583449,0,0,0.0,0.0,402597.402597403,51948.051948052,25.6666666667,14.5028732785,40,11,77,38.5,17.6776695297,51,26,0,0.0,0.0,0,0,0,0,0,0,60,20,38961.038961039,12987.012987013,0,31,6.2,13.8636214605,192.2,0,0,0,0,1,0,0,0,0,7.75,10.3333333333,0.0,0,0,0,0,0,0,3,31,1,0,1129,0,1,20,0.0,0.0,0,0,0.0,0.0,0,0,Benign,Friday,False,Normal
80,6,23/02/2018 12:29:58,54336826,2,0,0,0,0,0,0.0,0.0,0,0,0.0,0.0,0.0,0.0368074499,54336826.0,0.0,54336826,54336826,54336826,54336826.0,0.0,54336826,54336826,0,0.0,0.0,0,0,0,0,0,0,40,0,0.0368074499,0.0,0,0,0.0,0.0,0.0,0,0,0,0,1,0,0,0,0,0.0,0.0,0.0,0,0,0,0,0,0,2,0,0,0,279,-1,0,20,0.0,0.0,0,0,0.0,0.0,0,0,Benign,Friday,False,Normal
80,6,23/02/2018 01:15:29,77,2,0,0,0,0,0,0.0,0.0,0,0,0.0,0.0,0.0,25974.025974026,77.0,0.0,77,77,77,77.0,0.0,77,77,0,0.0,0.0,0,0,0,0,0,0,40,0,25974.025974026,0.0,0,0,0.0,0.0,0.0,0,0,0,0,1,0,0,0,0,0.0,0.0,0.0,0,0,0,0,0,0,2,0,0,0,278,-1,0,20,0.0,0.0,0,0,0.0,0.0,0,0,Benign,Friday,False,Normal
51750,6,23/02/2018 01:39:41,8723,2,1,38,0,38,0,19.0,26.8700576851,0,0,0.0,0.0,4356.2994382667,343.9183767053,4361.5,6135.5655403557,8700,23,8723,8723.0,0.0,8723,8723,0,0.0,0.0,0,0,1,0,0,0,40,20,229.2789178035,114.6394589018,0,38,19.0,21.9393102292,481.3333333333,0,1,0,0,1,0,0,0,0,25.3333333333,19.0,0.0,0,0,0,0,0,0,2,38,1,0,31,0,0,20,0.0,0.0,0,0,0.0,0.0,0,0,Benign,Friday,False,Normal
51798,6,23/02/2018 01:39:46,94390,2,1,38,0,38,0,19.0,26.8700576851,0,0,0.0,0.0,402.5850195995,31.7830278631,47195.0,66714.1105913884,94369,21,94390,94390.0,0.0,94390,94390,0,0.0,0.0,0,0,1,0,0,0,40,20,21.1886852421,10.594342621,0,38,19.0,21.9393102292,481.3333333333,0,1,0,0,1,0,0,0,0,25.3333333333,19.0,0.0,0,0,0,0,0,0,2,38,1,0,176,0,0,20,0.0,0.0,0,0,0.0,0.0,0,0,Benign,Friday,False,Normal
53,17,23/02/2018 02:24:38,1281,1,1,34,79,34,34,34.0,0.0,79,79,79.0,0.0,88212.3341139735,1561.2802498048,1281.0,0.0,1281,1281,0,0.0,0.0,0,0,0,0.0,0.0,0,0,0,0,0,0,8,8,780.6401249024,780.6401249024,34,79,49.0,25.9807621135,675.0,0,0,0,0,0,0,0,0,1,73.5,34.0,79.0,0,0,0,0,0,0,1,34,1,79,-1,-1,0,8,0.0,0.0,0,0,0.0,0.0,0,0,Benign,Friday,False,Normal
53,17,23/02/2018 12:50:23,335,1,1,45,61,45,45,45.0,0.0,61,61,61.0,0.0,316417.910447761,5970.1492537314,335.0,0.0,335,335,0,0.0,0.0,0,0,0,0.0,0.0,0,0,0,0,0,0,8,8,2985.0746268657,2985.0746268657,45,61,50.3333333333,9.237604307,85.3333333333,0,0,0,0,0,0,0,0,1,75.5,45.0,61.0,0,0,0,0,0,0,1,45,1,61,-1,-1,0,8,0.0,0.0,0,0,0.0,0.0,0,0,Benign,Friday,False,Normal
3389,6,23/02/2018 12:40:59,2024726,8,7,1144,1581,677,0,143.0,227.9699228282,1173,0,225.8571428571,430.0986044197,1345.861118986,7.4084098293,144623.285714286,259679.551737382,1007911,3,2024726,289246.571428571,413451.844729572,1216816,3,1866154,311025.666666667,341927.278829091,1007911,158376,0,0,0,0,172,152,3.9511519089,3.4572579203,0,1173,170.3125,319.402717323,102018.095833333,0,0,0,1,0,0,0,0,0,181.6666666667,143.0,225.8571428571,0,0,0,0,0,0,8,1144,7,1581,8192,62856,5,20,0.0,0.0,0,0,0.0,0.0,0,0,Benign,Friday,False,Normal
53,17,23/02/2018 12:01:21,3427,1,1,43,145,43,43,43.0,0.0,145,145,145.0,0.0,54858.4768018675,583.6008170411,3427.0,0.0,3427,3427,0,0.0,0.0,0,0,0,0.0,0.0,0,0,0,0,0,0,8,8,291.8004085206,291.8004085206,43,145,77.0,58.8897274573,3468.0,0,0,0,0,0,0,0,0,1,115.5,43.0,145.0,0,0,0,0,0,0,1,43,1,145,-1,-1,0,8,0.0,0.0,0,0,0.0,0.0,0,0,Benign,Friday,False,Normal
53,17,23/02/2018 01:39:45,1226,1,1,46,85,46,46,46.0,0.0,85,85,85.0,0.0,106851.549755302,1631.32137031,1226.0,0.0,1226,1226,0,0.0,0.0,0,0,0,0.0,0.0,0,0,0,0,0,0,8,8,815.660685155,815.660685155,46,85,59.0,22.5166604984,507.0,0,0,0,0,0,0,0,0,1,88.5,46.0,85.0,0,0,0,0,0,0,1,46,1,85,-1,-1,0,8,0.0,0.0,0,0,0.0,0.0,0,0,Benign,Friday,False,Normal
53,17,23/02/2018 08:29:11,18596,1,1,32,64,32,32,32.0,0.0,64,64,64.0,0.0,5162.4005162401,107.550010755,18596.0,0.0,18596,18596,0,0.0,0.0,0,0,0,0.0,0.0,0,0,0,0,0,0,8,8,53.7750053775,53.7750053775,32,64,42.6666666667,18.4752086141,341.3333333333,0,0,0,0,0,0,0,0,1,64.0,32.0,64.0,0,0,0,0,0,0,1,32,1,64,-1,-1,0,8,0.0,0.0,0,0,0.0,0.0,0,0,Benign,Friday,False,Normal
80,6,23/02/2018 08:18:22,120,2,0,0,0,0,0,0.0,0.0,0,0,0.0,0.0,0.0,16666.6666666667,120.0,0.0,120,120,120,120.0,0.0,120,120,0,0.0,0.0,0,0,0,0,0,0,40,0,16666.6666666667,0.0,0,0,0.0,0.0,0.0,0,0,0,0,1,0,0,0,0,0.0,0.0,0.0,0,0,0,0,0,0,2,0,0,0,256,-1,0,20,0.0,0.0,0,0,0.0,0.0,0,0,Benign,Friday,False,Normal
80,6,23/02/2018 08:19:31,229175,3,2,324,245,324,0,108.0,187.0614872174,245,0,122.5,173.2411613907,2482.8188065889,21.8173884586,57293.75,65863.1663292668,114567,50,114608,57304.0,80389.5557395362,114148,460,115077,115077.0,0.0,115077,115077,0,0,0,0,72,52,13.0904330752,8.7269553834,0,324,94.8333333333,149.0240472765,22208.1666666667,0,0,0,1,0,0,0,0,0,113.8,108.0,122.5,0,0,0,0,0,0,3,324,2,245,8192,60,1,20,0.0,0.0,0,0,0.0,0.0,0,0,Benign,Friday,False,Normal
443,6,23/02/2018 08:24:29,53929469,5,1,123,46,46,0,24.6,23.2765976895,46,46,46.0,0.0,3.1337226777,0.1112564264,10785893.8,24082729.8508338,53866376,30,53929469,13482367.25,26922687.205313,53866376,30,0,0.0,0.0,0,0,1,0,0,0,100,20,0.0927136887,0.0185427377,0,46,30.7142857143,21.6849739506,470.2380952381,0,1,0,0,1,0,0,0,0,35.8333333333,24.6,46.0,0,0,0,0,0,0,5,123,1,46,377,180,2,20,60805.0,0.0,60805,60805,53866376.0,0.0,53866376,53866376,Benign,Friday,False,Normal
80,6,23/02/2018 08:27:34,60055610,9,11,899,2421,894,0,99.8888888889,297.7920601882,1460,0,220.0909090909,501.2704767978,55.282096044,0.333024675,3160821.57894737,4767224.30820194,10090302,1,50192615,6274076.875,5180178.33583289,10101599,295,60044337,6004433.7,5158613.73905699,10101620,1,0,0,0,0,192,292,0.1498611037,0.1831635712,0,1460,158.0952380952,407.4264233898,165996.29047619,0,0,0,1,0,0,0,0,1,166.0,99.8888888889,220.0909090909,0,0,0,0,0,0,9,899,11,2421,8192,112,6,20,20181.0,19828.8948380892,55652,11297,10018342.0,40233.2421636636,10090302,9999291,Benign,Friday,False,Normal
80,6,23/02/2018 08:36:50,154,2,0,0,0,0,0,0.0,0.0,0,0,0.0,0.0,0.0,12987.012987013,154.0,0.0,154,154,154,154.0,0.0,154,154,0,0.0,0.0,0,0,0,0,0,0,40,0,12987.012987013,0.0,0,0,0.0,0.0,0.0,0,0,0,0,1,0,0,0,0,0.0,0.0,0.0,0,0,0,0,0,0,2,0,0,0,256,-1,0,20,0.0,0.0,0,0,0.0,0.0,0,0,Benign,Friday,False,Normal
80,6,23/02/2018 08:42:03,5019811,3,1,0,0,0,0,0.0,0.0,0,0,0.0,0.0,0.0,0.7968427497,1673270.33333333,2881387.21501317,5000391,49,5019811,2509905.5,3522078.37099354,5000391,19420,0,0.0,0.0,0,0,0,0,0,0,72,32,0.5976320622,0.1992106874,0,0,0.0,0.0,0.0,0,0,0,1,0,0,0,0,0,0.0,0.0,0.0,0,0,0,0,0,0,3,0,1,0,8192,14600,0,20,0.0,0.0,0,0,0.0,0.0,0,0,Benign,Friday,False,Normal
51787,6,23/02/2018 09:04:55,1,3,0,31,0,31,0,10.3333333333,17.8978583449,0,0,0.0,0.0,31000000.0,3000000.0,0.5,0.7071067812,1,0,1,0.5,0.7071067812,1,0,0,0.0,0.0,0,0,0,0,0,0,60,0,3000000.0,0.0,0,31,7.75,15.5,240.25,0,0,0,0,1,0,0,0,0,10.3333333333,10.3333333333,0.0,0,0,0,0,0,0,3,31,0,0,1013,-1,1,20,0.0,0.0,0,0,0.0,0.0,0,0,Benign,Friday,False,Normal
51933,6,23/02/2018 09:22:58,999822,2,0,0,0,0,0,0.0,0.0,0,0,0.0,0.0,0.0,2.0003560634,999822.0,0.0,999822,999822,999822,999822.0,0.0,999822,999822,0,0.0,0.0,0,0,0,0,0,0,40,0,2.0003560634,0.0,0,0,0.0,0.0,0.0,0,0,0,0,1,0,0,0,0,0.0,0.0,0.0,0,0,0,0,0,0,2,0,0,0,8413,-1,0,20,0.0,0.0,0,0,0.0,0.0,0,0,Benign,Friday,False,Normal
52355,6,23/02/2018 10:22:28,0,2,0,0,0,0,0,0.0,0.0,0,0,0.0,0.0,788.1881481705,46.3644477415,0.0,0.0,0,0,0,0.0,0.0,0,0,0,0.0,0.0,0,0,0,0,0,0,40,0,0.0,0.0,0,0,0.0,0.0,0.0,0,0,0,0,1,0,0,0,0,0.0,0.0,0.0,0,0,0,0,0,0,2,0,0,0,187,-1,0,20,0.0,0.0,0,0,0.0,0.0,0,0,Benign,Friday,False,Normal
0,0,23/02/2018 12:34:47,59181880,88,0,0,0,0,0,0.0,0.0,0,0,0.0,0.0,0.0,1.4869416112,680251.494252874,1604238.09938901,4818211,26,59181880,680251.494252874,1604238.09938901,4818211,26,0,0.0,0.0,0,0,0,0,0,0,0,0,1.4869416112,0.0,0,0,0.0,0.0,0.0,0,0,0,0,0,0,0,0,0,0.0,0.0,0.0,0,0,0,0,0,0,88,0,0,0,-1,-1,0,0,0.0,0.0,0,0,0.0,0.0,0,0,Benign,Friday,False,Normal
3389,6,23/02/2018 11:02:34,2397151,8,7,1148,1581,677,0,143.5,228.129662379,1173,0,225.8571428571,430.0986044197,1138.4347502515,6.2574280886,171225.071428571,250805.54062444,953039,3,2397151,342450.142857143,404595.949247076,1238808,3,2172842,362140.333333333,290435.261509113,953039,228064,0,0,0,0,172,152,3.3372949806,2.920133108,0,1173,170.5625,319.433241591,102037.595833333,0,0,1,1,0,0,0,1,0,181.9333333333,143.5,225.8571428571,0,0,0,0,0,0,8,1148,7,1581,8192,62852,5,20,0.0,0.0,0,0,0.0,0.0,0,0,Benign,Friday,False,Normal
53,17,23/02/2018 08:32:23,252,1,1,42,58,42,42,42.0,0.0,58,58,58.0,0.0,396825.396825397,7936.5079365079,252.0,0.0,252,252,0,0.0,0.0,0,0,0,0.0,0.0,0,0,0,0,0,0,8,8,3968.253968254,3968.253968254,42,58,47.3333333333,9.237604307,85.3333333333,0,0,0,0,0,0,0,0,1,71.0,42.0,58.0,0,0,0,0,0,0,1,42,1,58,-1,-1,0,8,0.0,0.0,0,0,0.0,0.0,0,0,Benign,Friday,False,Normal
5355,17,23/02/2018 11:36:51,418966,2,0,44,0,22,22,22.0,0.0,0,0,0.0,0.0,105.0204551205,4.7736570509,418966.0,0.0,418966,418966,418966,418966.0,0.0,418966,418966,0,0.0,0.0,0,0,0,0,0,0,16,0,4.7736570509,0.0,22,22,22.0,0.0,0.0,0,0,0,0,0,0,0,0,0,33.0,22.0,0.0,0,0,0,0,0,0,2,44,0,0,-1,-1,1,8,0.0,0.0,0,0,0.0,0.0,0,0,Benign,Friday,False,Normal
53,17,23/02/2018 10:06:01,279471,2,2,88,294,44,44,44.0,0.0,147,147,147.0,0.0,1366.8681186957,14.3127551696,93157.0,135420.706791834,248509,51,30911,30911.0,0.0,30911,30911,51,51.0,0.0,51,51,0,0,0,0,16,16,7.1563775848,7.1563775848,44,147,85.2,56.415423423,3182.7,0,0,0,0,0,0,0,0,1,106.5,44.0,147.0,0,0,0,0,0,0,2,88,2,294,-1,-1,1,8,0.0,0.0,0,0,0.0,0.0,0,0,Benign,Friday,False,Normal
3389,6,23/02/2018 12:47:22,3995082,9,7,1148,1581,677,0,127.5555555556,218.6910555505,1173,0,225.8571428571,430.0986044197,683.0898589816,4.0049240541,266338.8,405136.082684254,1401710,82,3995082,499385.25,536764.215964182,1401710,362,3729878,621646.333333333,669866.032692408,1846517,191491,0,0,0,0,192,152,2.2527697804,1.7521542737,0,1173,160.5294117647,312.0440909645,97371.5147058823,0,0,0,1,0,0,0,0,0,170.5625,127.5555555556,225.8571428571,0,0,0,0,0,0,9,1148,7,1581,8192,62852,5,20,0.0,0.0,0,0,0.0,0.0,0,0,Benign,Friday,False,Normal
53,17,23/02/2018 10:19:36,1227,1,1,77,159,77,77,77.0,0.0,159,159,159.0,0.0,192339.038304808,1629.9918500408,1227.0,0.0,1227,1227,0,0.0,0.0,0,0,0,0.0,0.0,0,0,0,0,0,0,8,8,814.9959250204,814.9959250204,77,159,104.3333333333,47.3427220735,2241.3333333333,0,0,0,0,0,0,0,0,1,156.5,77.0,159.0,0,0,0,0,0,0,1,77,1,159,-1,-1,0,8,0.0,0.0,0,0,0.0,0.0,0,0,Benign,Friday,False,Normal
54074,6,23/02/2018 12:53:29,45,1,1,0,0,0,0,0.0,0.0,0,0,0.0,0.0,0.0,44444.4444444444,45.0,0.0,45,45,0,0.0,0.0,0,0,0,0.0,0.0,0,0,0,0,0,0,20,20,22222.2222222222,22222.2222222222,0,0,0.0,0.0,0.0,0,0,0,0,1,1,0,0,1,0.0,0.0,0.0,0,0,0,0,0,0,1,0,1,0,256,256,0,20,0.0,0.0,0,0,0.0,0.0,0,0,Benign,Friday,False,Normal
53,17,23/02/2018 12:54:09,1664,1,1,51,161,51,51,51.0,0.0,161,161,161.0,0.0,127403.846153846,1201.9230769231,1664.0,0.0,1664,1664,0,0.0,0.0,0,0,0,0.0,0.0,0,0,0,0,0,0,8,8,600.9615384615,600.9615384615,51,161,87.6666666667,63.5085296109,4033.3333333333,0,0,0,0,0,0,0,0,1,131.5,51.0,161.0,0,0,0,0,0,0,1,51,1,161,-1,-1,0,8,0.0,0.0,0,0,0.0,0.0,0,0,Benign,Friday,False,Normal
3389,6,23/02/2018 10:40:10,38006568,11,8,654,2483,209,0,59.4545454545,77.7912124039,1173,0,310.375,532.9861797994,82.5383654741,0.4999135939,2111476.0,4215858.77156196,17781533,37,38006568,3800656.8,5188926.41444164,17781533,63441,37667886,5381126.57142857,6954830.58998906,18104580,308186,0,0,0,0,268,184,0.2894236596,0.2104899343,0,1173,156.85,352.9231726445,124554.765789474,0,0,0,1,0,0,0,0,0,165.1052631579,59.4545454545,310.375,0,0,0,0,0,0,11,654,8,2483,8192,63614,5,20,19886406.0,0.0,19886406,19886406,17781533.0,0.0,17781533,17781533,Benign,Friday,False,Normal
443,6,23/02/2018 12:51:00,390063,8,7,1429,4696,1100,0,178.625,380.1935362417,1460,0,670.8571428571,658.7221034122,15702.5916326337,38.4553264473,27861.6428571429,32518.2194838693,90260,1,390063,55723.2857142857,40770.2514656389,106583,982,199272,33212.0,35125.5434918807,71893,1,0,0,0,0,172,152,20.5095074385,17.9458190087,0,1460,382.8125,558.3423345046,311746.1625,0,0,0,1,0,0,0,0,0,408.3333333333,178.625,670.8571428571,0,0,0,0,0,0,8,1429,7,4696,8192,1026,3,20,0.0,0.0,0,0,0.0,0.0,0,0,Benign,Friday,False,Normal
0,0,23/02/2018 12:54:41,56319686,2,0,0,0,0,0,0.0,0.0,0,0,0.0,0.0,0.0,0.0355115616,56319686.0,0.0,56319686,56319686,56319686,56319686.0,0.0,56319686,56319686,0,0.0,0.0,0,0,0,0,0,0,0,0,0.0355115616,0.0,0,0,0.0,0.0,0.0,0,0,0,0,0,0,0,0,0,0.0,0.0,0.0,0,0,0,0,0,0,2,0,0,0,-1,-1,0,0,0.0,0.0,0,0,56319686.0,0.0,56319686,56319686,Benign,Friday,False,Normal
50434,6,23/02/2018 08:25:07,40,1,1,0,0,0,0,0.0,0.0,0,0,0.0,0.0,0.0,50000.0,40.0,0.0,40,40,0,0.0,0.0,0,0,0,0.0,0.0,0,0,0,0,0,0,20,20,25000.0,25000.0,0,0,0.0,0.0,0.0,0,0,0,0,1,1,0,0,1,0.0,0.0,0.0,0,0,0,0,0,0,1,0,1,0,123,256,0,20,0.0,0.0,0,0,0.0,0.0,0,0,Benign,Friday,False,Normal
443,6,23/02/2018 12:37:37,734290,7,8,1429,4696,1100,0,204.1428571429,403.1883052915,1460,0,587.0,654.3570453943,8341.3910035545,20.4278963352,52449.2857142857,86097.1008369473,320857,1,734290,122381.666666667,120944.844908192,320857,1478,663165,94737.8571428571,135697.776411933,382599,1,0,0,0,0,152,172,9.5330182898,10.8948780455,0,1460,382.8125,558.3423345046,311746.1625,0,0,0,1,0,0,0,0,1,408.3333333333,204.1428571429,587.0,0,0,0,0,0,0,7,1429,8,4696,8192,1026,3,20,0.0,0.0,0,0,0.0,0.0,0,0,Benign,Friday,False,Normal
80,6,23/02/2018 10:14:27,6574134,4,4,97,231,97,0,24.25,48.5,231,0,57.75,115.5,49.8925029517,1.2168903159,939162.0,2457536.51916603,6512091,43,62043,20681.0,35533.0680352823,61711,109,6573954,2191318.0,3795016.85033782,6573426,224,0,0,0,0,92,92,0.6084451579,0.6084451579,0,231,36.4444444444,79.6996096463,6352.0277777778,0,0,0,1,0,0,0,0,1,41.0,24.25,57.75,0,0,0,0,0,0,4,97,4,231,8192,141,1,20,0.0,0.0,0,0,0.0,0.0,0,0,Benign,Friday,False,Normal
80,6,23/02/2018 10:43:28,6180109,4,4,97,231,97,0,24.25,48.5,231,0,57.75,115.5,53.073497571,1.2944755505,882872.714285714,2312024.56849148,6125859,42,54250,18083.3333333333,30930.0299116139,53798,109,6179808,2059936.0,3567397.66127369,6179212,275,0,0,0,0,92,92,0.6472377753,0.6472377753,0,231,36.4444444444,79.6996096463,6352.0277777778,0,0,0,1,0,0,0,0,1,41.0,24.25,57.75,0,0,0,0,0,0,4,97,4,231,8192,141,1,20,0.0,0.0,0,0,0.0,0.0,0,0,Benign,Friday,False,Normal
443,6,23/02/2018 11:44:34,113164626,17,20,578,1466,517,0,34.0,125.0619846316,438,0,73.3,160.7839675171,18.0621813746,0.3269572949,3143461.83333333,4554509.44427747,10014927,1,113141769,7071360.5625,4379936.94387062,10037738,722,113141692,5954825.89473684,4803956.43086844,10037980,1,0,0,0,0,352,532,0.150223622,0.1767336729,0,517,53.7894736842,143.1867346065,20502.4409672831,0,0,0,1,0,0,0,0,1,55.2432432432,34.0,73.3,0,0,0,0,0,0,17,578,20,1466,8192,1494,12,20,41005.5833333333,35310.0543792438,127909,22811,9387475.16666667,1484454.05599401,10014927,5355933,Benign,Friday,False,Normal
445,6,23/02/2018 12:48:06,146401,3,1,0,0,0,0,0.0,0.0,0,0,0.0,0.0,0.0,27.3222177444,48800.3333333333,84354.9158338347,146205,95,146401,73200.5,103378.304302692,146300,101,0,0.0,0.0,0,0,0,0,0,0,72,32,20.4916633083,6.8305544361,0,0,0.0,0.0,0.0,0,0,0,1,0,0,0,0,0,0.0,0.0,0.0,0,0,0,0,0,0,3,0,1,0,8192,8192,0,20,0.0,0.0,0,0,0.0,0.0,0,0,Benign,Friday,False,Normal
80,6,23/02/2018 03:02:59,158,2,0,0,0,0,0,0.0,0.0,0,0,0.0,0.0,0.0,12658.2278481013,158.0,0.0,158,158,158,158.0,0.0,158,158,0,0.0,0.0,0,0,0,0,0,0,40,0,12658.2278481013,0.0,0,0,0.0,0.0,0.0,0,0,0,0,1,0,0,0,0,0.0,0.0,0.0,0,0,0,0,0,0,2,0,0,0,253,-1,0,20,0.0,0.0,0,0,0.0,0.0,0,0,Benign,Friday,False,Normal
80,6,23/02/2018 03:45:34,115691703,16,14,491,1186,480,0,30.6875,119.8174827255,1186,0,84.7142857143,316.9718329081,14.4954215083,0.259309866,3989369.06896552,4849373.47092525,10013840,48,115691703,7712780.2,4205932.9040037,10109284,173,111346045,8565080.38461539,3768905.87105879,10109506,50371,0,0,0,0,332,424,0.1382985952,0.1210112708,0,1186,54.0967741935,227.0305933626,51542.8903225807,0,0,0,1,0,0,0,0,0,55.9,30.6875,84.7142857143,0,0,0,0,0,0,16,491,14,1186,8192,172,12,20,114140.909090909,61840.2076734135,300596,95431,10008199.0909091,18311.6670429238,10013840,9952988,Benign,Friday,False,Normal
3389,6,23/02/2018 10:05:32,3280763,11,7,1148,1581,677,0,104.3636363636,202.2944748268,1173,0,225.8571428571,430.0986044197,831.8186958339,5.4865285911,192986.058823529,432753.38230343,1609092,4,3280763,328076.3,548339.152922725,1609092,4,3258515,543085.833333333,653570.833350576,1675331,19833,0,0,0,0,232,152,3.3528785834,2.1336500076,0,1173,143.6315789474,298.5202785828,89114.3567251462,0,0,1,1,0,0,0,1,0,151.6111111111,104.3636363636,225.8571428571,0,0,0,0,0,0,11,1148,7,1581,8192,62852,5,20,0.0,0.0,0,0,0.0,0.0,0,0,Benign,Friday,False,Normal
58044,6,23/02/2018 05:09:39,53,2,0,0,0,0,0,0.0,0.0,0,0,0.0,0.0,0.0,37735.8490566038,53.0,0.0,53,53,53,53.0,0.0,53,53,0,0.0,0.0,0,0,0,0,0,0,40,0,37735.8490566038,0.0,0,0,0.0,0.0,0.0,0,0,0,0,1,0,0,0,0,0.0,0.0,0.0,0,0,0,0,0,0,2,0,0,0,256,-1,0,20,0.0,0.0,0,0,0.0,0.0,0,0,Benign,Friday,False,Normal
53,17,23/02/2018 03:52:25,20650,1,1,59,127,59,59,59.0,0.0,127,127,127.0,0.0,9007.2639225182,96.8523002421,20650.0,0.0,20650,20650,0,0.0,0.0,0,0,0,0.0,0.0,0,0,0,0,0,0,8,8,48.4261501211,48.4261501211,59,127,81.6666666667,39.2598183049,1541.3333333333,0,0,0,0,0,0,0,0,1,122.5,59.0,127.0,0,0,0,0,0,0,1,59,1,127,-1,-1,0,8,0.0,0.0,0,0,0.0,0.0,0,0,Benign,Friday,False,Normal
50667,6,23/02/2018 11:42:17,30,1,1,0,0,0,0,0.0,0.0,0,0,0.0,0.0,0.0,66666.6666666667,30.0,0.0,30,30,0,0.0,0.0,0,0,0,0.0,0.0,0,0,0,0,0,0,20,20,33333.3333333333,33333.3333333333,0,0,0.0,0.0,0.0,0,0,0,0,1,1,0,0,1,0.0,0.0,0.0,0,0,0,0,0,0,1,0,1,0,288,253,0,20,0.0,0.0,0,0,0.0,0.0,0,0,Benign,Friday,False,Normal
56810,6,23/02/2018 05:22:30,143,2,0,0,0,0,0,0.0,0.0,0,0,0.0,0.0,0.0,13986.013986014,143.0,0.0,143,143,143,143.0,0.0,143,143,0,0.0,0.0,0,0,0,0,0,0,40,0,13986.013986014,0.0,0,0,0.0,0.0,0.0,0,0,0,0,1,0,0,0,0,0.0,0.0,0.0,0,0,0,0,0,0,2,0,0,0,259,-1,0,20,0.0,0.0,0,0,0.0,0.0,0,0,Benign,Friday,False,Normal
53,17,23/02/2018 11:40:20,45367,2,2,58,230,29,29,29.0,0.0,115,115,115.0,0.0,6348.2266845945,88.1698150638,15122.3333333333,14786.3140888233,29548,0,29548,29548.0,0.0,29548,29548,0,0.0,0.0,0,0,0,0,0,0,16,16,44.0849075319,44.0849075319,29,115,63.4,47.1041399454,2218.8,0,0,0,0,0,0,0,0,1,79.25,29.0,115.0,0,0,0,0,0,0,2,58,2,230,-1,-1,1,8,0.0,0.0,0,0,0.0,0.0,0,0,Benign,Friday,False,Normal
53,17,23/02/2018 03:59:13,153491,2,2,66,450,33,33,33.0,0.0,225,225,225.0,0.0,3361.7606244014,26.0601598791,51163.6666666667,87227.0098612427,151883,291,153200,153200.0,0.0,153200,153200,152174,152174.0,0.0,152174,152174,0,0,0,0,16,16,13.0300799395,13.0300799395,33,225,109.8,105.162731041,11059.2,0,0,0,0,0,0,0,0,1,137.25,33.0,225.0,0,0,0,0,0,0,2,66,2,450,-1,-1,1,8,0.0,0.0,0,0,0.0,0.0,0,0,Benign,Friday,False,Normal
50193,6,23/02/2018 10:39:19,20,1,1,0,0,0,0,0.0,0.0,0,0,0.0,0.0,0.0,100000.0,20.0,0.0,20,20,0,0.0,0.0,0,0,0,0.0,0.0,0,0,0,0,0,0,20,20,50000.0,50000.0,0,0,0.0,0.0,0.0,0,0,0,0,1,1,0,0,1,0.0,0.0,0.0,0,0,0,0,0,0,1,0,1,0,123,256,0,20,0.0,0.0,0,0,0.0,0.0,0,0,Benign,Friday,False,Normal
445,6,23/02/2018 09:04:08,1060371,9,5,455,338,140,0,50.5555555556,62.5561969574,145,0,67.6,69.7588704037,747.8514595363,13.2029261457,81567.0,127219.560021248,266064,4,1060291,132536.375,141644.1409246,266132,4,1060303,265075.75,877.2712902328,266354,264355,0,0,0,0,192,112,8.4875953794,4.7153307663,0,145,52.8666666667,62.5069900853,3907.1238095238,0,0,0,1,0,0,0,0,0,56.6428571429,50.5555555556,67.6,0,0,0,0,0,0,9,455,5,338,8192,0,4,20,0.0,0.0,0,0,0.0,0.0,0,0,Benign,Friday,False,Normal
53,17,23/02/2018 04:16:46,355,1,1,31,63,31,31,31.0,0.0,63,63,63.0,0.0,264788.732394366,5633.8028169014,355.0,0.0,355,355,0,0.0,0.0,0,0,0,0.0,0.0,0,0,0,0,0,0,8,8,2816.9014084507,2816.9014084507,31,63,41.6666666667,18.4752086141,341.3333333333,0,0,0,0,0,0,0,0,1,62.5,31.0,63.0,0,0,0,0,0,0,1,31,1,63,-1,-1,0,8,0.0,0.0,0,0,0.0,0.0,0,0,Benign,Friday,False,Normal
53,17,23/02/2018 08:56:04,112321,2,2,78,110,39,39,39.0,0.0,55,55,55.0,0.0,1673.7742719527,35.6122185522,37440.3333333333,44212.0194328797,86227,24,26070,26070.0,0.0,26070,26070,24,24.0,0.0,24,24,0,0,0,0,16,16,17.8061092761,17.8061092761,39,55,45.4,8.7635609201,76.8,0,0,0,0,0,0,0,0,1,56.75,39.0,55.0,0,0,0,0,0,0,2,78,2,110,-1,-1,1,8,0.0,0.0,0,0,0.0,0.0,0,0,Benign,Friday,False,Normal
53,17,23/02/2018 03:05:57,310,1,1,36,164,36,36,36.0,0.0,164,164,164.0,0.0,645161.290322581,6451.6129032258,310.0,0.0,310,310,0,0.0,0.0,0,0,0,0.0,0.0,0,0,0,0,0,0,8,8,3225.8064516129,3225.8064516129,36,164,78.6666666667,73.9008344563,5461.3333333333,0,0,0,0,0,0,0,0,1,118.0,36.0,164.0,0,0,0,0,0,0,1,36,1,164,-1,-1,0,8,0.0,0.0,0,0,0.0,0.0,0,0,Benign,Friday,False,Normal
3389,6,23/02/2018 09:15:05,4035529,14,8,1440,1731,725,0,102.8571428571,191.1728405006,1179,0,216.375,405.4647906151,785.7705891842,5.4515777238,192168.047619048,274080.871388442,953381,43,4035529,310425.307692308,375929.602887159,1287295,9758,4009564,572794.857142857,401427.174875439,1056092,119119,0,0,0,0,292,172,3.4691858242,1.9823918996,0,1179,137.8695652174,278.9101035276,77790.8458498024,0,0,1,1,0,0,0,1,0,144.1363636364,102.8571428571,216.375,0,0,0,0,0,0,14,1440,8,1731,8192,62560,7,20,0.0,0.0,0,0,0.0,0.0,0,0,Benign,Friday,False,Normal
3389,6,23/02/2018 09:29:04,4048337,14,8,1439,1731,725,0,102.7857142857,191.1971107649,1179,0,216.375,405.4647906151,783.0375781463,5.4343301953,192777.952380952,278937.282990545,953164,4,4048337,311410.538461538,363180.743167369,1207010,4,4012366,573195.142857143,370377.594465175,1052513,107786,0,0,0,0,292,172,3.4582101243,1.976120071,0,1179,137.8260869565,278.9256421235,77799.5138339921,0,0,1,1,0,0,0,1,0,144.0909090909,102.7857142857,216.375,0,0,0,0,0,0,14,1439,8,1731,8192,62561,7,20,0.0,0.0,0,0,0.0,0.0,0,0,Benign,Friday,False,Normal
443,6,23/02/2018 10:37:22,117011656,15,15,865,6961,238,0,57.6666666667,83.3578059304,1460,0,464.0666666667,632.6407767295,66.8822258186,0.2563847144,4034884.68965517,15034139.7554789,58577213,1,117011656,8357975.42857143,21172766.1098129,58618676,31,116935596,8352542.57142857,21181824.3937448,58588793,1,0,0,0,0,312,312,0.1281923572,0.1281923572,0,1460,252.4516129032,483.2226428683,233504.122580645,0,0,0,1,0,0,0,0,1,260.8666666667,57.6666666667,464.0666666667,0,0,0,0,0,0,15,865,15,6961,8192,32,7,20,155355.0,131820.260362359,248566,62144,58312386.5,374521.227975798,58577213,58047560,Benign,Friday,False,Normal
80,6,23/02/2018 12:00:28,5673549,4,4,97,231,97,0,24.25,48.5,231,0,57.75,115.5,57.8121383987,1.4100521561,810507.0,2121696.34553227,5621871,60,51678,17226.0,29526.3014277102,51320,136,5673387,1891129.0,3274989.38049103,5672761,244,0,0,0,0,92,92,0.705026078,0.705026078,0,231,36.4444444444,79.6996096463,6352.0277777778,0,0,0,1,0,0,0,0,1,41.0,24.25,57.75,0,0,0,0,0,0,4,97,4,231,8192,141,1,20,0.0,0.0,0,0,0.0,0.0,0,0,Benign,Friday,False,Normal
443,6,23/02/2018 12:18:34,10208763,7,11,782,6559,464,0,111.7142857143,173.5297422017,1420,0,596.2727272727,665.7831615337,719.0881010755,1.7631910938,600515.470588235,2392234.15726207,9883099,0,325663,54277.1666666667,53277.7167732127,155276,5390,10185565,1018556.5,3132829.69957844,9933806,0,0,0,0,0,152,232,0.6856854254,1.0775056684,0,1420,386.3684210526,566.4377194877,320851.69005848,0,0,0,1,0,0,0,0,1,407.8333333333,111.7142857143,596.2727272727,0,0,0,0,0,0,7,782,11,6559,8192,239,3,20,325663.0,0.0,325663,325663,9883099.0,0.0,9883099,9883099,Benign,Friday,False,Normal
80,6,23/02/2018 04:30:42,1831,2,0,0,0,0,0,0.0,0.0,0,0,0.0,0.0,0.0,1092.2992900055,1831.0,0.0,1831,1831,1831,1831.0,0.0,1831,1831,0,0.0,0.0,0,0,0,0,0,0,40,0,1092.2992900055,0.0,0,0,0.0,0.0,0.0,0,0,0,0,1,0,0,0,0,0.0,0.0,0.0,0,0,0,0,0,0,2,0,0,0,253,-1,0,20,0.0,0.0,0,0,0.0,0.0,0,0,Benign,Friday,False,Normal
52933,6,23/02/2018 05:21:12,6915707,2,0,0,0,0,0,0.0,0.0,0,0,0.0,0.0,0.0,0.2891967517,6915707.0,0.0,6915707,6915707,6915707,6915707.0,0.0,6915707,6915707,0,0.0,0.0,0,0,0,0,0,0,40,0,0.2891967517,0.0,0,0,0.0,0.0,0.0,0,0,0,0,1,1,0,0,0,0.0,0.0,0.0,0,0,0,0,0,0,2,0,0,0,60,-1,0,20,0.0,0.0,0,0,0.0,0.0,0,0,Benign,Friday,False,Normal
16607,6,23/02/2018 08:39:54,85881413,2,0,0,0,0,0,0.0,0.0,0,0,0.0,0.0,0.0,0.0232879261,85881413.0,0.0,85881413,85881413,85881413,85881413.0,0.0,85881413,85881413,0,0.0,0.0,0,0,0,0,0,0,40,0,0.0232879261,0.0,0,0,0.0,0.0,0.0,0,0,0,0,1,0,0,0,0,0.0,0.0,0.0,0,0,0,0,0,0,2,0,0,0,62558,-1,0,20,0.0,0.0,0,0,85881413.0,0.0,85881413,85881413,Benign,Friday,False,Normal
10995,6,23/02/2018 10:33:57,85942081,2,0,0,0,0,0,0.0,0.0,0,0,0.0,0.0,0.0,0.0232714868,85942081.0,0.0,85942081,85942081,85942081,85942081.0,0.0,85942081,85942081,0,0.0,0.0,0,0,0,0,0,0,40,0,0.0232714868,0.0,0,0,0.0,0.0,0.0,0,0,0,0,1,0,0,0,0,0.0,0.0,0.0,0,0,0,0,0,0,2,0,0,0,62559,-1,0,20,0.0,0.0,0,0,85942081.0,0.0,85942081,85942081,Benign,Friday,False,Normal
53,17,23/02/2018 10:03:39,66232,2,2,80,202,40,40,40.0,0.0,101,101,101.0,0.0,4257.7605991062,60.3937673632,22077.3333333333,37187.1225739951,65016,316,65916,65916.0,0.0,65916,65916,65332,65332.0,0.0,65332,65332,0,0,0,0,16,16,30.1968836816,30.1968836816,40,101,64.4,33.4110760078,1116.3,0,0,0,0,0,0,0,0,1,80.5,40.0,101.0,0,0,0,0,0,0,2,80,2,202,-1,-1,1,8,0.0,0.0,0,0,0.0,0.0,0,0,Benign,Friday,False,Normal
53,17,23/02/2018 02:06:38,11769,1,1,37,87,37,37,37.0,0.0,87,87,87.0,0.0,10536.1543036792,169.93797264,11769.0,0.0,11769,11769,0,0.0,0.0,0,0,0,0.0,0.0,0,0,0,0,0,0,8,8,84.96898632,84.96898632,37,87,53.6666666667,28.8675134595,833.3333333333,0,0,0,0,0,0,0,0,1,80.5,37.0,87.0,0,0,0,0,0,0,1,37,1,87,-1,-1,0,8,0.0,0.0,0,0,0.0,0.0,0,0,Benign,Friday,False,Normal
8209,6,23/02/2018 10:19:41,86088631,2,0,0,0,0,0,0.0,0.0,0,0,0.0,0.0,0.0,0.0232318713,86088631.0,0.0,86088631,86088631,86088631,86088631.0,0.0,86088631,86088631,0,0.0,0.0,0,0,0,0,0,0,40,0,0.0232318713,0.0,0,0,0.0,0.0,0.0,0,0,0,0,1,0,0,0,0,0.0,0.0,0.0,0,0,0,0,0,0,2,0,0,0,62562,-1,0,20,0.0,0.0,0,0,86088631.0,0.0,86088631,86088631,Benign,Friday,False,Normal
30744,6,23/02/2018 09:24:42,86220299,2,0,0,0,0,0,0.0,0.0,0,0,0.0,0.0,0.0,0.0231963937,86220299.0,0.0,86220299,86220299,86220299,86220299.0,0.0,86220299,86220299,0,0.0,0.0,0,0,0,0,0,0,40,0,0.0231963937,0.0,0,0,0.0,0.0,0.0,0,0,0,0,1,0,0,0,0,0.0,0.0,0.0,0,0,0,0,0,0,2,0,0,0,62541,-1,0,20,0.0,0.0,0,0,86220299.0,0.0,86220299,86220299,Benign,Friday,False,Normal
53,17,23/02/2018 02:06:43,12705,1,1,44,100,44,44,44.0,0.0,100,100,100.0,0.0,11334.1204250295,157.4183392365,12705.0,0.0,12705,12705,0,0.0,0.0,0,0,0,0.0,0.0,0,0,0,0,0,0,8,8,78.7091696183,78.7091696183,44,100,62.6666666667,32.3316150746,1045.3333333333,0,0,0,0,0,0,0,0,1,94.0,44.0,100.0,0,0,0,0,0,0,1,44,1,100,-1,-1,0,8,0.0,0.0,0,0,0.0,0.0,0,0,Benign,Friday,False,Normal
54027,6,23/02/2018 08:29:55,86162221,2,0,0,0,0,0,0.0,0.0,0,0,0.0,0.0,0.0,0.0232120293,86162221.0,0.0,86162221,86162221,86162221,86162221.0,0.0,86162221,86162221,0,0.0,0.0,0,0,0,0,0,0,40,0,0.0232120293,0.0,0,0,0.0,0.0,0.0,0,0,0,0,1,0,0,0,0,0.0,0.0,0.0,0,0,0,0,0,0,2,0,0,0,62561,-1,0,20,0.0,0.0,0,0,86162221.0,0.0,86162221,86162221,Benign,Friday,False,Normal
53,17,23/02/2018 10:03:41,11243,1,1,31,87,31,31,31.0,0.0,87,87,87.0,0.0,10495.4193720537,177.8884639331,11243.0,0.0,11243,11243,0,0.0,0.0,0,0,0,0.0,0.0,0,0,0,0,0,0,8,8,88.9442319666,88.9442319666,31,87,49.6666666667,32.3316150746,1045.3333333333,0,0,0,0,0,0,0,0,1,74.5,31.0,87.0,0,0,0,0,0,0,1,31,1,87,-1,-1,0,8,0.0,0.0,0,0,0.0,0.0,0,0,Benign,Friday,False,Normal
53,17,23/02/2018 10:03:40,168039,2,2,106,238,53,53,53.0,0.0,119,119,119.0,0.0,2047.1438178042,23.8039978814,56013.0,96039.1051186963,166909,305,167734,167734.0,0.0,167734,167734,167214,167214.0,0.0,167214,167214,0,0,0,0,16,16,11.9019989407,11.9019989407,53,119,79.4,36.1496887953,1306.8,0,0,0,0,0,0,0,0,1,99.25,53.0,119.0,0,0,0,0,0,0,2,106,2,238,-1,-1,1,8,0.0,0.0,0,0,0.0,0.0,0,0,Benign,Friday,False,Normal
53287,6,23/02/2018 08:55:39,86228455,2,0,0,0,0,0,0.0,0.0,0,0,0.0,0.0,0.0,0.0231941996,86228455.0,0.0,86228455,86228455,86228455,86228455.0,0.0,86228455,86228455,0,0.0,0.0,0,0,0,0,0,0,40,0,0.0231941996,0.0,0,0,0.0,0.0,0.0,0,0,0,0,1,0,0,0,0,0.0,0.0,0.0,0,0,0,0,0,0,2,0,0,0,62541,-1,0,20,0.0,0.0,0,0,86228455.0,0.0,86228455,86228455,Benign,Friday,False,Normal
3389,6,23/02/2018 04:44:43,5396159,11,7,1148,1581,677,0,104.3636363636,202.2944748268,1173,0,225.8571428571,430.0986044197,505.7300943134,3.3357060087,317421.117647059,640878.711771764,2572867,89,5396159,539615.9,801632.486977868,2572867,1353,5250361,875060.166666667,998950.932657739,2762633,147090,0,0,0,0,232,152,2.0384870053,1.2972190034,0,1173,143.6315789474,298.5202785828,89114.3567251462,0,0,1,1,0,0,0,1,0,151.6111111111,104.3636363636,225.8571428571,0,0,0,0,0,0,11,1148,7,1581,8192,62852,5,20,0.0,0.0,0,0,0.0,0.0,0,0,Benign,Friday,False,Normal
50634,6,23/02/2018 02:47:06,49,2,0,0,0,0,0,0.0,0.0,0,0,0.0,0.0,0.0,40816.3265306122,49.0,0.0,49,49,49,49.0,0.0,49,49,0,0.0,0.0,0,0,0,0,0,0,40,0,40816.3265306122,0.0,0,0,0.0,0.0,0.0,0,0,0,0,1,0,0,0,0,0.0,0.0,0.0,0,0,0,0,0,0,2,0,0,0,260,-1,0,20,0.0,0.0,0,0,0.0,0.0,0,0,Benign,Friday,False,Normal
3389,6,23/02/2018 08:31:32,4145029,13,9,1441,1731,725,0,110.8461538462,196.5501828007,1179,0,192.3333333333,386.0744746807,765.2539946041,5.3075623838,197382.333333333,307671.581237906,1124703,61,4145029,345419.083333333,416412.766032686,1254773,39658,4073391,509173.875,428460.246772569,1273768,156215,0,0,0,0,272,192,3.1362868631,2.1712755206,0,1179,137.9130434783,278.894719961,77782.2648221344,0,0,1,1,0,0,0,1,0,144.1818181818,110.8461538462,192.3333333333,0,0,0,0,0,0,13,1441,9,1731,8192,62559,7,20,0.0,0.0,0,0,0.0,0.0,0,0,Benign,Friday,False,Normal
445,6,23/02/2018 09:11:38,721990,7,5,364,582,103,0,52.0,49.2172056636,409,0,116.4,167.0353256051,1310.2674552279,16.620728819,65635.4545454545,74675.8144506823,144712,39,721990,120331.666666667,58519.7582143558,145623,897,579140,144785.0,1500.6347545844,146735,143086,0,0,0,0,152,112,9.6954251444,6.9253036746,0,409,72.7692307692,109.5332170669,11997.5256410256,0,0,0,1,0,0,0,0,0,78.8333333333,52.0,116.4,0,0,0,0,0,0,7,364,5,582,8192,255,4,20,0.0,0.0,0,0,0.0,0.0,0,0,Benign,Friday,False,Normal
3389,6,23/02/2018 10:06:50,4060140,14,9,1439,1731,725,0,102.7857142857,191.1971107649,1179,0,192.3333333333,386.0744746807,780.761254538,5.6648292916,184551.818181818,235710.459124797,953105,140,4060140,312318.461538462,340071.516659025,1314034,10875,3940776,492597.0,335470.989811127,953105,78077,0,0,0,0,292,192,3.4481569601,2.2166723315,0,1179,132.0833333333,274.2415496168,75208.4275362319,0,0,1,1,0,0,0,1,0,137.8260869565,102.7857142857,192.3333333333,0,0,0,0,0,0,14,1439,9,1731,8192,62561,7,20,0.0,0.0,0,0,0.0,0.0,0,0,Benign,Friday,False,Normal
53,17,23/02/2018 09:18:34,281,1,1,36,68,36,36,36.0,0.0,68,68,68.0,0.0,370106.761565836,7117.4377224199,281.0,0.0,281,281,0,0.0,0.0,0,0,0,0.0,0.0,0,0,0,0,0,0,8,8,3558.71886121,3558.71886121,36,68,46.6666666667,18.4752086141,341.3333333333,0,0,0,0,0,0,0,0,1,70.0,36.0,68.0,0,0,0,0,0,0,1,36,1,68,-1,-1,0,8,0.0,0.0,0,0,0.0,0.0,0,0,Benign,Friday,False,Normal
80,6,23/02/2018 11:45:34,72,2,0,0,0,0,0,0.0,0.0,0,0,0.0,0.0,0.0,27777.7777777778,72.0,0.0,72,72,72,72.0,0.0,72,72,0,0.0,0.0,0,0,0,0,0,0,40,0,27777.7777777778,0.0,0,0,0.0,0.0,0.0,0,0,0,0,1,0,0,0,0,0.0,0.0,0.0,0,0,0,0,0,0,2,0,0,0,278,-1,0,20,0.0,0.0,0,0,0.0,0.0,0,0,Benign,Friday,False,Normal
3389,6,23/02/2018 03:23:28,3991478,14,8,1460,1731,741,0,104.2857142857,195.0906805216,1179,0,216.375,405.4647906151,799.4532351174,5.511742768,190070.380952381,251920.726426683,953134,78,3991478,307036.769230769,336085.707189935,1227667,40865,3934601,562085.857142857,324640.171629261,1059543,205297,0,0,0,0,292,172,3.5074726705,2.0042700974,0,1179,138.7391304348,280.3960214656,78621.9288537549,0,0,1,1,0,0,0,1,0,145.0454545455,104.2857142857,216.375,0,0,0,0,0,0,14,1460,8,1731,8192,62625,7,20,0.0,0.0,0,0,0.0,0.0,0,0,Benign,Friday,False,Normal
3389,6,23/02/2018 04:18:01,3922964,14,9,1437,1731,725,0,102.6428571429,191.2467625238,1179,0,192.3333333333,386.0744746807,807.5526566137,5.862913858,178316.545454545,254857.53607321,953144,4,3922964,301766.461538462,338084.644481629,1195283,4,3853502,481687.75,366019.195425888,953144,62526,0,0,0,0,292,192,3.5687301744,2.2941836836,0,1179,132.0,274.270415593,75224.2608695652,0,0,1,1,0,0,0,1,0,137.7391304348,102.6428571429,192.3333333333,0,0,0,0,0,0,14,1437,9,1731,8192,62563,7,20,0.0,0.0,0,0,0.0,0.0,0,0,Benign,Friday,False,Normal
7776,6,23/02/2018 09:39:30,86150379,2,0,0,0,0,0,0.0,0.0,0,0,0.0,0.0,0.0,0.02321522,86150379.0,0.0,86150379,86150379,86150379,86150379.0,0.0,86150379,86150379,0,0.0,0.0,0,0,0,0,0,0,40,0,0.02321522,0.0,0,0,0.0,0.0,0.0,0,0,0,0,1,0,0,0,0,0.0,0.0,0.0,0,0,0,0,0,0,2,0,0,0,62558,-1,0,20,0.0,0.0,0,0,86150379.0,0.0,86150379,86150379,Benign,Friday,False,Normal
3389,6,23/02/2018 05:19:34,2422382,8,8,1128,1618,661,0,141.0,222.62332056,1173,0,202.25,403.7533723875,1133.5949491038,6.605068895,161492.133333333,241015.649164076,937535,92,2422382,346054.571428571,541732.696411203,1565809,752,2234961,319280.142857143,282002.80022453,937535,170045,0,0,0,0,172,172,3.3025344475,3.3025344475,0,1173,161.5294117647,309.3111535426,95673.3897058824,0,0,1,1,0,0,0,1,1,171.625,141.0,202.25,0,0,0,0,0,0,8,1128,8,1618,8192,62872,5,20,0.0,0.0,0,0,0.0,0.0,0,0,Benign,Friday,False,Normal
39241,6,23/02/2018 02:51:48,86238968,2,0,0,0,0,0,0.0,0.0,0,0,0.0,0.0,0.0,0.0231913721,86238968.0,0.0,86238968,86238968,86238968,86238968.0,0.0,86238968,86238968,0,0.0,0.0,0,0,0,0,0,0,40,0,0.0231913721,0.0,0,0,0.0,0.0,0.0,0,0,0,0,1,0,0,0,0,0.0,0.0,0.0,0,0,0,0,0,0,2,0,0,0,62559,-1,0,20,0.0,0.0,0,0,86238968.0,0.0,86238968,86238968,Benign,Friday,False,Normal
30991,6,23/02/2018 08:28:08,86316525,2,0,0,0,0,0,0.0,0.0,0,0,0.0,0.0,0.0,0.0231705343,86316525.0,0.0,86316525,86316525,86316525,86316525.0,0.0,86316525,86316525,0,0.0,0.0,0,0,0,0,0,0,40,0,0.0231705343,0.0,0,0,0.0,0.0,0.0,0,0,0,0,1,0,0,0,0,0.0,0.0,0.0,0,0,0,0,0,0,2,0,0,0,62560,-1,0,20,0.0,0.0,0,0,86316525.0,0.0,86316525,86316525,Benign,Friday,False,Normal
25080,6,23/02/2018 08:52:45,86008437,2,0,0,0,0,0,0.0,0.0,0,0,0.0,0.0,0.0,0.0232535327,86008437.0,0.0,86008437,86008437,86008437,86008437.0,0.0,86008437,86008437,0,0.0,0.0,0,0,0,0,0,0,40,0,0.0232535327,0.0,0,0,0.0,0.0,0.0,0,0,0,0,1,0,0,0,0,0.0,0.0,0.0,0,0,0,0,0,0,2,0,0,0,62559,-1,0,20,0.0,0.0,0,0,86008437.0,0.0,86008437,86008437,Benign,Friday,False,Normal
53,17,23/02/2018 04:16:02,2844,1,1,51,161,51,51,51.0,0.0,161,161,161.0,0.0,74542.8973277075,703.2348804501,2844.0,0.0,2844,2844,0,0.0,0.0,0,0,0,0.0,0.0,0,0,0,0,0,0,8,8,351.617440225,351.617440225,51,161,87.6666666667,63.5085296109,4033.3333333333,0,0,0,0,0,0,0,0,1,131.5,51.0,161.0,0,0,0,0,0,0,1,51,1,161,-1,-1,0,8,0.0,0.0,0,0,0.0,0.0,0,0,Benign,Friday,False,Normal
53,17,23/02/2018 09:18:35,689,1,1,50,132,50,50,50.0,0.0,132,132,132.0,0.0,264150.943396226,2902.7576197388,689.0,0.0,689,689,0,0.0,0.0,0,0,0,0.0,0.0,0,0,0,0,0,0,8,8,1451.3788098694,1451.3788098694,50,132,77.3333333333,47.3427220735,2241.3333333333,0,0,0,0,0,0,0,0,1,116.0,50.0,132.0,0,0,0,0,0,0,1,50,1,132,-1,-1,0,8,0.0,0.0,0,0,0.0,0.0,0,0,Benign,Friday,False,Normal
3389,6,23/02/2018 08:30:59,2479381,9,7,1144,1581,677,0,127.1111111111,218.5088353159,1173,0,225.8571428571,430.0986044197,1099.0646455708,6.453223607,165292.066666667,246277.125220021,968849,86,2479381,309922.625,368025.301911601,1186036,119,2325645,387607.5,327769.482009994,968849,154211,0,0,0,0,192,152,3.6299382789,2.8232853281,0,1173,160.2941176471,312.0067636899,97348.2205882353,0,0,0,1,0,0,0,0,0,170.3125,127.1111111111,225.8571428571,0,0,0,0,0,0,9,1144,7,1581,8192,62856,5,20,0.0,0.0,0,0,0.0,0.0,0,0,Benign,Friday,False,Normal
3389,6,23/02/2018 05:26:34,1429792,10,7,1132,1581,661,0,113.2,205.3424240412,1173,0,225.8571428571,430.0986044197,1897.4787941183,11.8898413196,89362.0,232358.893364554,953163,3,1429792,158865.777777778,345658.336412843,1077654,3,1273381,212230.166666667,365786.161671224,953163,19970,0,0,0,0,212,152,6.9940243056,4.8958170139,0,1173,150.7222222222,303.4809433993,92100.6830065359,0,0,1,1,0,0,0,1,0,159.5882352941,113.2,225.8571428571,0,0,0,0,0,0,10,1132,7,1581,8192,62868,5,20,0.0,0.0,0,0,0.0,0.0,0,0,Benign,Friday,False,Normal
19434,6,23/02/2018 09:04:24,86041298,2,0,0,0,0,0,0.0,0.0,0,0,0.0,0.0,0.0,0.0232446517,86041298.0,0.0,86041298,86041298,86041298,86041298.0,0.0,86041298,86041298,0,0.0,0.0,0,0,0,0,0,0,40,0,0.0232446517,0.0,0,0,0.0,0.0,0.0,0,0,0,0,1,0,0,0,0,0.0,0.0,0.0,0,0,0,0,0,0,2,0,0,0,64000,-1,0,20,0.0,0.0,0,0,86041298.0,0.0,86041298,86041298,Benign,Friday,False,Normal
52591,6,23/02/2018 09:20:23,86511572,2,0,0,0,0,0,0.0,0.0,0,0,0.0,0.0,0.0,0.0231182945,86511572.0,0.0,86511572,86511572,86511572,86511572.0,0.0,86511572,86511572,0,0.0,0.0,0,0,0,0,0,0,40,0,0.0231182945,0.0,0,0,0.0,0.0,0.0,0,0,0,0,1,0,0,0,0,0.0,0.0,0.0,0,0,0,0,0,0,2,0,0,0,62541,-1,0,20,0.0,0.0,0,0,86511572.0,0.0,86511572,86511572,Benign,Friday,False,Normal
51284,6,23/02/2018 02:22:59,44,1,1,0,0,0,0,0.0,0.0,0,0,0.0,0.0,0.0,45454.5454545455,44.0,0.0,44,44,0,0.0,0.0,0,0,0,0.0,0.0,0,0,0,0,0,0,20,20,22727.2727272727,22727.2727272727,0,0,0.0,0.0,0.0,0,0,0,0,1,1,0,0,1,0.0,0.0,0.0,0,0,0,0,0,0,1,0,1,0,189,258,0,20,0.0,0.0,0,0,0.0,0.0,0,0,Benign,Friday,False,Normal
6460,6,23/02/2018 03:47:57,86039506,2,0,0,0,0,0,0.0,0.0,0,0,0.0,0.0,0.0,0.0232451358,86039506.0,0.0,86039506,86039506,86039506,86039506.0,0.0,86039506,86039506,0,0.0,0.0,0,0,0,0,0,0,40,0,0.0232451358,0.0,0,0,0.0,0.0,0.0,0,0,0,0,1,0,0,0,0,0.0,0.0,0.0,0,0,0,0,0,0,2,0,0,0,62560,-1,0,20,0.0,0.0,0,0,86039506.0,0.0,86039506,86039506,Benign,Friday,False,Normal
53,17,23/02/2018 02:06:35,395,1,1,50,178,50,50,50.0,0.0,178,178,178.0,0.0,577215.189873418,5063.2911392405,395.0,0.0,395,395,0,0.0,0.0,0,0,0,0.0,0.0,0,0,0,0,0,0,8,8,2531.6455696203,2531.6455696203,50,178,92.6666666667,73.9008344563,5461.3333333333,0,0,0,0,0,0,0,0,1,139.0,50.0,178.0,0,0,0,0,0,0,1,50,1,178,-1,-1,0,8,0.0,0.0,0,0,0.0,0.0,0,0,Benign,Friday,False,Normal
55539,6,23/02/2018 09:27:58,77,2,0,0,0,0,0,0.0,0.0,0,0,0.0,0.0,0.0,25974.025974026,77.0,0.0,77,77,77,77.0,0.0,77,77,0,0.0,0.0,0,0,0,0,0,0,40,0,25974.025974026,0.0,0,0,0.0,0.0,0.0,0,0,0,0,1,0,0,0,0,0.0,0.0,0.0,0,0,0,0,0,0,2,0,0,0,258,-1,0,20,0.0,0.0,0,0,0.0,0.0,0,0,Benign,Friday,False,Normal
80,6,23/02/2018 09:17:00,81,2,0,0,0,0,0,0.0,0.0,0,0,0.0,0.0,0.0,24691.3580246914,81.0,0.0,81,81,81,81.0,0.0,81,81,0,0.0,0.0,0,0,0,0,0,0,40,0,24691.3580246914,0.0,0,0,0.0,0.0,0.0,0,0,0,0,1,0,0,0,0,0.0,0.0,0.0,0,0,0,0,0,0,2,0,0,0,278,-1,0,20,0.0,0.0,0,0,0.0,0.0,0,0,Benign,Friday,False,Normal
0,0,23/02/2018 09:17:21,118124166,8,0,0,0,0,0,0.0,0.0,0,0,0.0,0.0,0.0,0.0677253459,16874880.8571429,44483229.1631145,117753258,21404,118124166,16874880.8571429,44483229.1631145,117753258,21404,0,0.0,0.0,0,0,0,0,0,0,0,0,0.0677253459,0.0,0,0,0.0,0.0,0.0,0,0,0,0,0,0,0,0,0,0.0,0.0,0.0,0,0,0,0,0,0,8,0,0,0,-1,-1,0,0,328023.0,0.0,328023,328023,117753258.0,0.0,117753258,117753258,Benign,Friday,False,Normal
65351,6,23/02/2018 09:13:04,60,2,0,0,0,0,0,0.0,0.0,0,0,0.0,0.0,0.0,33333.3333333333,60.0,0.0,60,60,60,60.0,0.0,60,60,0,0.0,0.0,0,0,0,0,0,0,40,0,33333.3333333333,0.0,0,0,0.0,0.0,0.0,0,0,0,0,1,0,0,0,0,0.0,0.0,0.0,0,0,0,0,0,0,2,0,0,0,256,-1,0,20,0.0,0.0,0,0,0.0,0.0,0,0,Benign,Friday,False,Normal
3389,6,23/02/2018 09:04:51,4446447,9,7,1132,1581,661,0,125.7777777778,213.6736868322,1173,0,225.8571428571,430.0986044197,610.150081627,3.5983786605,296429.8,496832.423349046,1923139,3,4446447,555805.875,671332.335223118,1923139,3,4203116,700519.333333333,810144.545522259,2291171,164485,0,0,0,0,192,152,2.0240879966,1.574290664,0,1173,159.5882352941,310.4088148764,96353.6323529412,0,0,0,1,0,0,0,0,0,169.5625,125.7777777778,225.8571428571,0,0,0,0,0,0,9,1132,7,1581,8192,62868,5,20,0.0,0.0,0,0,0.0,0.0,0,0,Benign,Friday,False,Normal
62378,6,23/02/2018 09:09:59,240,2,0,0,0,0,0,0.0,0.0,0,0,0.0,0.0,0.0,8333.3333333333,240.0,0.0,240,240,240,240.0,0.0,240,240,0,0.0,0.0,0,0,0,0,0,0,40,0,8333.3333333333,0.0,0,0,0.0,0.0,0.0,0,0,0,0,1,0,0,0,0,0.0,0.0,0.0,0,0,0,0,0,0,2,0,0,0,260,-1,0,20,0.0,0.0,0,0,0.0,0.0,0,0,Benign,Friday,False,Normal
443,6,23/02/2018 09:35:11,285949,7,8,570,7023,239,0,81.4285714286,106.9327781722,1460,0,877.875,657.7188799176,26553.6861468304,52.4569066512,20424.9285714286,28763.3378491662,63042,1,285949,47658.1666666667,38319.809156188,95692,314,189786,27112.2857142857,33814.1473780541,63450,1,0,0,0,0,152,172,24.4798897706,27.9770168806,0,1460,474.5625,616.7194898547,380342.929166667,0,0,0,1,0,0,0,0,1,506.2,81.4285714286,877.875,0,0,0,0,0,0,7,570,8,7023,8192,1025,3,20,0.0,0.0,0,0,0.0,0.0,0,0,Benign,Friday,False,Normal
49480,6,23/02/2018 08:27:55,1,3,0,89,0,58,0,29.6666666667,29.0229794014,0,0,0.0,0.0,89000000.0,3000000.0,0.5,0.7071067812,1,0,1,0.5,0.7071067812,1,0,0,0.0,0.0,0,0,1,0,0,0,60,0,3000000.0,0.0,0,58,36.75,27.6088753846,762.25,0,1,0,0,1,0,0,0,0,49.0,29.6666666667,0.0,0,0,0,0,0,0,3,89,0,0,64,-1,1,20,0.0,0.0,0,0,0.0,0.0,0,0,Benign,Friday,False,Normal
3389,6,23/02/2018 08:57:31,2115496,10,7,674,301,187,0,67.4,68.001960756,197,0,43.0,74.6681547471,460.8848232282,8.0359405076,132218.5,222814.124760827,836064,19,2115496,235055.111111111,282558.41530666,886620,64,1279343,213223.833333333,241261.303869822,675991,10388,0,0,0,0,212,152,4.727023828,3.3089166796,0,197,54.1666666667,68.8683740274,4742.8529411765,0,0,1,1,0,0,0,1,0,57.3529411765,67.4,43.0,0,0,0,0,0,0,10,674,7,301,8192,63326,6,20,0.0,0.0,0,0,0.0,0.0,0,0,Benign,Friday,False,Normal
3389,6,23/02/2018 08:58:19,2229302,11,7,676,301,187,0,61.4545454545,67.5919575635,197,0,43.0,74.6681547471,438.2537673227,8.0742761636,131135.411764706,267522.896548375,1130498,20,2229302,222930.2,345188.232942807,1181816,75,2103043,350507.166666667,434616.107657053,1181006,4724,0,0,0,0,232,152,4.9342798777,3.1399962858,0,197,51.4210526316,68.0631371836,4632.5906432749,0,0,1,1,0,0,0,1,0,54.2777777778,61.4545454545,43.0,0,0,0,0,0,0,11,676,7,301,8192,63324,6,20,0.0,0.0,0,0,0.0,0.0,0,0,Benign,Friday,False,Normal
80,6,23/02/2018 10:58:00,10051150,4,4,375,350,375,0,93.75,187.5,350,0,87.5,175.0,72.1310496809,0.7959288241,1435878.57142857,3754743.27000457,9950737,38,100413,33471.0,39120.5620102779,76585,239,10027599,3342533.0,5766507.93548929,10001112,2849,0,0,0,0,92,92,0.397964412,0.397964412,0,375,80.5555555556,159.9696151704,25590.2777777778,0,0,0,1,0,0,0,0,1,90.625,93.75,87.5,0,0,0,0,0,0,4,375,4,350,8192,231,1,20,0.0,0.0,0,0,0.0,0.0,0,0,Benign,Friday,False,Normal
80,6,23/02/2018 02:39:58,1117,3,4,161,488,161,0,53.6666666667,92.9533933395,488,0,122.0,244.0,581020.590868398,6266.7860340197,186.1666666667,181.3410231213,534,29,725,362.5,330.2188668141,596,129,583,194.3333333333,172.9460416816,374,29,0,0,0,0,72,92,2685.7654431513,3581.0205908684,0,488,81.125,173.7875858627,30202.125,0,0,0,1,0,0,0,0,1,92.7142857143,53.6666666667,122.0,0,0,0,0,0,0,3,161,4,488,8192,149,1,20,0.0,0.0,0,0,0.0,0.0,0,0,Benign,Friday,False,Normal
443,6,23/02/2018 03:04:41,128008,8,7,315,5040,189,0,39.375,74.8273011674,1460,0,720.0,685.2525082041,41833.3229173177,117.180176239,9143.4285714286,13494.5586567572,50340,9,128008,18286.8571428571,20251.104969265,62743,1925,47187,7864.5,11340.7962286605,24858,26,0,0,0,0,172,152,62.4960939941,54.6840822449,0,1460,334.6875,560.0935301358,313704.7625,0,0,0,1,0,0,0,0,0,357.0,39.375,720.0,0,0,0,0,0,0,8,315,7,5040,8192,119,2,20,0.0,0.0,0,0,0.0,0.0,0,0,Benign,Friday,False,Normal
80,6,23/02/2018 03:07:13,47420,3,4,437,859,437,0,145.6666666667,252.3020676359,859,0,214.75,429.5,27330.2404048925,147.617039224,7903.3333333333,11980.4954599827,23433,29,23874,11937.0,16312.9534419737,23472,402,23987,7995.6666666667,13640.4956776993,23746,29,0,0,0,0,72,92,63.2644453817,84.3525938423,0,859,162.0,320.4679614029,102699.714285714,0,0,0,1,0,0,0,0,1,185.1428571429,145.6666666667,214.75,0,0,0,0,0,0,3,437,4,859,8192,31,1,20,0.0,0.0,0,0,0.0,0.0,0,0,Benign,Friday,False,Normal
443,6,23/02/2018 03:34:27,1471,2,0,31,0,31,0,15.5,21.9203102168,0,0,0.0,0.0,21074.0992522094,1359.6193065942,1471.0,0.0,1471,1471,1471,1471.0,0.0,1471,1471,0,0.0,0.0,0,0,1,0,0,0,40,0,1359.6193065942,0.0,0,31,20.6666666667,17.8978583449,320.3333333333,0,1,0,0,1,0,0,0,0,31.0,15.5,0.0,0,0,0,0,0,0,2,31,0,0,64240,-1,0,20,0.0,0.0,0,0,0.0,0.0,0,0,Benign,Friday,False,Normal
52753,6,23/02/2018 03:52:21,1,2,0,0,0,0,0,0.0,0.0,0,0,0.0,0.0,0.0,2000000.0,1.0,0.0,1,1,1,1.0,0.0,1,1,0,0.0,0.0,0,0,0,0,0,0,40,0,2000000.0,0.0,0,0,0.0,0.0,0.0,0,0,0,0,1,0,0,0,0,0.0,0.0,0.0,0,0,0,0,0,0,2,0,0,0,278,-1,0,20,0.0,0.0,0,0,0.0,0.0,0,0,Benign,Friday,False,Normal
443,6,23/02/2018 04:28:25,676,3,0,77,0,46,0,25.6666666667,23.4591844132,0,0,0.0,0.0,113905.325443787,4437.8698224852,338.0,453.9625535218,659,17,676,338.0,453.9625535218,659,17,0,0.0,0.0,0,0,1,0,0,0,60,0,4437.8698224852,0.0,0,46,30.75,21.6852484422,470.25,0,1,0,0,1,0,0,0,0,41.0,25.6666666667,0.0,0,0,0,0,0,0,3,77,0,0,258,-1,1,20,0.0,0.0,0,0,0.0,0.0,0,0,Benign,Friday,False,Normal
445,6,23/02/2018 03:23:41,1030934,6,5,455,338,140,0,75.8333333333,62.9362110924,145,0,67.6,69.7588704037,769.2054001517,10.6699361938,103093.4,132807.690566473,257641,72,1030831,206166.2,114807.762288532,257713,792,1030840,257710.0,287.1317932007,258069,257429,0,0,0,0,132,112,5.8199651966,4.8499709972,0,145,66.0833333333,63.40269328,4019.9015151515,0,0,0,1,0,0,0,0,0,72.0909090909,75.8333333333,67.6,0,0,0,0,0,0,6,455,5,338,8192,0,4,20,0.0,0.0,0,0,0.0,0.0,0,0,Benign,Friday,False,Normal
6088,6,23/02/2018 08:57:31,88350456,2,0,0,0,0,0,0.0,0.0,0,0,0.0,0.0,0.0,0.0226371214,88350456.0,0.0,88350456,88350456,88350456,88350456.0,0.0,88350456,88350456,0,0.0,0.0,0,0,0,0,0,0,40,0,0.0226371214,0.0,0,0,0.0,0.0,0.0,0,0,0,0,1,0,0,0,0,0.0,0.0,0.0,0,0,0,0,0,0,2,0,0,0,63325,-1,0,20,0.0,0.0,0,0,88350456.0,0.0,88350456,88350456,Benign,Friday,False,Normal
3389,6,23/02/2018 01:07:44,3474346,10,7,1148,1581,677,0,114.8,210.0924664153,1173,0,225.8571428571,430.0986044197,785.4715678864,4.8930072019,217146.625,445591.852585132,1647682,87,3474346,386038.444444444,586065.650187995,1647682,5184,3355056,559176.0,676422.69053662,1769389,45023,0,0,0,0,212,152,2.8782395305,2.0147676714,0,1173,151.6111111111,305.0826578234,93075.4281045752,0,0,1,1,0,0,0,1,0,160.5294117647,114.8,225.8571428571,0,0,0,0,0,0,10,1148,7,1581,8192,62852,5,20,0.0,0.0,0,0,0.0,0.0,0,0,Benign,Friday,False,Normal
53,17,23/02/2018 03:04:44,1704,1,1,37,231,37,37,37.0,0.0,231,231,231.0,0.0,157276.995305164,1173.7089201878,1704.0,0.0,1704,1704,0,0.0,0.0,0,0,0,0.0,0.0,0,0,0,0,0,0,8,8,586.8544600939,586.8544600939,37,231,101.6666666667,112.0059522228,12545.3333333333,0,0,0,0,0,0,0,0,1,152.5,37.0,231.0,0,0,0,0,0,0,1,37,1,231,-1,-1,0,8,0.0,0.0,0,0,0.0,0.0,0,0,Benign,Friday,False,Normal
80,6,23/02/2018 04:16:32,56901901,9,8,5,573,1,0,0.5555555556,0.5270462767,573,0,71.625,202.5860928099,10.157832864,0.2987597901,3556368.8125,4766005.86729049,10002420,36,56901901,7112737.625,4492118.87980841,10033258,30874,50194277,7170611.0,4886000.84407463,10033280,5379,0,0,0,0,192,168,0.1581669477,0.1405928424,0,573,32.1111111111,134.9888400132,18221.9869281046,0,0,0,1,0,0,0,0,0,34.0,0.5555555556,71.625,0,0,0,0,0,0,9,5,8,573,8192,6147,5,20,50120.6666666667,46856.240078208,145764,30825,9433529.5,1350892.4202363,10002420,6676786,Benign,Friday,False,Normal
53,17,23/02/2018 10:57:59,267,1,1,42,58,42,42,42.0,0.0,58,58,58.0,0.0,374531.835205992,7490.6367041199,267.0,0.0,267,267,0,0.0,0.0,0,0,0,0.0,0.0,0,0,0,0,0,0,8,8,3745.3183520599,3745.3183520599,42,58,47.3333333333,9.237604307,85.3333333333,0,0,0,0,0,0,0,0,1,71.0,42.0,58.0,0,0,0,0,0,0,1,42,1,58,-1,-1,0,8,0.0,0.0,0,0,0.0,0.0,0,0,Benign,Friday,False,Normal
53,17,23/02/2018 03:04:28,1322,1,1,36,97,36,36,36.0,0.0,97,97,97.0,0.0,100605.143721634,1512.8593040847,1322.0,0.0,1322,1322,0,0.0,0.0,0,0,0,0.0,0.0,0,0,0,0,0,0,8,8,756.4296520424,756.4296520424,36,97,56.3333333333,35.2183664206,1240.3333333333,0,0,0,0,0,0,0,0,1,84.5,36.0,97.0,0,0,0,0,0,0,1,36,1,97,-1,-1,0,8,0.0,0.0,0,0,0.0,0.0,0,0,Benign,Friday,False,Normal
53,17,23/02/2018 01:56:59,502,1,1,34,50,34,34,34.0,0.0,50,50,50.0,0.0,167330.677290837,3984.0637450199,502.0,0.0,502,502,0,0.0,0.0,0,0,0,0.0,0.0,0,0,0,0,0,0,8,8,1992.03187251,1992.03187251,34,50,39.3333333333,9.237604307,85.3333333333,0,0,0,0,0,0,0,0,1,59.0,34.0,50.0,0,0,0,0,0,0,1,34,1,50,-1,-1,0,8,0.0,0.0,0,0,0.0,0.0,0,0,Benign,Friday,False,Normal
7012,6,23/02/2018 09:24:19,88065183,2,0,0,0,0,0,0.0,0.0,0,0,0.0,0.0,0.0,0.0227104507,88065183.0,0.0,88065183,88065183,88065183,88065183.0,0.0,88065183,88065183,0,0.0,0.0,0,0,0,0,0,0,40,0,0.0227104507,0.0,0,0,0.0,0.0,0.0,0,0,0,0,1,0,0,0,0,0.0,0.0,0.0,0,0,0,0,0,0,2,0,0,0,63327,-1,0,20,0.0,0.0,0,0,88065183.0,0.0,88065183,88065183,Benign,Friday,False,Normal
80,6,23/02/2018 08:21:37,97,2,0,0,0,0,0,0.0,0.0,0,0,0.0,0.0,0.0,20618.5567010309,97.0,0.0,97,97,97,97.0,0.0,97,97,0,0.0,0.0,0,0,0,0,0,0,40,0,20618.5567010309,0.0,0,0,0.0,0.0,0.0,0,0,0,0,1,0,0,0,0,0.0,0.0,0.0,0,0,0,0,0,0,2,0,0,0,279,-1,0,20,0.0,0.0,0,0,0.0,0.0,0,0,Benign,Friday,False,Normal
445,6,23/02/2018 08:21:56,245989,3,1,0,0,0,0,0.0,0.0,0,0,0.0,0.0,0.0,16.2608897146,81996.3333333333,141961.197660957,245919,1,245989,122994.5,173939.075783735,245988,1,0,0.0,0.0,0,0,0,0,0,0,72,32,12.1956672859,4.0652224286,0,0,0.0,0.0,0.0,0,0,0,1,0,0,0,0,0,0.0,0.0,0.0,0,0,0,0,0,0,3,0,1,0,8192,8192,0,20,0.0,0.0,0,0,0.0,0.0,0,0,Benign,Friday,False,Normal
80,6,23/02/2018 08:26:39,901,3,4,161,488,161,0,53.6666666667,92.9533933395,488,0,122.0,244.0,720310.76581576,7769.1453940067,150.1666666667,98.0396178423,262,28,451,225.5,120.9152595829,311,140,639,213.0,207.9062288629,438,28,0,0,0,0,72,92,3329.6337402886,4439.5116537181,0,488,81.125,173.7875858627,30202.125,0,0,0,1,0,0,0,0,1,92.7142857143,53.6666666667,122.0,0,0,0,0,0,0,3,161,4,488,8192,149,1,20,0.0,0.0,0,0,0.0,0.0,0,0,Benign,Friday,False,Normal
138,17,23/02/2018 08:23:04,86188141,2,0,417,0,216,201,208.5,10.6066017178,0,0,0.0,0.0,4.8382526315,0.0232050486,86188141.0,0.0,86188141,86188141,86188141,86188141.0,0.0,86188141,86188141,0,0.0,0.0,0,0,0,0,0,0,16,0,0.0232050486,0.0,201,216,211.0,8.6602540378,75.0,0,0,0,0,0,0,0,0,0,316.5,208.5,0.0,0,0,0,0,0,0,2,417,0,0,-1,-1,1,8,0.0,0.0,0,0,86188141.0,0.0,86188141,86188141,Benign,Friday,False,Normal
443,6,23/02/2018 08:29:41,5220060,8,9,735,3784,418,0,91.875,150.974394707,1460,0,420.4444444444,606.0571571872,865.6988616989,3.2566675479,326253.75,1246603.31724937,4999627,0,220433,31490.4285714286,46251.4452201483,130766,237,5209370,651171.25,1758115.66277874,4999658,0,0,0,0,0,172,192,1.5325494343,1.7241181136,0,1460,251.0555555556,461.5807203923,213056.761437909,0,0,0,1,0,0,0,0,1,265.8235294118,91.875,420.4444444444,0,0,0,0,0,0,8,735,9,3784,8192,62,3,20,0.0,0.0,0,0,0.0,0.0,0,0,Benign,Friday,False,Normal
445,6,23/02/2018 02:02:34,156838,7,5,364,582,103,0,52.0,49.2172056636,409,0,116.4,167.0353256051,6031.7015009118,76.512069779,14258.0,13980.2020872375,30578,41,156838,26139.6666666667,13180.5318355014,38860,526,126737,31684.25,3155.678202331,36092,29207,0,0,0,0,152,112,44.6320407044,31.8800290746,0,409,72.7692307692,109.5332170669,11997.5256410256,0,0,0,1,0,0,0,0,0,78.8333333333,52.0,116.4,0,0,0,0,0,0,7,364,5,582,8192,255,4,20,0.0,0.0,0,0,0.0,0.0,0,0,Benign,Friday,False,Normal
80,6,23/02/2018 02:34:14,115874907,16,15,442,1771,431,0,27.625,107.5675756598,1460,0,118.0666666667,379.7767138477,19.0981814553,0.2675298803,3862496.9,4854500.10889026,10015712,1,115874907,7724993.8,4160868.76611082,10046641,253,110484300,7891735.71428572,4271199.21657654,10046653,1,0,0,0,0,332,444,0.1380799382,0.1294499421,0,1460,69.15625,270.0687020568,72937.1038306452,0,0,0,1,0,0,0,0,0,71.3870967742,27.625,118.0666666667,0,0,0,0,0,0,16,442,15,1771,8192,946,12,20,33813.2727272727,9532.9550202538,62556,30895,10010204.3636364,7554.3842141195,10015712,9999967,Benign,Friday,False,Normal
53,17,23/02/2018 02:20:42,254,1,1,41,105,41,41,41.0,0.0,105,105,105.0,0.0,574803.149606299,7874.0157480315,254.0,0.0,254,254,0,0.0,0.0,0,0,0,0.0,0.0,0,0,0,0,0,0,8,8,3937.0078740158,3937.0078740158,41,105,62.3333333333,36.9504172281,1365.3333333333,0,0,0,0,0,0,0,0,1,93.5,41.0,105.0,0,0,0,0,0,0,1,41,1,105,-1,-1,0,8,0.0,0.0,0,0,0.0,0.0,0,0,Benign,Friday,False,Normal
3389,6,23/02/2018 12:53:30,2330576,8,7,1148,1581,677,0,143.5,228.129662379,1173,0,225.8571428571,430.0986044197,1170.9551630155,6.4361771511,166469.714285714,249624.846696745,953119,4,2330576,332939.428571429,400703.618439638,1222107,4,2124837,354139.5,294595.007829223,953119,215935,0,0,0,0,172,152,3.4326278139,3.0035493372,0,1173,170.5625,319.433241591,102037.595833333,0,0,1,1,0,0,0,1,0,181.9333333333,143.5,225.8571428571,0,0,0,0,0,0,8,1148,7,1581,8192,62852,5,20,0.0,0.0,0,0,0.0,0.0,0,0,Benign,Friday,False,Normal
3389,6,23/02/2018 12:03:02,1812592,8,4,384,1230,176,0,48.0,67.5933217327,1179,0,307.5,581.4972054963,890.4375612383,6.6203536152,164781.090909091,428015.740853641,1448192,0,1812592,258941.714285714,553375.909126492,1508656,0,364332,121444.0,34343.6761136603,161076,100417,0,0,0,0,264,136,4.4135690768,2.2067845384,0,1179,124.1538461538,321.8011410157,103555.974358974,0,0,0,1,0,0,0,0,0,134.5,48.0,307.5,0,0,0,0,0,0,8,384,4,1230,29200,63647,4,32,0.0,0.0,0,0,0.0,0.0,0,0,Benign,Friday,False,Normal
53,17,23/02/2018 03:06:30,24618,1,1,41,111,41,41,41.0,0.0,111,111,111.0,0.0,6174.3439759526,81.2413681046,24618.0,0.0,24618,24618,0,0.0,0.0,0,0,0,0.0,0.0,0,0,0,0,0,0,8,8,40.6206840523,40.6206840523,41,111,64.3333333333,40.4145188433,1633.3333333333,0,0,0,0,0,0,0,0,1,96.5,41.0,111.0,0,0,0,0,0,0,1,41,1,111,-1,-1,0,8,0.0,0.0,0,0,0.0,0.0,0,0,Benign,Friday,False,Normal
53,17,23/02/2018 01:26:37,287,1,1,43,59,43,43,43.0,0.0,59,59,59.0,0.0,355400.696864111,6968.6411149826,287.0,0.0,287,287,0,0.0,0.0,0,0,0,0.0,0.0,0,0,0,0,0,0,8,8,3484.3205574913,3484.3205574913,43,59,48.3333333333,9.237604307,85.3333333333,0,0,0,0,0,0,0,0,1,72.5,43.0,59.0,0,0,0,0,0,0,1,43,1,59,-1,-1,0,8,0.0,0.0,0,0,0.0,0.0,0,0,Benign,Friday,False,Normal
53,17,23/02/2018 03:32:35,236,1,1,42,58,42,42,42.0,0.0,58,58,58.0,0.0,423728.813559322,8474.5762711864,236.0,0.0,236,236,0,0.0,0.0,0,0,0,0.0,0.0,0,0,0,0,0,0,8,8,4237.2881355932,4237.2881355932,42,58,47.3333333333,9.237604307,85.3333333333,0,0,0,0,0,0,0,0,1,71.0,42.0,58.0,0,0,0,0,0,0,1,42,1,58,-1,-1,0,8,0.0,0.0,0,0,0.0,0.0,0,0,Benign,Friday,False,Normal
80,6,23/02/2018 09:30:29,47761,3,4,436,859,436,0,145.3333333333,251.7247173667,859,0,214.75,429.5,27114.1726513264,146.5630954126,7960.1666666667,12096.994592322,23605,15,23864,11932.0,16542.0560390781,23629,235,24156,8052.0,13645.1624761305,23807,15,0,0,0,0,72,92,62.8127551768,83.7503402358,0,859,161.875,320.3455444628,102621.267857143,0,0,0,1,0,0,0,0,1,185.0,145.3333333333,214.75,0,0,0,0,0,0,3,436,4,859,8192,31,1,20,0.0,0.0,0,0,0.0,0.0,0,0,Benign,Friday,False,Normal
80,6,23/02/2018 10:38:05,5675160,4,4,97,231,97,0,24.25,48.5,231,0,57.75,115.5,57.7957273451,1.4096518865,810737.142857143,2117773.41199725,5613117,38,62043,20681.0,35557.304790999,61739,103,5674997,1891665.66666667,3276015.90886573,5674483,211,0,0,0,0,92,92,0.7048259432,0.7048259432,0,231,36.4444444444,79.6996096463,6352.0277777778,0,0,0,1,0,0,0,0,1,41.0,24.25,57.75,0,0,0,0,0,0,4,97,4,231,8192,141,1,20,0.0,0.0,0,0,0.0,0.0,0,0,Benign,Friday,False,Normal
80,6,23/02/2018 11:12:08,939,3,4,148,243,148,0,49.3333333333,85.4478398401,243,0,60.75,121.5,416400.425985091,7454.7390841321,156.5,114.2449123594,277,1,456,228.0,130.1076477383,320,136,670,223.3333333333,200.9485838052,392,1,0,0,0,0,72,92,3194.8881789137,4259.8509052183,0,243,48.875,93.9930658537,8834.6964285714,0,0,0,1,0,0,0,0,1,55.8571428571,49.3333333333,60.75,0,0,0,0,0,0,3,148,4,243,8192,149,1,20,0.0,0.0,0,0,0.0,0.0,0,0,Benign,Friday,False,Normal
443,6,23/02/2018 02:41:06,65132709,13,16,927,5586,602,0,71.3076923077,170.6440665124,1420,0,349.125,560.0831932252,99.9958407994,0.4452448001,2326168.17857143,4178695.14277118,10007545,1,60290816,5024234.66666667,5215392.05704324,10030999,304,65109373,4340624.86666667,4958549.45169492,10031214,1,0,0,0,0,272,404,0.1995924966,0.2456523035,0,1420,217.1,441.672866146,195074.920689655,0,0,0,1,0,0,0,0,1,224.5862068966,71.3076923077,349.125,0,0,0,0,0,0,13,927,16,5586,8192,240,9,20,50616.6666666667,66206.0583682994,185759,23454,9997852.66666667,23362.8967952749,10007545,9950164,Benign,Friday,False,Normal
443,6,23/02/2018 03:34:59,45567,8,7,550,5751,199,0,68.75,89.6513086511,1460,0,821.5714285714,707.4776456169,138279.895538438,329.1855948384,3254.7857142857,4112.485813463,10025,0,45567,6509.5714285714,5000.3277844938,13740,23,35296,5882.6666666667,8537.2001421231,21237,0,0,0,0,0,172,152,175.5656505805,153.6199442579,0,1460,393.8125,596.6945861717,356044.429166667,0,0,0,1,0,0,0,0,0,420.0666666667,68.75,821.5714285714,0,0,0,0,0,0,8,550,7,5751,8192,119,4,20,0.0,0.0,0,0,0.0,0.0,0,0,Benign,Friday,False,Normal
443,6,23/02/2018 03:34:56,61254790,119,396,4330,515769,885,0,36.3865546218,111.0805257798,1460,0,1302.446969697,398.9029636338,8490.74823373,8.407505764,119172.743190662,2566301.08817822,58179167,0,61254790,519108.389830509,5354223.04268192,58179167,61,61174479,154872.098734177,2932078.01800139,58270393,0,0,0,0,0,2392,7932,1.9427052154,6.4648005487,0,1460,1007.9437984496,641.5977679702,411647.695864378,0,0,0,1,0,0,0,0,3,1009.9009708738,36.3865546218,1302.446969697,0,0,0,0,0,0,119,4330,396,515769,8192,1644,18,20,2995042.0,0.0,2995042,2995042,58179167.0,0.0,58179167,58179167,Benign,Friday,False,Normal
443,6,23/02/2018 04:02:02,65084125,13,17,828,6482,499,0,63.6923076923,144.6129227832,1420,0,381.2941176471,602.7728391262,112.3161754114,0.4609418964,2244280.17241379,4132185.83357937,10013573,1,60251220,5020935.0,5229800.86817309,10030997,333,65060587,4066286.6875,4915437.05097434,10036960,1,0,0,0,0,272,424,0.1997414884,0.2612004079,0,1420,235.8064516129,478.3602839809,228828.561290323,0,0,0,1,0,0,0,0,1,243.6666666667,63.6923076923,381.2941176471,0,0,0,0,0,0,13,828,17,6482,8192,239,9,20,33281.1666666667,24231.2942404376,82743,23346,10008588.8333333,2442.0582643881,10013573,10007527,Benign,Friday,False,Normal
53174,6,23/02/2018 04:21:54,3789,2,0,0,0,0,0,0.0,0.0,0,0,0.0,0.0,0.0,527.8437582476,3789.0,0.0,3789,3789,3789,3789.0,0.0,3789,3789,0,0.0,0.0,0,0,0,0,0,0,40,0,527.8437582476,0.0,0,0,0.0,0.0,0.0,0,0,0,0,1,0,0,0,0,0.0,0.0,0.0,0,0,0,0,0,0,2,0,0,0,123,-1,0,20,0.0,0.0,0,0,0.0,0.0,0,0,Benign,Friday,False,Normal
53,17,23/02/2018 10:04:12,1263,1,1,38,77,38,38,38.0,0.0,77,77,77.0,0.0,91053.0482977039,1583.5312747427,1263.0,0.0,1263,1263,0,0.0,0.0,0,0,0,0.0,0.0,0,0,0,0,0,0,8,8,791.7656373713,791.7656373713,38,77,51.0,22.5166604984,507.0,0,0,0,0,0,0,0,0,1,76.5,38.0,77.0,0,0,0,0,0,0,1,38,1,77,-1,-1,0,8,0.0,0.0,0,0,0.0,0.0,0,0,Benign,Friday,False,Normal
53,17,23/02/2018 02:31:59,1171,1,1,35,63,35,35,35.0,0.0,63,63,63.0,0.0,83689.1545687447,1707.9419299744,1171.0,0.0,1171,1171,0,0.0,0.0,0,0,0,0.0,0.0,0,0,0,0,0,0,8,8,853.9709649872,853.9709649872,35,63,44.3333333333,16.1658075373,261.3333333333,0,0,0,0,0,0,0,0,1,66.5,35.0,63.0,0,0,0,0,0,0,1,35,1,63,-1,-1,0,8,0.0,0.0,0,0,0.0,0.0,0,0,Benign,Friday,False,Normal
50309,6,23/02/2018 03:29:44,37,2,0,0,0,0,0,0.0,0.0,0,0,0.0,0.0,0.0,54054.0540540541,37.0,0.0,37,37,37,37.0,0.0,37,37,0,0.0,0.0,0,0,0,0,0,0,40,0,54054.0540540541,0.0,0,0,0.0,0.0,0.0,0,0,0,0,1,0,0,0,0,0.0,0.0,0.0,0,0,0,0,0,0,2,0,0,0,64240,-1,0,20,0.0,0.0,0,0,0.0,0.0,0,0,Benign,Friday,False,Normal
3389,6,23/02/2018 03:49:38,5655799,9,10,1357,3927,677,0,150.7777777778,214.509777037,1173,0,392.7,545.3555517071,934.2623385308,3.3593838819,314211.055555556,449167.318639001,1687443,37,5655799,706974.875,688340.780393059,2068134,68,5312496,590277.333333333,499328.895926072,1687443,31459,0,0,0,0,192,224,1.591287102,1.76809678,0,1173,264.2,422.7438692014,178712.378947368,0,0,0,1,0,0,0,0,1,278.1052631579,150.7777777778,392.7,0,0,0,0,0,0,9,1357,10,3927,8192,62852,6,20,0.0,0.0,0,0,0.0,0.0,0,0,Benign,Friday,False,Normal
445,6,23/02/2018 12:15:18,489375,6,5,455,338,140,0,75.8333333333,62.9362110924,145,0,67.6,69.7588704037,1620.4342273308,22.4776500639,48937.5,63015.7921199123,122493,63,489300,97860.0,54583.0144825293,122599,221,489312,122328.0,441.9856709593,122705,121705,0,0,0,0,132,112,12.2605363985,10.2171136654,0,145,66.0833333333,63.40269328,4019.9015151515,0,0,0,1,0,0,0,0,0,72.0909090909,75.8333333333,67.6,0,0,0,0,0,0,6,455,5,338,8192,0,4,20,0.0,0.0,0,0,0.0,0.0,0,0,Benign,Friday,False,Normal
53055,6,23/02/2018 09:46:21,55,2,0,0,0,0,0,0.0,0.0,0,0,0.0,0.0,0.0,36363.6363636364,55.0,0.0,55,55,55,55.0,0.0,55,55,0,0.0,0.0,0,0,0,0,0,0,40,0,36363.6363636364,0.0,0,0,0.0,0.0,0.0,0,0,0,0,1,0,0,0,0,0.0,0.0,0.0,0,0,0,0,0,0,2,0,0,0,260,-1,0,20,0.0,0.0,0,0,0.0,0.0,0,0,Benign,Friday,False,Normal
53,17,23/02/2018 10:17:50,916,1,1,88,170,88,88,88.0,0.0,170,170,170.0,0.0,281659.388646288,2183.4061135371,916.0,0.0,916,916,0,0.0,0.0,0,0,0,0.0,0.0,0,0,0,0,0,0,8,8,1091.7030567686,1091.7030567686,88,170,115.3333333333,47.3427220735,2241.3333333333,0,0,0,0,0,0,0,0,1,173.0,88.0,170.0,0,0,0,0,0,0,1,88,1,170,-1,-1,0,8,0.0,0.0,0,0,0.0,0.0,0,0,Benign,Friday,False,Normal
53,17,23/02/2018 02:31:57,272,1,1,54,70,54,54,54.0,0.0,70,70,70.0,0.0,455882.352941176,7352.9411764706,272.0,0.0,272,272,0,0.0,0.0,0,0,0,0.0,0.0,0,0,0,0,0,0,8,8,3676.4705882353,3676.4705882353,54,70,59.3333333333,9.237604307,85.3333333333,0,0,0,0,0,0,0,0,1,89.0,54.0,70.0,0,0,0,0,0,0,1,54,1,70,-1,-1,0,8,0.0,0.0,0,0,0.0,0.0,0,0,Benign,Friday,False,Normal
3389,6,23/02/2018 03:31:25,2262752,8,7,1132,1581,661,0,141.5,222.792023453,1173,0,225.8571428571,430.0986044197,1198.9824779737,6.6290958974,161625.142857143,250922.770344201,953143,79,2262752,323250.285714286,441659.059052234,1309758,126,1965809,327634.833333333,309852.627244254,953143,156100,0,0,0,0,168,148,3.5355178119,3.0935780854,0,1173,169.5625,317.7627980638,100973.195833333,0,0,0,1,0,0,0,0,0,180.8666666667,141.5,225.8571428571,0,0,0,0,0,0,8,1132,7,1581,8192,62868,5,20,0.0,0.0,0,0,0.0,0.0,0,0,Benign,Friday,False,Normal
445,6,23/02/2018 08:29:27,714929,7,5,364,582,103,0,52.0,49.2172056636,409,0,116.4,167.0353256051,1323.2083185883,16.7848835339,64993.5454545455,73989.367792087,142365,3,714929,119154.833333333,58386.5133037302,145563,3,572655,143163.75,1541.4359917514,145475,142333,0,0,0,0,152,112,9.7911820614,6.9937014725,0,409,72.7692307692,109.5332170669,11997.5256410256,0,0,0,1,0,0,0,0,0,78.8333333333,52.0,116.4,0,0,0,0,0,0,7,364,5,582,8192,255,4,20,0.0,0.0,0,0,0.0,0.0,0,0,Benign,Friday,False,Normal
443,6,23/02/2018 08:47:52,267163,9,8,547,5310,196,0,60.7777777778,86.344915568,1460,0,663.75,687.149547042,21922.9459169121,63.6315657483,16697.6875,30319.1309433912,85195,0,267163,33395.375,36999.4763860151,86626,23,181660,25951.4285714286,43904.2239686082,94534,0,0,0,0,0,192,172,33.6872995138,29.9442662345,0,1460,325.3888888889,543.2375862948,295107.075163399,0,0,0,1,0,0,0,0,0,344.5294117647,60.7777777778,663.75,0,0,0,0,0,0,9,547,8,5310,8192,110,4,20,0.0,0.0,0,0,0.0,0.0,0,0,Benign,Friday,False,Normal
80,6,23/02/2018 09:21:00,84,2,0,0,0,0,0,0.0,0.0,0,0,0.0,0.0,0.0,23809.5238095238,84.0,0.0,84,84,84,84.0,0.0,84,84,0,0.0,0.0,0,0,0,0,0,0,40,0,23809.5238095238,0.0,0,0,0.0,0.0,0.0,0,0,0,0,1,0,0,0,0,0.0,0.0,0.0,0,0,0,0,0,0,2,0,0,0,279,-1,0,20,0.0,0.0,0,0,0.0,0.0,0,0,Benign,Friday,False,Normal
445,6,23/02/2018 10:28:18,266932,3,1,0,0,0,0,0.0,0.0,0,0,0.0,0.0,0.0,14.9850898356,88977.3333333334,154043.984959924,266852,1,266932,133466.0,188748.013102125,266931,1,0,0.0,0.0,0,0,0,0,0,0,72,32,11.2388173767,3.7462724589,0,0,0.0,0.0,0.0,0,0,0,1,0,0,0,0,0,0.0,0.0,0.0,0,0,0,0,0,0,3,0,1,0,8192,8192,0,20,0.0,0.0,0,0,0.0,0.0,0,0,Benign,Friday,False,Normal
80,6,23/02/2018 11:19:04,115790365,16,14,443,706,432,0,27.6875,107.8175735521,706,0,50.4285714286,188.6864367902,9.9231054328,0.2590889147,3992771.20689655,4845145.15583813,10028040,67,115790365,7719357.66666667,4192551.34809736,10124725,350,111493185,8576398.84615385,3763619.94741157,10193214,95599,0,0,0,0,332,424,0.1381807545,0.1209081602,0,706,37.064516129,146.3425058972,21416.1290322581,0,0,0,1,0,0,0,0,0,38.3,27.6875,50.4285714286,0,0,0,0,0,0,16,443,14,706,8192,172,12,20,127372.636363636,101390.077201147,433075,96660,10008346.4545455,19005.9637343841,10028040,9952833,Benign,Friday,False,Normal
8390,6,23/02/2018 09:35:39,137,2,0,0,0,0,0,0.0,0.0,0,0,0.0,0.0,0.0,14598.5401459854,137.0,0.0,137,137,137,137.0,0.0,137,137,0,0.0,0.0,0,0,0,0,0,0,40,0,14598.5401459854,0.0,0,0,0.0,0.0,0.0,0,0,0,0,1,0,0,0,0,0.0,0.0,0.0,0,0,0,0,0,0,2,0,0,0,257,-1,0,20,0.0,0.0,0,0,0.0,0.0,0,0,Benign,Friday,False,Normal
53,17,23/02/2018 11:23:36,2268,1,1,42,138,42,42,42.0,0.0,138,138,138.0,0.0,79365.0793650794,881.8342151675,2268.0,0.0,2268,2268,0,0.0,0.0,0,0,0,0.0,0.0,0,0,0,0,0,0,8,8,440.9171075838,440.9171075838,42,138,74.0,55.4256258422,3072.0,0,0,0,0,0,0,0,0,1,111.0,42.0,138.0,0,0,0,0,0,0,1,42,1,138,-1,-1,0,8,0.0,0.0,0,0,0.0,0.0,0,0,Benign,Friday,False,Normal
49573,6,23/02/2018 10:31:01,134,2,0,0,0,0,0,0.0,0.0,0,0,0.0,0.0,0.0,14925.3731343284,134.0,0.0,134,134,134,134.0,0.0,134,134,0,0.0,0.0,0,0,0,0,0,0,40,0,14925.3731343284,0.0,0,0,0.0,0.0,0.0,0,0,0,0,1,0,0,0,0,0.0,0.0,0.0,0,0,0,0,0,0,2,0,0,0,257,-1,0,20,0.0,0.0,0,0,0.0,0.0,0,0,Benign,Friday,False,Normal
53,17,23/02/2018 11:18:57,17280,1,1,39,55,39,39,39.0,0.0,55,55,55.0,0.0,5439.8148148148,115.7407407407,17280.0,0.0,17280,17280,0,0.0,0.0,0,0,0,0.0,0.0,0,0,0,0,0,0,8,8,57.8703703704,57.8703703704,39,55,44.3333333333,9.237604307,85.3333333333,0,0,0,0,0,0,0,0,1,66.5,39.0,55.0,0,0,0,0,0,0,1,39,1,55,-1,-1,0,8,0.0,0.0,0,0,0.0,0.0,0,0,Benign,Friday,False,Normal
3389,6,23/02/2018 09:44:53,2943749,9,10,1349,2791,677,0,149.8888888889,214.2454459519,1173,0,279.1,479.0405805125,1406.3699044993,6.4543546342,163541.611111111,241756.545576972,953170,41,2943749,367968.625,522268.661093103,1577648,70,2767950,307550.0,277160.210304888,953170,53851,0,0,0,0,192,224,3.0573258793,3.3970287548,0,1173,207.0,366.8296607419,134564.0,0,0,1,1,0,0,0,1,1,217.8947368421,149.8888888889,279.1,0,0,0,0,0,0,9,1349,10,2791,8192,62856,6,20,0.0,0.0,0,0,0.0,0.0,0,0,Benign,Friday,False,Normal
62244,6,23/02/2018 08:41:13,144,2,0,0,0,0,0,0.0,0.0,0,0,0.0,0.0,0.0,13888.8888888889,144.0,0.0,144,144,144,144.0,0.0,144,144,0,0.0,0.0,0,0,0,0,0,0,40,0,13888.8888888889,0.0,0,0,0.0,0.0,0.0,0,0,0,0,1,0,0,0,0,0.0,0.0,0.0,0,0,0,0,0,0,2,0,0,0,255,-1,0,20,0.0,0.0,0,0,0.0,0.0,0,0,Benign,Friday,False,Normal
51395,6,23/02/2018 11:33:45,55,1,1,0,0,0,0,0.0,0.0,0,0,0.0,0.0,0.0,36363.6363636364,55.0,0.0,55,55,0,0.0,0.0,0,0,0,0.0,0.0,0,0,0,0,0,0,20,20,18181.8181818182,18181.8181818182,0,0,0.0,0.0,0.0,0,0,0,0,1,1,0,0,1,0.0,0.0,0.0,0,0,0,0,0,0,1,0,1,0,256,256,0,20,0.0,0.0,0,0,0.0,0.0,0,0,Benign,Friday,False,Normal
49473,6,23/02/2018 08:18:16,2639,3,1,31,0,31,0,10.3333333333,17.8978583449,0,0,0.0,0.0,11746.8738158393,1515.7256536567,879.6666666667,1503.7527500668,2616,0,2616,1308.0,1849.791339584,2616,0,0,0.0,0.0,0,0,0,0,0,0,60,20,1136.7942402425,378.9314134142,0,31,6.2,13.8636214605,192.2,0,0,0,0,1,0,0,0,0,7.75,10.3333333333,0.0,0,0,0,0,0,0,3,31,1,0,1013,0,1,20,0.0,0.0,0,0,0.0,0.0,0,0,Benign,Friday,False,Normal
53,17,23/02/2018 08:16:25,11105,1,1,40,102,40,40,40.0,0.0,102,102,102.0,0.0,12787.0328680774,180.09905448,11105.0,0.0,11105,11105,0,0.0,0.0,0,0,0,0.0,0.0,0,0,0,0,0,0,8,8,90.04952724,90.04952724,40,102,60.6666666667,35.7957166898,1281.3333333333,0,0,0,0,0,0,0,0,1,91.0,40.0,102.0,0,0,0,0,0,0,1,40,1,102,-1,-1,0,8,0.0,0.0,0,0,0.0,0.0,0,0,Benign,Friday,False,Normal
443,6,23/02/2018 11:05:45,894750,9,7,1429,4696,1100,0,158.7777777778,360.5883309876,1460,0,670.8571428571,658.7221034122,6845.4875663593,17.8820899693,59650.0,95856.921448435,383149,0,894750,111843.75,118480.684342277,383149,1485,741797,123632.833333333,198135.529618912,510205,0,0,0,0,0,192,152,10.0586756077,7.8234143616,0,1460,360.2941176471,548.5274337608,300882.345588235,0,0,0,1,0,0,0,0,0,382.8125,158.7777777778,670.8571428571,0,0,0,0,0,0,9,1429,7,4696,8192,1026,3,20,0.0,0.0,0,0,0.0,0.0,0,0,Benign,Friday,False,Normal
80,6,23/02/2018 08:32:02,5945465,4,4,97,231,97,0,24.25,48.5,231,0,57.75,115.5,55.1680987105,1.3455633832,849352.142857143,2219940.24312055,5883439,39,62026,20675.3333333333,35495.5540643238,61662,117,5945257,1981752.33333333,3431970.91844691,5944651,245,0,0,0,0,92,92,0.6727816916,0.6727816916,0,231,36.4444444444,79.6996096463,6352.0277777778,0,0,0,1,0,0,0,0,1,41.0,24.25,57.75,0,0,0,0,0,0,4,97,4,231,8192,141,1,20,0.0,0.0,0,0,0.0,0.0,0,0,Benign,Friday,False,Normal
443,6,23/02/2018 09:10:08,116632506,14,15,892,6040,263,0,63.7142857143,89.284703291,1460,0,402.6666666667,586.6339411868,59.4345456317,0.248644233,4165446.64285714,15237916.7934733,58124176,1,116632506,8971731.23076923,21811080.1039694,58124176,32,116558106,8325579.0,21124932.0383237,58201837,1,0,0,0,0,292,308,0.120035147,0.128609086,0,1460,231.0666666667,447.5515715484,200302.409195402,0,0,0,1,0,0,0,0,1,239.0344827586,63.7142857143,402.6666666667,0,0,0,0,0,0,14,892,15,6040,8192,5272,7,20,160788.5,117369.119075249,243781,77796,58116477.0,10888.0302167105,58124176,58108778,Benign,Friday,False,Normal
80,6,23/02/2018 09:17:17,82,2,0,0,0,0,0,0.0,0.0,0,0,0.0,0.0,0.0,24390.243902439,82.0,0.0,82,82,82,82.0,0.0,82,82,0,0.0,0.0,0,0,0,0,0,0,40,0,24390.243902439,0.0,0,0,0.0,0.0,0.0,0,0,0,0,1,0,0,0,0,0.0,0.0,0.0,0,0,0,0,0,0,2,0,0,0,278,-1,0,20,0.0,0.0,0,0,0.0,0.0,0,0,Benign,Friday,False,Normal
80,6,23/02/2018 09:28:12,5393115,3,1,0,0,0,0,0.0,0.0,0,0,0.0,0.0,0.0,0.7416863909,1797705.0,3103962.187631,5381846,46,5393115,2696557.5,3797571.4155845,5381846,11269,0,0.0,0.0,0,0,0,0,0,0,72,32,0.5562647932,0.1854215977,0,0,0.0,0.0,0.0,0,0,0,1,0,0,0,0,0,0.0,0.0,0.0,0,0,0,0,0,0,3,0,1,0,8192,65535,0,20,0.0,0.0,0,0,0.0,0.0,0,0,Benign,Friday,False,Normal
50030,6,23/02/2018 09:31:01,76,3,1,31,0,31,0,10.3333333333,17.8978583449,0,0,0.0,0.0,407894.736842105,52631.5789473684,25.3333333333,6.8068592856,33,20,76,38.0,7.0710678119,43,33,0,0.0,0.0,0,0,0,0,0,0,60,20,39473.6842105263,13157.8947368421,0,31,6.2,13.8636214605,192.2,0,0,0,0,1,0,0,0,0,7.75,10.3333333333,0.0,0,0,0,0,0,0,3,31,1,0,64,0,1,20,0.0,0.0,0,0,0.0,0.0,0,0,Benign,Friday,False,Normal
443,6,23/02/2018 09:34:13,124,2,0,0,0,0,0,0.0,0.0,0,0,0.0,0.0,0.0,16129.0322580645,124.0,0.0,124,124,124,124.0,0.0,124,124,0,0.0,0.0,0,0,0,0,0,0,40,0,16129.0322580645,0.0,0,0,0.0,0.0,0.0,0,0,0,0,1,0,0,0,0,0.0,0.0,0.0,0,0,0,0,0,0,2,0,0,0,252,-1,0,20,0.0,0.0,0,0,0.0,0.0,0,0,Benign,Friday,False,Normal
443,6,23/02/2018 11:26:47,676884,8,7,1429,4696,1100,0,178.625,380.1935362417,1460,0,670.8571428571,658.7221034122,9048.8178181195,22.1603701668,48348.8571428572,74069.0820464841,258701,0,676884,96697.7142857143,98612.7412655422,258701,7766,343854,57309.0,66087.3084336168,163317,0,0,0,0,0,172,152,11.818864089,10.3415060779,0,1460,382.8125,558.3423345046,311746.1625,0,0,0,1,0,0,0,0,0,408.3333333333,178.625,670.8571428571,0,0,0,0,0,0,8,1429,7,4696,8192,1026,3,20,0.0,0.0,0,0,0.0,0.0,0,0,Benign,Friday,False,Normal
443,6,23/02/2018 09:19:27,30,1,1,0,0,0,0,0.0,0.0,0,0,0.0,0.0,0.0,66666.6666666667,30.0,0.0,30,30,0,0.0,0.0,0,0,0,0.0,0.0,0,0,0,0,0,0,20,20,33333.3333333333,33333.3333333333,0,0,0.0,0.0,0.0,0,0,0,0,1,0,0,0,1,0.0,0.0,0.0,0,0,0,0,0,0,1,0,1,0,62896,5859,0,20,0.0,0.0,0,0,0.0,0.0,0,0,Benign,Friday,False,Normal
53,17,23/02/2018 09:28:11,42330,2,2,70,102,35,35,35.0,0.0,51,51,51.0,0.0,4063.3120718167,94.4956295771,14110.0,23604.8461337921,41366,335,41995,41995.0,0.0,41995,41995,41701,41701.0,0.0,41701,41701,0,0,0,0,16,16,47.2478147886,47.2478147886,35,51,41.4,8.7635609201,76.8,0,0,0,0,0,0,0,0,1,51.75,35.0,51.0,0,0,0,0,0,0,2,70,2,102,-1,-1,1,8,0.0,0.0,0,0,0.0,0.0,0,0,Benign,Friday,False,Normal
53,17,23/02/2018 11:07:26,541,1,1,46,78,46,46,46.0,0.0,78,78,78.0,0.0,229205.175600739,3696.8576709797,541.0,0.0,541,541,0,0.0,0.0,0,0,0,0.0,0.0,0,0,0,0,0,0,8,8,1848.4288354898,1848.4288354898,46,78,56.6666666667,18.4752086141,341.3333333333,0,0,0,0,0,0,0,0,1,85.0,46.0,78.0,0,0,0,0,0,0,1,46,1,78,-1,-1,0,8,0.0,0.0,0,0,0.0,0.0,0,0,Benign,Friday,False,Normal
80,6,23/02/2018 08:39:34,931,3,4,161,488,161,0,53.6666666667,92.9533933395,488,0,122.0,244.0,697099.892588614,7518.7969924812,155.1666666667,130.2358117672,375,1,564,282.0,203.6467529817,426,138,556,185.3333333333,187.0570323012,375,1,0,0,0,0,72,92,3222.3415682062,4296.455424275,0,488,81.125,173.7875858627,30202.125,0,0,0,1,0,0,0,0,1,92.7142857143,53.6666666667,122.0,0,0,0,0,0,0,3,161,4,488,8192,149,1,20,0.0,0.0,0,0,0.0,0.0,0,0,Benign,Friday,False,Normal
49518,6,23/02/2018 08:25:15,43,1,1,0,0,0,0,0.0,0.0,0,0,0.0,0.0,0.0,46511.6279069767,43.0,0.0,43,43,0,0.0,0.0,0,0,0,0.0,0.0,0,0,0,0,0,0,20,20,23255.8139534884,23255.8139534884,0,0,0.0,0.0,0.0,0,0,0,0,1,1,0,0,1,0.0,0.0,0.0,0,0,0,0,0,0,1,0,1,0,256,256,0,20,0.0,0.0,0,0,0.0,0.0,0,0,Benign,Friday,False,Normal
38230,6,23/02/2018 08:21:57,86261558,2,0,0,0,0,0,0.0,0.0,0,0,0.0,0.0,0.0,0.0231852988,86261558.0,0.0,86261558,86261558,86261558,86261558.0,0.0,86261558,86261558,0,0.0,0.0,0,0,0,0,0,0,40,0,0.0231852988,0.0,0,0,0.0,0.0,0.0,0,0,0,0,1,0,0,0,0,0.0,0.0,0.0,0,0,0,0,0,0,2,0,0,0,62558,-1,0,20,0.0,0.0,0,0,86261558.0,0.0,86261558,86261558,Benign,Friday,False,Normal
49849,6,23/02/2018 08:41:28,45,1,1,0,0,0,0,0.0,0.0,0,0,0.0,0.0,0.0,44444.4444444444,45.0,0.0,45,45,0,0.0,0.0,0,0,0,0.0,0.0,0,0,0,0,0,0,20,20,22222.2222222222,22222.2222222222,0,0,0.0,0.0,0.0,0,0,0,0,1,1,0,0,1,0.0,0.0,0.0,0,0,0,0,0,0,1,0,1,0,256,252,0,20,0.0,0.0,0,0,0.0,0.0,0,0,Benign,Friday,False,Normal
3389,6,23/02/2018 08:44:36,1691020,8,7,1128,1581,661,0,141.0,222.62332056,1173,0,225.8571428571,430.0986044197,1601.9916973188,8.8703859209,120787.142857143,245457.47804233,953159,63,1691020,241574.285714286,390679.133014001,1121960,63,1585976,264329.333333333,338271.214322866,953159,107258,0,0,0,0,172,152,4.7308724912,4.1395134298,0,1173,169.3125,317.7312740352,100953.1625,0,0,1,1,0,0,0,1,0,180.6,141.0,225.8571428571,0,0,0,0,0,0,8,1128,7,1581,8192,62872,5,20,0.0,0.0,0,0,0.0,0.0,0,0,Benign,Friday,False,Normal
445,6,23/02/2018 08:31:19,41942953,5,12,373,758,140,0,74.6,70.2837107728,145,0,63.1666666667,42.2478258361,26.9651972287,0.4053124252,2621434.5625,4854862.40776289,18360723,65,840029,210007.25,139786.75547985,284320,384,41942888,3812989.81818182,5509706.46378745,18360723,277078,0,0,0,0,112,252,0.1192095368,0.2861028884,0,145,62.8333333333,50.8946431944,2590.2647058824,0,0,0,1,0,0,0,0,2,66.5294117647,74.6,63.1666666667,0,0,0,0,0,0,5,373,12,758,8192,0,3,20,14285415.0,0.0,14285415,14285415,13828769.0,6409150.810851,18360723,9296815,Benign,Friday,False,Normal
5355,17,23/02/2018 08:57:03,418780,2,0,44,0,22,22,22.0,0.0,0,0,0.0,0.0,105.0670996705,4.7757772577,418780.0,0.0,418780,418780,418780,418780.0,0.0,418780,418780,0,0.0,0.0,0,0,0,0,0,0,16,0,4.7757772577,0.0,22,22,22.0,0.0,0.0,0,0,0,0,0,0,0,0,0,33.0,22.0,0.0,0,0,0,0,0,0,2,44,0,0,-1,-1,1,8,0.0,0.0,0,0,0.0,0.0,0,0,Benign,Friday,False,Normal
80,6,23/02/2018 11:06:44,2018,4,3,161,488,161,0,40.25,80.5,488,0,162.6666666667,281.7469313645,321605.550049554,3468.7809712587,336.3333333333,523.371633418,1395,43,2018,672.6666666667,899.2053899601,1709,99,1776,888.0,717.0062761232,1395,381,0,0,0,0,92,72,1982.160555005,1486.6204162537,0,488,81.125,173.7875858627,30202.125,0,0,0,1,0,0,0,0,0,92.7142857143,40.25,162.6666666667,0,0,0,0,0,0,4,161,3,488,8192,149,1,20,0.0,0.0,0,0,0.0,0.0,0,0,Benign,Friday,False,Normal
445,6,23/02/2018 12:35:49,86273,3,1,0,0,0,0,0.0,0.0,0,0,0.0,0.0,0.0,46.3644477415,28757.6666666667,49430.6362626796,85835,73,86273,43136.5,60488.0353830408,85908,365,0,0.0,0.0,0,0,0,0,0,0,72,32,34.7733358061,11.5911119354,0,0,0.0,0.0,0.0,0,0,0,1,0,0,0,0,0,0.0,0.0,0.0,0,0,0,0,0,0,3,0,1,0,8192,8192,0,20,0.0,0.0,0,0,0.0,0.0,0,0,Benign,Friday,False,Normal
5355,17,23/02/2018 12:48:17,419097,2,0,44,0,22,22,22.0,0.0,0,0,0.0,0.0,104.9876281625,4.7721649165,419097.0,0.0,419097,419097,419097,419097.0,0.0,419097,419097,0,0.0,0.0,0,0,0,0,0,0,16,0,4.7721649165,0.0,22,22,22.0,0.0,0.0,0,0,0,0,0,0,0,0,0,33.0,22.0,0.0,0,0,0,0,0,0,2,44,0,0,-1,-1,1,8,0.0,0.0,0,0,0.0,0.0,0,0,Benign,Friday,False,Normal
53,17,23/02/2018 12:45:18,18290,1,1,38,118,38,38,38.0,0.0,118,118,118.0,0.0,8529.250956807,109.3493712411,18290.0,0.0,18290,18290,0,0.0,0.0,0,0,0,0.0,0.0,0,0,0,0,0,0,8,8,54.6746856206,54.6746856206,38,118,64.6666666667,46.1880215352,2133.3333333333,0,0,0,0,0,0,0,0,1,97.0,38.0,118.0,0,0,0,0,0,0,1,38,1,118,-1,-1,0,8,0.0,0.0,0,0,0.0,0.0,0,0,Benign,Friday,False,Normal
3389,6,23/02/2018 10:40:26,2722739,8,7,1148,1581,677,0,143.5,228.129662379,1173,0,225.8571428571,430.0986044197,1002.2995226498,5.509158241,194481.357142857,258299.408541152,953232,67,2722739,388962.714285714,413104.894732849,1294147,67,2440077,406679.5,268653.890918967,953232,285241,0,0,0,0,168,148,2.9382177285,2.5709405125,0,1173,170.5625,319.433241591,102037.595833333,0,0,0,1,0,0,0,0,0,181.9333333333,143.5,225.8571428571,0,0,0,0,0,0,8,1148,7,1581,8192,62852,5,20,0.0,0.0,0,0,0.0,0.0,0,0,Benign,Friday,False,Normal
80,6,23/02/2018 08:45:57,79,2,0,0,0,0,0,0.0,0.0,0,0,0.0,0.0,0.0,25316.4556962025,79.0,0.0,79,79,79,79.0,0.0,79,79,0,0.0,0.0,0,0,0,0,0,0,40,0,25316.4556962025,0.0,0,0,0.0,0.0,0.0,0,0,0,0,1,0,0,0,0,0.0,0.0,0.0,0,0,0,0,0,0,2,0,0,0,278,-1,0,20,0.0,0.0,0,0,0.0,0.0,0,0,Benign,Friday,False,Normal
443,6,23/02/2018 11:13:37,231379,8,6,509,3435,194,0,63.625,85.6420082169,1430,0,572.5,676.5499981524,17045.6264397374,60.506787565,17798.3846153846,25567.097689343,62691,7,231379,33054.1428571429,27943.1805122978,62991,25,168404,33680.8,46091.396590904,100990,14,0,0,0,0,172,132,34.57530718,25.931480385,0,1430,262.9333333333,485.6405882465,235846.780952381,0,0,0,1,0,0,0,0,0,281.7142857143,63.625,572.5,0,0,0,0,0,0,8,509,6,3435,8192,172,4,20,0.0,0.0,0,0,0.0,0.0,0,0,Benign,Friday,False,Normal
137,17,23/02/2018 01:48:00,1513725,3,0,150,0,50,50,50.0,0.0,0,0,0.0,0.0,99.0932963385,1.9818659268,756862.5,12375.0757775458,765613,748112,1513725,756862.5,12375.0757775458,765613,748112,0,0.0,0.0,0,0,0,0,0,0,24,0,1.9818659268,0.0,50,50,50.0,0.0,0.0,0,0,0,0,0,0,0,0,0,66.6666666667,50.0,0.0,0,0,0,0,0,0,3,150,0,0,-1,-1,2,8,0.0,0.0,0,0,0.0,0.0,0,0,Benign,Friday,False,Normal
53,17,23/02/2018 08:51:49,487274,2,2,78,110,39,39,39.0,0.0,55,55,55.0,0.0,385.8198877839,8.2089337826,162424.666666667,266562.37239403,470064,1,17209,17209.0,0.0,17209,17209,1,1.0,0.0,1,1,0,0,0,0,16,16,4.1044668913,4.1044668913,39,55,45.4,8.7635609201,76.8,0,0,0,0,0,0,0,0,1,56.75,39.0,55.0,0,0,0,0,0,0,2,78,2,110,-1,-1,1,8,0.0,0.0,0,0,0.0,0.0,0,0,Benign,Friday,False,Normal
53,17,23/02/2018 04:59:12,813,1,1,45,61,45,45,45.0,0.0,61,61,61.0,0.0,130381.303813038,2460.024600246,813.0,0.0,813,813,0,0.0,0.0,0,0,0,0.0,0.0,0,0,0,0,0,0,8,8,1230.012300123,1230.012300123,45,61,50.3333333333,9.237604307,85.3333333333,0,0,0,0,0,0,0,0,1,75.5,45.0,61.0,0,0,0,0,0,0,1,45,1,61,-1,-1,0,8,0.0,0.0,0,0,0.0,0.0,0,0,Benign,Friday,False,Normal
53,17,23/02/2018 10:51:01,1671,1,1,35,83,35,35,35.0,0.0,83,83,83.0,0.0,70616.3973668462,1196.8880909635,1671.0,0.0,1671,1671,0,0.0,0.0,0,0,0,0.0,0.0,0,0,0,0,0,0,8,8,598.4440454817,598.4440454817,35,83,51.0,27.7128129211,768.0,0,0,0,0,0,0,0,0,1,76.5,35.0,83.0,0,0,0,0,0,0,1,35,1,83,-1,-1,0,8,0.0,0.0,0,0,0.0,0.0,0,0,Benign,Friday,False,Normal
3389,6,23/02/2018 12:41:26,1834687,8,7,1128,1581,661,0,141.0,222.62332056,1173,0,225.8571428571,430.0986044197,1476.5461356624,8.1757814821,131049.071428571,241241.02744302,937517,92,1834687,262098.142857143,390172.022125895,1139083,92,1698158,283026.333333333,321691.773930678,937517,138265,0,0,0,0,172,152,4.3604167904,3.8153646916,0,1173,169.3125,317.7312740352,100953.1625,0,0,1,1,0,0,0,1,0,180.6,141.0,225.8571428571,0,0,0,0,0,0,8,1128,7,1581,8192,62872,5,20,0.0,0.0,0,0,0.0,0.0,0,0,Benign,Friday,False,Normal
80,6,23/02/2018 10:15:35,67484872,88,189,583,268064,317,0,6.625,43.8627201435,1460,0,1418.3280423281,233.9536194872,3980.8477372529,4.1046236259,244510.405797101,4041320.36888221,67140474,0,344398,3958.5977011494,19537.1850608965,162739,17,67467676,358870.617021277,4896627.07013842,67140487,0,0,0,0,0,1772,3792,1.3039959533,2.8006276725,0,1460,966.3561151079,687.839997306,473123.861893879,0,0,0,1,0,0,0,0,2,969.844765343,6.625,1418.3280423281,0,0,0,0,0,0,88,583,189,268064,8192,0,2,20,344398.0,0.0,344398,344398,67140474.0,0.0,67140474,67140474,Benign,Friday,False,Normal
53,17,23/02/2018 02:38:17,20875,2,2,86,198,43,43,43.0,0.0,99,99,99.0,0.0,13604.7904191617,191.6167664671,6958.3333333333,8843.2513440099,16910,1,16910,16910.0,0.0,16910,16910,1,1.0,0.0,1,1,0,0,0,0,16,16,95.8083832335,95.8083832335,43,99,65.4,30.6724632203,940.8,0,0,0,0,0,0,0,0,1,81.75,43.0,99.0,0,0,0,0,0,0,2,86,2,198,-1,-1,1,8,0.0,0.0,0,0,0.0,0.0,0,0,Benign,Friday,False,Normal
53,17,23/02/2018 03:18:53,332,1,1,45,61,45,45,45.0,0.0,61,61,61.0,0.0,319277.108433735,6024.0963855422,332.0,0.0,332,332,0,0.0,0.0,0,0,0,0.0,0.0,0,0,0,0,0,0,8,8,3012.0481927711,3012.0481927711,45,61,50.3333333333,9.237604307,85.3333333333,0,0,0,0,0,0,0,0,1,75.5,45.0,61.0,0,0,0,0,0,0,1,45,1,61,-1,-1,0,8,0.0,0.0,0,0,0.0,0.0,0,0,Benign,Friday,False,Normal
443,6,23/02/2018 08:16:00,117468578,16,16,881,4828,238,0,55.0625,79.4619143573,1430,0,301.75,475.7174931967,48.6002307783,0.2724132746,3789308.96774194,14551545.7590153,58628238,3,117468578,7831238.53333333,20517775.3211777,58765171,34,117312597,7820839.8,20545214.3681341,58724950,3,0,0,0,0,332,332,0.1362066373,0.1362066373,0,1430,173.0,353.8635860046,125219.4375,0,0,0,1,0,0,0,0,1,178.40625,55.0625,301.75,0,0,0,0,0,0,16,881,16,4828,8192,180,8,20,358568.0,286680.8880829,561282,155854,58297735.5,467401.117898214,58628238,57967233,Benign,Friday,False,Normal
80,6,23/02/2018 08:40:55,6624022,4,4,97,231,97,0,24.25,48.5,231,0,57.75,115.5,49.5167437548,1.2077254574,946288.857142857,2476377.71615071,6561947,39,62075,20691.6666666667,35570.5683020855,61765,119,6623870,2207956.66666667,3823835.00026012,6623341,234,0,0,0,0,92,92,0.6038627287,0.6038627287,0,231,36.4444444444,79.6996096463,6352.0277777778,0,0,0,1,0,0,0,0,1,41.0,24.25,57.75,0,0,0,0,0,0,4,97,4,231,8192,141,1,20,0.0,0.0,0,0,0.0,0.0,0,0,Benign,Friday,False,Normal
0,0,23/02/2018 01:29:09,112642442,3,0,0,0,0,0,0.0,0.0,0,0,0.0,0.0,0.0,0.0266329453,56321221.0,48.0832611207,56321255,56321187,112642442,56321221.0,48.0832611207,56321255,56321187,0,0.0,0.0,0,0,0,0,0,0,0,0,0.0266329453,0.0,0,0,0.0,0.0,0.0,0,0,0,0,0,0,0,0,0,0.0,0.0,0.0,0,0,0,0,0,0,3,0,0,0,-1,-1,0,0,0.0,0.0,0,0,56321221.0,48.0832611207,56321255,56321187,Benign,Friday,False,Normal
80,6,23/02/2018 02:41:06,54069365,2,0,0,0,0,0,0.0,0.0,0,0,0.0,0.0,0.0,0.0369895226,54069365.0,0.0,54069365,54069365,54069365,54069365.0,0.0,54069365,54069365,0,0.0,0.0,0,0,0,0,0,0,40,0,0.0369895226,0.0,0,0,0.0,0.0,0.0,0,0,0,0,1,0,0,0,0,0.0,0.0,0.0,0,0,0,0,0,0,2,0,0,0,279,-1,0,20,0.0,0.0,0,0,0.0,0.0,0,0,Benign,Friday,False,Normal
443,6,23/02/2018 03:30:22,10084250,8,11,813,6587,496,0,101.625,175.5610903036,1420,0,598.8181818182,665.4112740526,733.817586831,1.8841262365,560236.111111111,2356528.17216007,10002641,0,81609,11658.4285714286,12360.275817542,25575,29,10061014,1006101.4,3161086.56818029,10002663,0,0,0,0,0,172,232,0.7933163101,1.0908099264,0,1420,370.0,558.782040174,312237.368421053,0,0,0,1,0,0,0,0,1,389.4736842105,101.625,598.8181818182,0,0,0,0,0,0,8,813,11,6587,8192,239,3,20,81609.0,0.0,81609,81609,10002641.0,0.0,10002641,10002641,Benign,Friday,False,Normal
80,6,23/02/2018 04:58:22,78,2,0,0,0,0,0,0.0,0.0,0,0,0.0,0.0,0.0,25641.0256410256,78.0,0.0,78,78,78,78.0,0.0,78,78,0,0.0,0.0,0,0,0,0,0,0,40,0,25641.0256410256,0.0,0,0,0.0,0.0,0.0,0,0,0,0,1,0,0,0,0,0.0,0.0,0.0,0,0,0,0,0,0,2,0,0,0,278,-1,0,20,0.0,0.0,0,0,0.0,0.0,0,0,Benign,Friday,False,Normal
443,6,23/02/2018 05:04:39,118321316,17,18,1252,9666,602,0,73.6470588235,149.9132837578,1430,0,537.0,648.1216298341,92.2741596282,0.2958046883,3480038.70588235,13991364.6523764,58951477,1,118321316,7395082.25,20021101.057182,58951477,34,118165293,6950899.58823529,19493559.3522691,59107148,1,0,0,0,0,352,372,0.1436765629,0.1521281254,0,1430,303.2777777778,520.2277858846,270636.949206349,0,0,0,1,0,0,0,0,1,311.9428571429,73.6470588235,537.0,0,0,0,0,0,0,17,1252,18,9666,8192,181,8,20,467628.5,440596.114036994,779177,156080,58614995.5,475856.700787643,58951477,58278514,Benign,Friday,False,Normal
50823,6,23/02/2018 11:14:15,194,3,0,0,0,0,0,0.0,0.0,0,0,0.0,0.0,0.0,15463.9175257732,97.0,103.2375900532,170,24,194,97.0,103.2375900532,170,24,0,0.0,0.0,0,0,0,0,0,0,60,0,15463.9175257732,0.0,0,0,0.0,0.0,0.0,1,0,0,0,0,0,0,0,0,0.0,0.0,0.0,0,0,0,0,0,0,3,0,0,0,0,-1,0,20,0.0,0.0,0,0,0.0,0.0,0,0,Benign,Friday,False,Normal
53,17,23/02/2018 01:29:20,301,1,1,55,71,55,55,55.0,0.0,71,71,71.0,0.0,418604.651162791,6644.5182724253,301.0,0.0,301,301,0,0.0,0.0,0,0,0,0.0,0.0,0,0,0,0,0,0,8,8,3322.2591362126,3322.2591362126,55,71,60.3333333333,9.237604307,85.3333333333,0,0,0,0,0,0,0,0,1,90.5,55.0,71.0,0,0,0,0,0,0,1,55,1,71,-1,-1,0,8,0.0,0.0,0,0,0.0,0.0,0,0,Benign,Friday,False,Normal
3389,6,23/02/2018 01:56:47,2308026,8,7,1132,1581,661,0,141.5,222.792023453,1173,0,225.8571428571,430.0986044197,1175.4633613313,6.4990602359,164859.0,253962.815285715,953180,93,2308026,329718.0,460037.597668205,1358994,246,1953074,325512.333333333,310587.626334126,953180,164095,0,0,0,0,168,148,3.4661654591,3.0328947767,0,1173,169.5625,317.7627980638,100973.195833333,0,0,0,1,0,0,0,0,0,180.8666666667,141.5,225.8571428571,0,0,0,0,0,0,8,1132,7,1581,8192,62868,5,20,0.0,0.0,0,0,0.0,0.0,0,0,Benign,Friday,False,Normal
53,17,23/02/2018 02:54:08,947,1,1,36,104,36,36,36.0,0.0,104,104,104.0,0.0,147835.269271383,2111.9324181626,947.0,0.0,947,947,0,0.0,0.0,0,0,0,0.0,0.0,0,0,0,0,0,0,8,8,1055.9662090813,1055.9662090813,36,104,58.6666666667,39.2598183049,1541.3333333333,0,0,0,0,0,0,0,0,1,88.0,36.0,104.0,0,0,0,0,0,0,1,36,1,104,-1,-1,0,8,0.0,0.0,0,0,0.0,0.0,0,0,Benign,Friday,False,Normal
53,17,23/02/2018 10:33:07,20293,1,1,38,192,38,38,38.0,0.0,192,192,192.0,0.0,11333.9575222983,98.5561523678,20293.0,0.0,20293,20293,0,0.0,0.0,0,0,0,0.0,0.0,0,0,0,0,0,0,8,8,49.2780761839,49.2780761839,38,192,89.3333333333,88.9119414552,7905.3333333333,0,0,0,0,0,0,0,0,1,134.0,38.0,192.0,0,0,0,0,0,0,1,38,1,192,-1,-1,0,8,0.0,0.0,0,0,0.0,0.0,0,0,Benign,Friday,False,Normal
53,17,23/02/2018 02:45:09,289,1,1,32,128,32,32,32.0,0.0,128,128,128.0,0.0,553633.21799308,6920.4152249135,289.0,0.0,289,289,0,0.0,0.0,0,0,0,0.0,0.0,0,0,0,0,0,0,8,8,3460.2076124568,3460.2076124568,32,128,64.0,55.4256258422,3072.0,0,0,0,0,0,0,0,0,1,96.0,32.0,128.0,0,0,0,0,0,0,1,32,1,128,-1,-1,0,8,0.0,0.0,0,0,0.0,0.0,0,0,Benign,Friday,False,Normal
80,6,23/02/2018 10:49:30,752,3,4,161,488,161,0,53.6666666667,92.9533933395,488,0,122.0,244.0,863031.914893617,9308.5106382979,125.3333333333,87.089991771,250,0,440,220.0,134.3502884254,315,125,502,167.3333333333,161.3732732931,322,0,0,0,0,0,72,92,3989.3617021277,5319.1489361702,0,488,81.125,173.7875858627,30202.125,0,0,0,1,0,0,0,0,1,92.7142857143,53.6666666667,122.0,0,0,0,0,0,0,3,161,4,488,8192,149,1,20,0.0,0.0,0,0,0.0,0.0,0,0,Benign,Friday,False,Normal
80,6,23/02/2018 12:06:18,77,2,0,0,0,0,0,0.0,0.0,0,0,0.0,0.0,0.0,25974.025974026,77.0,0.0,77,77,77,77.0,0.0,77,77,0,0.0,0.0,0,0,0,0,0,0,40,0,25974.025974026,0.0,0,0,0.0,0.0,0.0,0,0,0,0,1,0,0,0,0,0.0,0.0,0.0,0,0,0,0,0,0,2,0,0,0,278,-1,0,20,0.0,0.0,0,0,0.0,0.0,0,0,Benign,Friday,False,Normal
52379,6,23/02/2018 02:44:34,122,3,1,273,0,242,0,91.0,131.6852307588,0,0,0.0,0.0,2237704.91803279,32786.8852459016,40.6666666667,34.486712417,78,10,122,61.0,72.124891681,112,10,0,0.0,0.0,0,0,1,0,0,0,60,20,24590.1639344262,8196.7213114754,0,242,103.0,127.5186260905,16261.0,0,1,0,0,1,0,0,0,0,128.75,91.0,0.0,0,0,0,0,0,0,3,273,1,0,946,0,1,20,0.0,0.0,0,0,0.0,0.0,0,0,Benign,Friday,False,Normal
53,17,23/02/2018 02:02:23,17832,1,1,31,63,31,31,31.0,0.0,63,63,63.0,0.0,5271.4221624047,112.157918349,17832.0,0.0,17832,17832,0,0.0,0.0,0,0,0,0.0,0.0,0,0,0,0,0,0,8,8,56.0789591745,56.0789591745,31,63,41.6666666667,18.4752086141,341.3333333333,0,0,0,0,0,0,0,0,1,62.5,31.0,63.0,0,0,0,0,0,0,1,31,1,63,-1,-1,0,8,0.0,0.0,0,0,0.0,0.0,0,0,Benign,Friday,False,Normal
3389,6,23/02/2018 04:47:46,3935363,13,8,1438,1731,725,0,110.6153846154,196.4503917284,1179,0,216.375,405.4647906151,805.2624370357,5.336229466,196768.15,257246.494697672,953135,67,3935363,327946.916666667,333039.1259429,1189062,25632,3859870,551410.0,333174.926404534,953135,160443,0,0,0,0,272,172,3.3033801456,2.0328493204,0,1179,144.0454545455,283.7717857838,80526.4264069264,0,0,1,1,0,0,0,1,0,150.9047619048,110.6153846154,216.375,0,0,0,0,0,0,13,1438,8,1731,8192,62647,7,20,0.0,0.0,0,0,0.0,0.0,0,0,Benign,Friday,False,Normal
31060,6,23/02/2018 04:45:25,86260910,2,0,0,0,0,0,0.0,0.0,0,0,0.0,0.0,0.0,0.023185473,86260910.0,0.0,86260910,86260910,86260910,86260910.0,0.0,86260910,86260910,0,0.0,0.0,0,0,0,0,0,0,40,0,0.023185473,0.0,0,0,0.0,0.0,0.0,0,0,0,0,1,0,0,0,0,0.0,0.0,0.0,0,0,0,0,0,0,2,0,0,0,62545,-1,0,20,0.0,0.0,0,0,86260910.0,0.0,86260910,86260910,Benign,Friday,False,Normal
53,17,23/02/2018 09:57:03,945,1,1,52,112,52,52,52.0,0.0,112,112,112.0,0.0,173544.973544974,2116.4021164021,945.0,0.0,945,945,0,0.0,0.0,0,0,0,0.0,0.0,0,0,0,0,0,0,8,8,1058.2010582011,1058.2010582011,52,112,72.0,34.6410161514,1200.0,0,0,0,0,0,0,0,0,1,108.0,52.0,112.0,0,0,0,0,0,0,1,52,1,112,-1,-1,0,8,0.0,0.0,0,0,0.0,0.0,0,0,Benign,Friday,False,Normal
53,17,23/02/2018 02:06:48,113957,2,2,78,194,39,39,39.0,0.0,97,97,97.0,0.0,2386.8652210922,35.1009591337,37985.6666666667,42022.5698563681,83127,1,30829,30829.0,0.0,30829,30829,1,1.0,0.0,1,1,0,0,0,0,16,16,17.5504795669,17.5504795669,39,97,62.2,31.7679083353,1009.2,0,0,0,0,0,0,0,0,1,77.75,39.0,97.0,0,0,0,0,0,0,2,78,2,194,-1,-1,1,8,0.0,0.0,0,0,0.0,0.0,0,0,Benign,Friday,False,Normal
8409,6,23/02/2018 04:49:38,86367849,2,0,0,0,0,0,0.0,0.0,0,0,0.0,0.0,0.0,0.0231567652,86367849.0,0.0,86367849,86367849,86367849,86367849.0,0.0,86367849,86367849,0,0.0,0.0,0,0,0,0,0,0,40,0,0.0231567652,0.0,0,0,0.0,0.0,0.0,0,0,0,0,1,0,0,0,0,0.0,0.0,0.0,0,0,0,0,0,0,2,0,0,0,62545,-1,0,20,0.0,0.0,0,0,86367849.0,0.0,86367849,86367849,Benign,Friday,False,Normal
80,6,23/02/2018 08:50:49,6063664,4,4,97,231,97,0,24.25,48.5,231,0,57.75,115.5,54.0927069838,1.3193343167,866237.714285714,2264589.7262167,6001584,42,62080,20693.3333333333,35547.4884813728,61740,122,6063488,2021162.66666667,3500274.91933567,6062932,223,0,0,0,0,92,92,0.6596671583,0.6596671583,0,231,36.4444444444,79.6996096463,6352.0277777778,0,0,0,1,0,0,0,0,1,41.0,24.25,57.75,0,0,0,0,0,0,4,97,4,231,8192,141,1,20,0.0,0.0,0,0,0.0,0.0,0,0,Benign,Friday,False,Normal
80,6,23/02/2018 08:51:49,5918848,4,4,97,231,97,0,24.25,48.5,231,0,57.75,115.5,55.4161890963,1.3516143682,845549.714285714,2209849.01433836,5856749,42,62099,20699.6666666667,35585.301605204,61790,109,5918690,1972896.66666667,3416669.69286648,5918127,228,0,0,0,0,92,92,0.6758071841,0.6758071841,0,231,36.4444444444,79.6996096463,6352.0277777778,0,0,0,1,0,0,0,0,1,41.0,24.25,57.75,0,0,0,0,0,0,4,97,4,231,8192,141,1,20,0.0,0.0,0,0,0.0,0.0,0,0,Benign,Friday,False,Normal
80,6,23/02/2018 09:32:21,867,3,4,161,488,161,0,53.6666666667,92.9533933395,488,0,122.0,244.0,748558.246828143,8073.8177623991,144.5,96.7527777379,294,30,480,240.0,154.1492782987,349,131,573,191.0,157.1527918937,344,30,0,0,0,0,72,92,3460.2076124568,4613.6101499423,0,488,81.125,173.7875858627,30202.125,0,0,0,1,0,0,0,0,1,92.7142857143,53.6666666667,122.0,0,0,0,0,0,0,3,161,4,488,8192,149,1,20,0.0,0.0,0,0,0.0,0.0,0,0,Benign,Friday,False,Normal
3389,6,23/02/2018 10:02:50,1770401,10,7,675,301,187,0,67.5,67.9660863143,197,0,43.0,74.6681547471,551.2875331634,9.6023443276,110650.0625,171493.747269677,594223,24,1770401,196711.222222222,212206.270116353,594223,182,1627726,271287.666666667,313100.853334938,804313,141,0,0,0,0,212,152,5.6484378398,3.9539064879,0,197,54.2222222222,68.8609473167,4741.8300653595,0,0,1,1,0,0,0,1,0,57.4117647059,67.5,43.0,0,0,0,0,0,0,10,675,7,301,8192,63325,6,20,0.0,0.0,0,0,0.0,0.0,0,0,Benign,Friday,False,Normal
3389,6,23/02/2018 10:08:44,2113113,10,6,673,301,187,0,67.3,68.0392860371,197,0,50.1666666667,79.1136313581,460.9313368476,7.5717673404,140874.2,286290.031637549,1088585,3,2113113,234790.333333333,353107.155014593,1088585,3,1620636,324127.2,546580.936882361,1298347,207,0,0,0,0,212,132,4.7323545878,2.8394127527,0,197,57.2941176471,69.6183926002,4846.7205882353,0,0,1,1,0,0,0,1,0,60.875,67.3,50.1666666667,0,0,0,0,0,0,10,673,6,301,8192,63412,6,20,0.0,0.0,0,0,0.0,0.0,0,0,Benign,Friday,False,Normal
3389,6,23/02/2018 10:18:42,1828380,10,6,671,301,187,0,67.1,68.118279485,197,0,50.1666666667,79.1136313581,531.6181537755,8.7509161115,121892.0,224277.608618363,696909,23,1828380,203153.333333333,263697.670407799,696936,70,1131385,226277.0,330904.382483067,812489,196,0,0,0,0,212,132,5.4693225697,3.2815935418,0,197,57.1764705882,69.6439474166,4850.2794117647,0,0,1,1,0,0,0,1,0,60.75,67.1,50.1666666667,0,0,0,0,0,0,10,671,6,301,8192,63329,6,20,0.0,0.0,0,0,0.0,0.0,0,0,Benign,Friday,False,Normal
443,6,23/02/2018 12:59:32,164,2,0,0,0,0,0,0.0,0.0,0,0,0.0,0.0,0.0,12195.1219512195,164.0,0.0,164,164,164,164.0,0.0,164,164,0,0.0,0.0,0,0,0,0,0,0,40,0,12195.1219512195,0.0,0,0,0.0,0.0,0.0,0,0,0,0,1,0,0,0,0,0.0,0.0,0.0,0,0,0,0,0,0,2,0,0,0,64209,-1,0,20,0.0,0.0,0,0,0.0,0.0,0,0,Benign,Friday,False,Normal
52246,6,23/02/2018 01:42:03,7663,2,1,38,0,38,0,19.0,26.8700576851,0,0,0.0,0.0,4958.8933837923,391.491582931,3831.5,5400.1744879217,7650,13,7663,7663.0,0.0,7663,7663,0,0.0,0.0,0,0,1,0,0,0,40,20,260.9943886206,130.4971943103,0,38,19.0,21.9393102292,481.3333333333,0,1,0,0,1,0,0,0,0,25.3333333333,19.0,0.0,0,0,0,0,0,0,2,38,1,0,62,0,0,20,0.0,0.0,0,0,0.0,0.0,0,0,Benign,Friday,False,Normal
53,17,23/02/2018 03:00:37,1077,1,1,40,139,40,40,40.0,0.0,139,139,139.0,0.0,166202.414113278,1857.0102135562,1077.0,0.0,1077,1077,0,0.0,0.0,0,0,0,0.0,0.0,0,0,0,0,0,0,8,8,928.5051067781,928.5051067781,40,139,73.0,57.1576766498,3267.0,0,0,0,0,0,0,0,0,1,109.5,40.0,139.0,0,0,0,0,0,0,1,40,1,139,-1,-1,0,8,0.0,0.0,0,0,0.0,0.0,0,0,Benign,Friday,False,Normal
53310,6,23/02/2018 05:13:18,10,1,1,0,0,0,0,0.0,0.0,0,0,0.0,0.0,0.0,200000.0,10.0,0.0,10,10,0,0.0,0.0,0,0,0,0.0,0.0,0,0,0,0,0,0,20,20,100000.0,100000.0,0,0,0.0,0.0,0.0,0,0,0,0,1,1,0,0,1,0.0,0.0,0.0,0,0,0,0,0,0,1,0,1,0,176,256,0,20,0.0,0.0,0,0,0.0,0.0,0,0,Benign,Friday,False,Normal
54574,6,23/02/2018 12:17:14,51,2,0,0,0,0,0,0.0,0.0,0,0,0.0,0.0,0.0,39215.6862745098,51.0,0.0,51,51,51,51.0,0.0,51,51,0,0.0,0.0,0,0,0,0,0,0,40,0,39215.6862745098,0.0,0,0,0.0,0.0,0.0,0,0,0,0,1,0,0,0,0,0.0,0.0,0.0,0,0,0,0,0,0,2,0,0,0,258,-1,0,20,0.0,0.0,0,0,0.0,0.0,0,0,Benign,Friday,False,Normal
53,17,23/02/2018 11:11:26,44193,2,2,146,310,73,73,73.0,0.0,155,155,155.0,0.0,10318.3762134275,90.5120720476,14731.0,24332.2269223349,42824,304,43889,43889.0,0.0,43889,43889,43128,43128.0,0.0,43128,43128,0,0,0,0,16,16,45.2560360238,45.2560360238,73,155,105.8,44.9132497154,2017.2,0,0,0,0,0,0,0,0,1,132.25,73.0,155.0,0,0,0,0,0,0,2,146,2,310,-1,-1,1,8,0.0,0.0,0,0,0.0,0.0,0,0,Benign,Friday,False,Normal
3389,6,23/02/2018 10:46:16,2541322,8,7,1148,1581,677,0,143.5,228.129662379,1173,0,225.8571428571,430.0986044197,1073.8505392076,5.9024397538,181523.0,250124.936414708,937210,72,2541322,363046.0,405177.638051098,1255841,72,2286963,381160.5,273516.426185156,937210,256398,0,0,0,0,172,152,3.1479678687,2.7544718851,0,1173,170.5625,319.433241591,102037.595833333,0,0,1,1,0,0,0,1,0,181.9333333333,143.5,225.8571428571,0,0,0,0,0,0,8,1148,7,1581,8192,62852,5,20,0.0,0.0,0,0,0.0,0.0,0,0,Benign,Friday,False,Normal
47706,6,23/02/2018 10:08:38,88008335,2,0,0,0,0,0,0.0,0.0,0,0,0.0,0.0,0.0,0.0227251203,88008335.0,0.0,88008335,88008335,88008335,88008335.0,0.0,88008335,88008335,0,0.0,0.0,0,0,0,0,0,0,40,0,0.0227251203,0.0,0,0,0.0,0.0,0.0,0,0,0,0,1,0,0,0,0,0.0,0.0,0.0,0,0,0,0,0,0,2,0,0,0,63326,-1,0,20,0.0,0.0,0,0,88008335.0,0.0,88008335,88008335,Benign,Friday,False,Normal
14519,6,23/02/2018 09:50:42,88162825,2,0,0,0,0,0,0.0,0.0,0,0,0.0,0.0,0.0,0.0226852985,88162825.0,0.0,88162825,88162825,88162825,88162825.0,0.0,88162825,88162825,0,0.0,0.0,0,0,0,0,0,0,40,0,0.0226852985,0.0,0,0,0.0,0.0,0.0,0,0,0,0,1,0,0,0,0,0.0,0.0,0.0,0,0,0,0,0,0,2,0,0,0,63325,-1,0,20,0.0,0.0,0,0,88162825.0,0.0,88162825,88162825,Benign,Friday,False,Normal
53,17,23/02/2018 11:17:30,23751,1,1,38,95,38,38,38.0,0.0,95,95,95.0,0.0,5599.7642204539,84.2069807587,23751.0,0.0,23751,23751,0,0.0,0.0,0,0,0,0.0,0.0,0,0,0,0,0,0,8,8,42.1034903794,42.1034903794,38,95,57.0,32.9089653438,1083.0,0,0,0,0,0,0,0,0,1,85.5,38.0,95.0,0,0,0,0,0,0,1,38,1,95,-1,-1,0,8,0.0,0.0,0,0,0.0,0.0,0,0,Benign,Friday,False,Normal
53658,6,23/02/2018 05:29:26,21,1,1,0,0,0,0,0.0,0.0,0,0,0.0,0.0,0.0,95238.0952380952,21.0,0.0,21,21,0,0.0,0.0,0,0,0,0.0,0.0,0,0,0,0,0,0,20,20,47619.0476190476,47619.0476190476,0,0,0.0,0.0,0.0,0,0,0,0,1,1,0,0,1,0.0,0.0,0.0,0,0,0,0,0,0,1,0,1,0,913,256,0,20,0.0,0.0,0,0,0.0,0.0,0,0,Benign,Friday,False,Normal
53,17,23/02/2018 05:03:18,1323,1,1,33,61,33,33,33.0,0.0,61,61,61.0,0.0,71050.6424792139,1511.7157974301,1323.0,0.0,1323,1323,0,0.0,0.0,0,0,0,0.0,0.0,0,0,0,0,0,0,8,8,755.857898715,755.857898715,33,61,42.3333333333,16.1658075373,261.3333333333,0,0,0,0,0,0,0,0,1,63.5,33.0,61.0,0,0,0,0,0,0,1,33,1,61,-1,-1,0,8,0.0,0.0,0,0,0.0,0.0,0,0,Benign,Friday,False,Normal
53,17,23/02/2018 05:11:18,15307,1,1,46,107,46,46,46.0,0.0,107,107,107.0,0.0,9995.4269288561,130.6591755406,15307.0,0.0,15307,15307,0,0.0,0.0,0,0,0,0.0,0.0,0,0,0,0,0,0,8,8,65.3295877703,65.3295877703,46,107,66.3333333333,35.2183664206,1240.3333333333,0,0,0,0,0,0,0,0,1,99.5,46.0,107.0,0,0,0,0,0,0,1,46,1,107,-1,-1,0,8,0.0,0.0,0,0,0.0,0.0,0,0,Benign,Friday,False,Normal
49927,6,23/02/2018 09:50:27,62808,2,1,38,0,38,0,19.0,26.8700576851,0,0,0.0,0.0,605.0184689848,47.7646159725,31404.0,44389.3352957667,62792,16,62808,62808.0,0.0,62808,62808,0,0.0,0.0,0,0,1,0,0,0,40,20,31.843077315,15.9215386575,0,38,19.0,21.9393102292,481.3333333333,0,1,0,0,1,0,0,0,0,25.3333333333,19.0,0.0,0,0,0,0,0,0,2,38,1,0,176,0,0,20,0.0,0.0,0,0,0.0,0.0,0,0,Benign,Friday,False,Normal
443,6,23/02/2018 12:39:59,116169938,21,18,805,4064,449,0,38.3333333333,105.5780911616,1460,0,225.7777777778,474.8933695245,41.9127364947,0.3357150797,3057103.63157895,4568202.28497702,10087332,1,116169938,5808496.9,4894430.15905033,10099826,20,111433813,6554930.17647059,4863169.57913509,10105002,1,0,0,0,0,432,504,0.1807696583,0.1549454214,0,1460,121.725,336.3673958635,113143.025,0,0,0,1,0,0,0,0,0,124.8461538462,38.3333333333,225.7777777778,0,0,0,0,0,0,21,805,18,4064,8192,980,15,20,112011.636363636,329575.110806406,1105705,11917,10018333.1818182,33616.2402026708,10087332,9999802,Benign,Friday,False,Normal
51437,6,23/02/2018 12:45:28,80,3,1,31,0,31,0,10.3333333333,17.8978583449,0,0,0.0,0.0,387500.0,50000.0,26.6666666667,21.2210587232,44,3,80,40.0,52.3259018078,77,3,0,0.0,0.0,0,0,0,0,0,0,60,20,37500.0,12500.0,0,31,6.2,13.8636214605,192.2,0,0,0,0,1,0,0,0,0,7.75,10.3333333333,0.0,0,0,0,0,0,0,3,31,1,0,1019,0,1,20,0.0,0.0,0,0,0.0,0.0,0,0,Benign,Friday,False,Normal
443,6,23/02/2018 01:13:47,60370550,16,16,889,7269,564,0,55.5625,146.4768326392,1460,0,454.3125,624.9604487486,135.1321132572,0.5300597725,1947437.09677419,4006373.62073531,10001077,1,60370550,4024703.33333333,5051902.00755558,10012761,218,60358756,4023917.06666667,5061281.77327354,10012788,1,0,0,0,0,332,324,0.2650298863,0.2650298863,0,1460,247.2121212121,484.6229692746,234859.422348485,0,0,0,1,0,0,0,0,1,254.9375,55.5625,454.3125,0,0,0,0,0,0,16,889,16,7269,8192,31020,9,20,37478.5,63098.6209318397,166278,11684,9992141.0,20757.4236937054,10001077,9949782,Benign,Friday,False,Normal
80,6,23/02/2018 03:00:48,6365533,4,4,97,231,97,0,24.25,48.5,231,0,57.75,115.5,51.5274997396,1.2567682863,909361.857142857,2378715.27617104,6303533,41,62000,20666.6666666667,35529.0119526751,61692,107,6365373,2121791.0,3674617.6688476,6364874,190,0,0,0,0,92,92,0.6283841432,0.6283841432,0,231,36.4444444444,79.6996096463,6352.0277777778,0,0,0,1,0,0,0,0,1,41.0,24.25,57.75,0,0,0,0,0,0,4,97,4,231,8192,141,1,20,0.0,0.0,0,0,0.0,0.0,0,0,Benign,Friday,False,Normal
80,6,23/02/2018 03:58:00,114607725,22,18,2191,3940,436,0,99.5909090909,186.7373146303,788,0,218.8888888889,363.1802159824,53.4955213534,0.349016613,2938659.61538461,4501675.88315436,10004101,36,114596390,5456970.95238095,4918282.54967751,10015405,150,114596505,6740970.88235294,4599464.76416774,10017280,1187,0,0,0,0,452,504,0.1919591371,0.1570574758,0,788,149.5365853659,280.1072203247,78460.0548780488,0,0,0,1,0,0,0,0,0,153.275,99.5909090909,218.8888888889,0,0,0,0,0,0,22,2191,18,3940,8192,296,16,20,418203.727272727,1349469.71216053,4487008,11268,9999649.90909091,14559.3675580674,10004101,9955752,Benign,Friday,False,Normal
443,6,23/02/2018 05:20:36,344,2,0,0,0,0,0,0.0,0.0,0,0,0.0,0.0,0.0,5813.9534883721,344.0,0.0,344,344,344,344.0,0.0,344,344,0,0.0,0.0,0,0,0,0,0,0,40,0,5813.9534883721,0.0,0,0,0.0,0.0,0.0,0,0,0,0,1,0,0,0,0,0.0,0.0,0.0,0,0,0,0,0,0,2,0,0,0,253,-1,0,20,0.0,0.0,0,0,0.0,0.0,0,0,Benign,Friday,False,Normal
3389,6,23/02/2018 11:49:45,2129194,10,7,1144,1581,677,0,114.4,209.8969059112,1173,0,225.8571428571,430.0986044197,1279.8270143538,7.9842419244,133074.625,235421.008487596,953129,4,2129194,236577.111111111,339015.063964879,1108604,4,2024388,337398.0,331975.930938976,953129,106809,0,0,0,0,212,152,4.6966128967,3.2876290277,0,1173,151.3888888889,305.0398506056,93049.3104575164,0,0,1,1,0,0,0,1,0,160.2941176471,114.4,225.8571428571,0,0,0,0,0,0,10,1144,7,1581,8192,62856,5,20,0.0,0.0,0,0,0.0,0.0,0,0,Benign,Friday,False,Normal
53,17,23/02/2018 05:01:03,1611,1,1,42,123,42,42,42.0,0.0,123,123,123.0,0.0,102420.856610801,1241.4649286158,1611.0,0.0,1611,1611,0,0.0,0.0,0,0,0,0.0,0.0,0,0,0,0,0,0,8,8,620.7324643079,620.7324643079,42,123,69.0,46.7653718044,2187.0,0,0,0,0,0,0,0,0,1,103.5,42.0,123.0,0,0,0,0,0,0,1,42,1,123,-1,-1,0,8,0.0,0.0,0,0,0.0,0.0,0,0,Benign,Friday,False,Normal
50495,6,23/02/2018 10:41:54,29,1,1,0,0,0,0,0.0,0.0,0,0,0.0,0.0,0.0,68965.5172413793,29.0,0.0,29,29,0,0.0,0.0,0,0,0,0.0,0.0,0,0,0,0,0,0,20,20,34482.7586206897,34482.7586206897,0,0,0.0,0.0,0.0,0,0,0,0,1,1,0,0,1,0.0,0.0,0.0,0,0,0,0,0,0,1,0,1,0,31122,63052,0,20,0.0,0.0,0,0,0.0,0.0,0,0,Benign,Friday,False,Normal
53,17,23/02/2018 05:01:04,70539,2,2,90,146,45,45,45.0,0.0,73,73,73.0,0.0,3345.6669360212,56.7062192546,23513.0,39622.1142923999,69264,422,70117,70117.0,0.0,70117,70117,69686,69686.0,0.0,69686,69686,0,0,0,0,16,16,28.3531096273,28.3531096273,45,73,56.2,15.3362316101,235.2,0,0,0,0,0,0,0,0,1,70.25,45.0,73.0,0,0,0,0,0,0,2,90,2,146,-1,-1,1,8,0.0,0.0,0,0,0.0,0.0,0,0,Benign,Friday,False,Normal
443,6,23/02/2018 12:40:07,6887,1,1,0,0,0,0,0.0,0.0,0,0,0.0,0.0,0.0,290.4022070568,6887.0,0.0,6887,6887,0,0.0,0.0,0,0,0,0.0,0.0,0,0,0,0,0,0,20,20,145.2011035284,145.2011035284,0,0,0.0,0.0,0.0,1,0,0,0,1,0,0,0,1,0.0,0.0,0.0,0,0,0,0,0,0,1,0,1,0,0,290,0,20,0.0,0.0,0,0,0.0,0.0,0,0,Benign,Friday,False,Normal
3389,6,23/02/2018 09:03:59,4360871,10,7,1148,1581,677,0,114.8,210.0924664153,1173,0,225.8571428571,430.0986044197,625.7924162398,3.8983038022,272554.4375,445904.226748894,1682931,4,4360871,484541.222222222,576665.153291487,1682931,4,4122770,687128.333333333,727641.034828759,2066478,220688,0,0,0,0,212,152,2.2931198836,1.6051839185,0,1173,151.6111111111,305.0826578234,93075.4281045752,0,0,1,1,0,0,0,1,0,160.5294117647,114.8,225.8571428571,0,0,0,0,0,0,10,1148,7,1581,8192,62852,5,20,0.0,0.0,0,0,0.0,0.0,0,0,Benign,Friday,False,Normal
55859,6,23/02/2018 02:46:34,34,2,0,0,0,0,0,0.0,0.0,0,0,0.0,0.0,0.0,58823.5294117647,34.0,0.0,34,34,34,34.0,0.0,34,34,0,0.0,0.0,0,0,0,0,0,0,40,0,58823.5294117647,0.0,0,0,0.0,0.0,0.0,0,0,0,0,1,0,0,0,0,0.0,0.0,0.0,0,0,0,0,0,0,2,0,0,0,256,-1,0,20,0.0,0.0,0,0,0.0,0.0,0,0,Benign,Friday,False,Normal
80,6,23/02/2018 08:23:52,5868803,4,4,97,231,97,0,24.25,48.5,231,0,57.75,115.5,55.8887391517,1.3631399793,838400.428571429,2191427.92275477,5807852,59,60951,20317.0,33287.3935747454,58738,147,5866796,1955598.66666667,3386616.87935679,5866127,278,0,0,0,0,92,92,0.6815699897,0.6815699897,0,231,36.4444444444,79.6996096463,6352.0277777778,0,0,0,1,0,0,0,0,1,41.0,24.25,57.75,0,0,0,0,0,0,4,97,4,231,8192,141,1,20,0.0,0.0,0,0,0.0,0.0,0,0,Benign,Friday,False,Normal
80,6,23/02/2018 08:23:58,54144720,2,0,0,0,0,0,0.0,0.0,0,0,0.0,0.0,0.0,0.0369380431,54144720.0,0.0,54144720,54144720,54144720,54144720.0,0.0,54144720,54144720,0,0.0,0.0,0,0,0,0,0,0,40,0,0.0369380431,0.0,0,0,0.0,0.0,0.0,0,0,0,0,1,0,0,0,0,0.0,0.0,0.0,0,0,0,0,0,0,2,0,0,0,279,-1,0,20,0.0,0.0,0,0,0.0,0.0,0,0,Benign,Friday,False,Normal
445,6,23/02/2018 08:37:16,755285,11,5,364,582,103,0,33.0909090909,46.2784065098,409,0,116.4,167.0353256051,1252.5073316695,21.1840563496,50352.3333333333,71205.6934678548,150351,42,755285,75528.5,76604.7131495329,152947,1455,606664,151666.0,1461.8237467857,153695,150520,0,0,0,0,232,112,14.5640387403,6.6200176092,0,409,55.6470588235,100.0524494806,10010.4926470588,0,0,0,1,0,0,0,0,0,59.125,33.0909090909,116.4,0,0,0,0,0,0,11,364,5,582,8192,255,4,20,0.0,0.0,0,0,0.0,0.0,0,0,Benign,Friday,False,Normal
80,6,23/02/2018 09:32:37,95,2,0,0,0,0,0,0.0,0.0,0,0,0.0,0.0,0.0,21052.6315789474,95.0,0.0,95,95,95,95.0,0.0,95,95,0,0.0,0.0,0,0,0,0,0,0,40,0,21052.6315789474,0.0,0,0,0.0,0.0,0.0,0,0,0,0,1,0,0,0,0,0.0,0.0,0.0,0,0,0,0,0,0,2,0,0,0,278,-1,0,20,0.0,0.0,0,0,0.0,0.0,0,0,Benign,Friday,False,Normal
3389,6,23/02/2018 10:45:39,1910200,10,7,672,301,187,0,67.2,68.0780597713,197,0,43.0,74.6681547471,509.3707465187,8.8995916658,119387.5,251915.45163381,1034248,2,1910200,212244.444444444,333577.84606412,1084251,2,875866,145977.666666667,134347.115493659,399451,213,0,0,0,0,212,152,5.2350539211,3.6645377447,0,197,54.0555555556,68.8856445578,4745.2320261438,0,0,1,1,0,0,0,1,0,57.2352941176,67.2,43.0,0,0,0,0,0,0,10,672,7,301,8192,63328,6,20,0.0,0.0,0,0,0.0,0.0,0,0,Benign,Friday,False,Normal
3389,6,23/02/2018 10:53:08,1778940,10,7,674,301,187,0,67.4,68.001960756,197,0,43.0,74.6681547471,548.0791932274,9.5562525999,111183.75,183403.23914097,568205,4,1778940,197660.0,231977.2157201,623425,4,1220345,203390.833333333,284133.155795952,776093,264,0,0,0,0,212,152,5.6213250587,3.9349275411,0,197,54.1666666667,68.8683740274,4742.8529411765,0,0,1,1,0,0,0,1,0,57.3529411765,67.4,43.0,0,0,0,0,0,0,10,674,7,301,8192,63326,6,20,0.0,0.0,0,0,0.0,0.0,0,0,Benign,Friday,False,Normal
3389,6,23/02/2018 11:01:05,3913399,14,8,1460,1731,741,0,104.2857142857,195.0906805216,1179,0,216.375,405.4647906151,815.4036938222,5.6217114585,186352.333333333,245837.920594105,943634,60,3913399,301030.692307692,348826.132544181,1285628,17887,3798009,542572.714285714,304096.971816949,943634,181111,0,0,0,0,292,172,3.5774527463,2.0442587122,0,1179,138.7391304348,280.3960214656,78621.9288537549,0,0,1,1,0,0,0,1,0,145.0454545455,104.2857142857,216.375,0,0,0,0,0,0,14,1460,8,1731,8192,62625,7,20,0.0,0.0,0,0,0.0,0.0,0,0,Benign,Friday,False,Normal
3389,6,23/02/2018 11:02:08,3940551,13,8,1438,1731,725,0,110.6153846154,196.6369490803,1179,0,216.375,405.4647906151,804.2022549638,5.3292039616,197027.55,248362.377956395,958697,56,3940551,328379.25,343627.152046338,1274034,52316,3817544,545363.428571429,333012.128042837,958697,158218,0,0,0,0,272,172,3.2990310238,2.0301729377,0,1179,144.0454545455,283.8456115018,80568.3311688312,0,0,1,1,0,0,0,1,0,150.9047619048,110.6153846154,216.375,0,0,0,0,0,0,13,1438,8,1731,8192,62647,7,20,0.0,0.0,0,0,0.0,0.0,0,0,Benign,Friday,False,Normal
3389,6,23/02/2018 11:14:13,1843201,10,7,672,301,187,0,67.2,68.0780597713,197,0,43.0,74.6681547471,527.8859983257,9.2230852739,115200.0625,244462.436940993,1007056,40,1843201,204800.111111111,306632.578297889,1007056,115,1682215,280369.166666667,464672.09578214,1222160,275,0,0,0,0,212,152,5.4253442788,3.7977409951,0,197,54.0555555556,68.8856445578,4745.2320261438,0,0,1,1,0,0,0,1,0,57.2352941176,67.2,43.0,0,0,0,0,0,0,10,672,7,301,8192,63328,6,20,0.0,0.0,0,0,0.0,0.0,0,0,Benign,Friday,False,Normal
3389,6,23/02/2018 11:32:18,3851922,14,8,1440,1731,725,0,102.8571428571,191.1728405006,1179,0,216.375,405.4647906151,823.2253924145,5.7114344475,183424.857142857,281963.724587275,955402,3,3851922,296301.692307692,395031.461262346,1313409,3,3814925,544989.285714286,442534.091491535,1228669,107759,0,0,0,0,292,172,3.6345491939,2.0768852536,0,1179,137.8695652174,278.9101035276,77790.8458498024,0,0,1,1,0,0,0,1,0,144.1363636364,102.8571428571,216.375,0,0,0,0,0,0,14,1440,8,1731,8192,62560,7,20,0.0,0.0,0,0,0.0,0.0,0,0,Benign,Friday,False,Normal
445,6,23/02/2018 11:45:31,145651,3,1,0,0,0,0,0.0,0.0,0,0,0.0,0.0,0.0,27.46290791,48550.3333333333,84031.0291578851,145581,1,145651,72825.5,102989.395573039,145650,1,0,0.0,0.0,0,0,0,0,0,0,72,32,20.5971809325,6.8657269775,0,0,0.0,0.0,0.0,0,0,0,1,0,0,0,0,0,0.0,0.0,0.0,0,0,0,0,0,0,3,0,1,0,8192,8192,0,20,0.0,0.0,0,0,0.0,0.0,0,0,Benign,Friday,False,Normal
3389,6,23/02/2018 12:18:00,4183000,14,8,1460,1731,741,0,104.2857142857,195.0906805216,1179,0,216.375,405.4647906151,762.8496294525,5.2593832178,199190.476190476,292810.277437903,1039375,4,4183000,321769.230769231,370533.036305166,1175652,4,4151921,593131.571428572,427602.523775627,1282709,106813,0,0,0,0,292,172,3.3468802295,1.9125029883,0,1179,138.7391304348,280.3960214656,78621.9288537549,0,0,1,1,0,0,0,1,0,145.0454545455,104.2857142857,216.375,0,0,0,0,0,0,14,1460,8,1731,8192,64000,7,20,0.0,0.0,0,0,0.0,0.0,0,0,Benign,Friday,False,Normal
53,17,23/02/2018 11:24:58,285,1,1,46,62,46,46,46.0,0.0,62,62,62.0,0.0,378947.368421053,7017.5438596491,285.0,0.0,285,285,0,0.0,0.0,0,0,0,0.0,0.0,0,0,0,0,0,0,8,8,3508.7719298246,3508.7719298246,46,62,51.3333333333,9.237604307,85.3333333333,0,0,0,0,0,0,0,0,1,77.0,46.0,62.0,0,0,0,0,0,0,1,46,1,62,-1,-1,0,8,0.0,0.0,0,0,0.0,0.0,0,0,Benign,Friday,False,Normal
80,6,23/02/2018 12:59:30,118170330,21,17,1755,3152,436,0,83.5714285714,175.1752184039,788,0,185.4117647059,344.5430050849,41.5248057613,0.3215697206,3193792.7027027,4555661.34832134,10004154,56,118159055,5907952.75,4750435.09347808,10015465,185,118159090,7384943.125,4148302.65846655,10015604,1090,0,0,0,0,432,484,0.1777095824,0.1438601382,0,788,125.8205128205,262.9173245873,69125.5195681511,0,0,0,1,0,0,0,0,0,129.1315789474,83.5714285714,185.4117647059,0,0,0,0,0,0,21,1755,17,3152,8192,294,15,20,746328.727272727,2437545.18923355,8095804,11301,9995403.54545455,28683.7561883503,10004154,9908919,Benign,Friday,False,Normal
51512,6,23/02/2018 01:02:29,20,2,0,0,0,0,0,0.0,0.0,0,0,0.0,0.0,0.0,100000.0,20.0,0.0,20,20,20,20.0,0.0,20,20,0,0.0,0.0,0,0,0,0,0,0,40,0,100000.0,0.0,0,0,0.0,0.0,0.0,0,0,0,0,1,0,0,0,0,0.0,0.0,0.0,0,0,0,0,0,0,2,0,0,0,180,-1,0,20,0.0,0.0,0,0,0.0,0.0,0,0,Benign,Friday,False,Normal
443,6,23/02/2018 01:58:00,118932102,48,62,2269,61662,289,0,47.2708333333,76.191734511,1410,0,994.5483870968,587.9048567337,537.5420002246,0.924897468,1091120.20183486,7887882.08820532,58949262,0,118932102,2530470.25531915,11931359.858776,58949262,27,118909563,1949337.09836066,10506333.2286452,58971961,0,0,0,0,0,996,1252,0.4035916224,0.5213058456,0,1410,575.954954955,646.4457143402,417892.061588862,0,0,0,1,0,0,0,0,1,581.1909090909,47.2708333333,994.5483870968,0,0,0,0,0,0,48,2269,62,61662,8192,153,16,20,905660.0,1143434.09158552,1714190,97130,58511528.5,619048.652405043,58949262,58073795,Benign,Friday,False,Normal
445,6,23/02/2018 02:03:19,230774,3,1,0,0,0,0,0.0,0.0,0,0,0.0,0.0,0.0,17.3329751185,76924.6666666667,133156.898433139,230681,1,230774,115387.0,163180.446107982,230773,1,0,0.0,0.0,0,0,0,0,0,0,68,32,12.9997313389,4.3332437796,0,0,0.0,0.0,0.0,0,0,0,1,0,0,0,0,0,0.0,0.0,0.0,0,0,0,0,0,0,3,0,1,0,8192,8192,0,20,0.0,0.0,0,0,0.0,0.0,0,0,Benign,Friday,False,Normal
80,6,23/02/2018 03:10:51,918,3,4,161,488,161,0,53.6666666667,92.9533933395,488,0,122.0,244.0,706971.677559913,7625.2723311547,153.0,95.4651768971,279,31,471,235.5,156.2705986422,346,125,639,213.0,176.3065512112,383,31,0,0,0,0,72,92,3267.9738562092,4357.2984749455,0,488,81.125,173.7875858627,30202.125,0,0,0,1,0,0,0,0,1,92.7142857143,53.6666666667,122.0,0,0,0,0,0,0,3,161,4,488,8192,149,1,20,0.0,0.0,0,0,0.0,0.0,0,0,Benign,Friday,False,Normal
53,17,23/02/2018 08:16:09,472,1,1,49,177,49,49,49.0,0.0,177,177,177.0,0.0,478813.559322034,4237.2881355932,472.0,0.0,472,472,0,0.0,0.0,0,0,0,0.0,0.0,0,0,0,0,0,0,8,8,2118.6440677966,2118.6440677966,49,177,91.6666666667,73.9008344563,5461.3333333333,0,0,0,0,0,0,0,0,1,137.5,49.0,177.0,0,0,0,0,0,0,1,49,1,177,-1,-1,0,8,0.0,0.0,0,0,0.0,0.0,0,0,Benign,Friday,False,Normal
53,17,23/02/2018 10:18:27,127369,2,2,96,610,48,48,48.0,0.0,305,305,305.0,0.0,5542.9500113843,31.4048159285,42456.3333333333,45310.9794347169,90165,1,37203,37203.0,0.0,37203,37203,1,1.0,0.0,1,1,0,0,0,0,16,16,15.7024079643,15.7024079643,48,305,150.8,140.7646972788,19814.7,0,0,0,0,0,0,0,0,1,188.5,48.0,305.0,0,0,0,0,0,0,2,96,2,610,-1,-1,1,8,0.0,0.0,0,0,0.0,0.0,0,0,Benign,Friday,False,Normal
23216,6,23/02/2018 11:33:55,88204910,2,0,0,0,0,0,0.0,0.0,0,0,0.0,0.0,0.0,0.0226744747,88204910.0,0.0,88204910,88204910,88204910,88204910.0,0.0,88204910,88204910,0,0.0,0.0,0,0,0,0,0,0,40,0,0.0226744747,0.0,0,0,0.0,0.0,0.0,0,0,0,0,1,0,0,0,0,0.0,0.0,0.0,0,0,0,0,0,0,2,0,0,0,63330,-1,0,20,0.0,0.0,0,0,88204910.0,0.0,88204910,88204910,Benign,Friday,False,Normal
57849,6,23/02/2018 10:57:40,86389390,2,0,0,0,0,0,0.0,0.0,0,0,0.0,0.0,0.0,0.0231509911,86389390.0,0.0,86389390,86389390,86389390,86389390.0,0.0,86389390,86389390,0,0.0,0.0,0,0,0,0,0,0,40,0,0.0231509911,0.0,0,0,0.0,0.0,0.0,0,0,0,0,1,0,0,0,0,0.0,0.0,0.0,0,0,0,0,0,0,2,0,0,0,62559,-1,0,20,0.0,0.0,0,0,86389390.0,0.0,86389390,86389390,Benign,Friday,False,Normal
39586,6,23/02/2018 12:30:13,86093173,2,0,0,0,0,0,0.0,0.0,0,0,0.0,0.0,0.0,0.0232306457,86093173.0,0.0,86093173,86093173,86093173,86093173.0,0.0,86093173,86093173,0,0.0,0.0,0,0,0,0,0,0,40,0,0.0232306457,0.0,0,0,0.0,0.0,0.0,0,0,0,0,1,0,0,0,0,0.0,0.0,0.0,0,0,0,0,0,0,2,0,0,0,62558,-1,0,20,0.0,0.0,0,0,86093173.0,0.0,86093173,86093173,Benign,Friday,False,Normal
53,17,23/02/2018 01:35:34,600,1,1,32,60,32,32,32.0,0.0,60,60,60.0,0.0,153333.333333333,3333.3333333333,600.0,0.0,600,600,0,0.0,0.0,0,0,0,0.0,0.0,0,0,0,0,0,0,8,8,1666.6666666667,1666.6666666667,32,60,41.3333333333,16.1658075373,261.3333333333,0,0,0,0,0,0,0,0,1,62.0,32.0,60.0,0,0,0,0,0,0,1,32,1,60,-1,-1,0,8,0.0,0.0,0,0,0.0,0.0,0,0,Benign,Friday,False,Normal
3389,6,23/02/2018 09:47:22,2505817,8,7,1148,1581,677,0,143.5,228.129662379,1173,0,225.8571428571,430.0986044197,1089.0659613212,5.9860716086,178986.928571429,252995.581061581,953231,85,2505817,357973.857142857,407664.750232111,1258135,388,2261072,376845.333333333,283478.615439448,953231,245476,0,0,0,0,172,152,3.1925715246,2.793500084,0,1173,170.5625,319.433241591,102037.595833333,0,0,0,1,0,0,0,0,0,181.9333333333,143.5,225.8571428571,0,0,0,0,0,0,8,1148,7,1581,8192,62852,5,20,0.0,0.0,0,0,0.0,0.0,0,0,Benign,Friday,False,Normal
64150,6,23/02/2018 02:39:40,59,2,0,0,0,0,0,0.0,0.0,0,0,0.0,0.0,0.0,33898.3050847458,59.0,0.0,59,59,59,59.0,0.0,59,59,0,0.0,0.0,0,0,0,0,0,0,40,0,33898.3050847458,0.0,0,0,0.0,0.0,0.0,0,0,0,0,1,0,0,0,0,0.0,0.0,0.0,0,0,0,0,0,0,2,0,0,0,256,-1,0,20,0.0,0.0,0,0,0.0,0.0,0,0,Benign,Friday,False,Normal
53,17,23/02/2018 09:50:30,281,1,1,45,61,45,45,45.0,0.0,61,61,61.0,0.0,377224.199288256,7117.4377224199,281.0,0.0,281,281,0,0.0,0.0,0,0,0,0.0,0.0,0,0,0,0,0,0,8,8,3558.71886121,3558.71886121,45,61,50.3333333333,9.237604307,85.3333333333,0,0,0,0,0,0,0,0,1,75.5,45.0,61.0,0,0,0,0,0,0,1,45,1,61,-1,-1,0,8,0.0,0.0,0,0,0.0,0.0,0,0,Benign,Friday,False,Normal
80,6,23/02/2018 09:15:47,65,2,0,0,0,0,0,0.0,0.0,0,0,0.0,0.0,0.0,30769.2307692308,65.0,0.0,65,65,65,65.0,0.0,65,65,0,0.0,0.0,0,0,0,0,0,0,40,0,30769.2307692308,0.0,0,0,0.0,0.0,0.0,0,0,0,0,1,0,0,0,0,0.0,0.0,0.0,0,0,0,0,0,0,2,0,0,0,278,-1,0,20,0.0,0.0,0,0,0.0,0.0,0,0,Benign,Friday,False,Normal
445,6,23/02/2018 09:49:43,620651,7,5,364,582,103,0,52.0,49.2172056636,409,0,116.4,167.0353256051,1524.2060352759,19.3345374454,56422.8181818182,63757.444529746,124237,36,620651,103441.833333333,49405.3365110154,126919,2661,498582,124645.5,1866.906621482,127313,122987,0,0,0,0,152,112,11.2784801765,8.0560572689,0,409,72.7692307692,109.5332170669,11997.5256410256,0,0,0,1,0,0,0,0,0,78.8333333333,52.0,116.4,0,0,0,0,0,0,7,364,5,582,8192,255,4,20,0.0,0.0,0,0,0.0,0.0,0,0,Benign,Friday,False,Normal
80,6,23/02/2018 11:25:50,116,2,0,0,0,0,0,0.0,0.0,0,0,0.0,0.0,0.0,17241.3793103448,116.0,0.0,116,116,116,116.0,0.0,116,116,0,0.0,0.0,0,0,0,0,0,0,40,0,17241.3793103448,0.0,0,0,0.0,0.0,0.0,0,0,0,0,1,0,0,0,0,0.0,0.0,0.0,0,0,0,0,0,0,2,0,0,0,256,-1,0,20,0.0,0.0,0,0,0.0,0.0,0,0,Benign,Friday,False,Normal
443,6,23/02/2018 01:31:05,36577,5,5,1085,676,517,0,217.0,274.6515974831,508,0,135.2,215.8696365865,48145.009158761,273.395849851,4064.1111111111,5617.9960939032,11600,1,23774,5943.5,6616.488771748,11776,170,25039,6259.75,6481.4804057407,11904,1,0,0,0,0,112,112,136.6979249255,136.6979249255,0,517,160.0909090909,230.8793860636,53305.2909090909,0,0,0,1,0,0,0,0,1,176.1,217.0,135.2,0,0,0,0,0,0,5,1085,5,676,8192,57,3,20,0.0,0.0,0,0,0.0,0.0,0,0,Benign,Friday,False,Normal
443,6,23/02/2018 02:57:24,70044612,81,114,4889,122442,442,0,60.3580246914,112.0419908608,1460,0,1074.052631579,592.9490246876,1817.8557402816,2.783940041,361054.701030928,4198113.14045684,58312426,0,70044612,875557.65,6527019.84506166,58312426,37,69983982,619327.274336283,5499021.50244174,58323613,0,0,0,0,0,1632,2292,1.1564058632,1.6275341778,0,1460,649.6479591837,678.67781227,460603.572867609,0,0,0,1,0,0,0,0,1,652.9794871795,60.3580246914,1074.052631579,0,0,0,0,0,0,81,4889,114,122442,8192,99,24,20,11671484.0,0.0,11671484,11671484,58312426.0,0.0,58312426,58312426,Benign,Friday,False,Normal
53,17,23/02/2018 12:49:06,353,1,1,33,289,33,33,33.0,0.0,289,289,289.0,0.0,912181.303116147,5665.7223796034,353.0,0.0,353,353,0,0.0,0.0,0,0,0,0.0,0.0,0,0,0,0,0,0,8,8,2832.8611898017,2832.8611898017,33,289,118.3333333333,147.8016689125,21845.3333333333,0,0,0,0,0,0,0,0,1,177.5,33.0,289.0,0,0,0,0,0,0,1,33,1,289,-1,-1,0,8,0.0,0.0,0,0,0.0,0.0,0,0,Benign,Friday,False,Normal
443,6,23/02/2018 03:24:34,115378408,21,19,699,5177,337,0,33.2857142857,85.0841600165,1460,0,272.4736842105,520.4389566533,50.9280731279,0.3466853174,2958420.71794872,4541861.2791918,10090252,0,115378408,5768920.4,4954522.60986478,10122740,18,110548395,6141577.5,5031572.48068197,10122495,0,0,0,0,0,432,524,0.1820097916,0.1646755258,0,1460,143.3170731707,374.5643762442,140298.471951219,0,0,0,1,0,0,0,0,0,146.9,33.2857142857,272.4736842105,0,0,0,0,0,0,21,699,19,5177,8192,980,15,20,39945.9090909091,25184.7276278881,115879,32216,10009906.4545455,26956.7099489667,10090252,9999418,Benign,Friday,False,Normal
80,6,23/02/2018 03:41:50,81,2,0,0,0,0,0,0.0,0.0,0,0,0.0,0.0,0.0,24691.3580246914,81.0,0.0,81,81,81,81.0,0.0,81,81,0,0.0,0.0,0,0,0,0,0,0,40,0,24691.3580246914,0.0,0,0,0.0,0.0,0.0,0,0,0,0,1,0,0,0,0,0.0,0.0,0.0,0,0,0,0,0,0,2,0,0,0,278,-1,0,20,0.0,0.0,0,0,0.0,0.0,0,0,Benign,Friday,False,Normal
53,17,23/02/2018 12:55:07,39184,2,2,64,242,32,32,32.0,0.0,121,121,121.0,0.0,7809.3099224173,102.082482646,13061.3333333333,12555.3039920718,25083,33,25083,25083.0,0.0,25083,25083,33,33.0,0.0,33,33,0,0,0,0,16,16,51.041241323,51.041241323,32,121,67.6,48.747307618,2376.3,0,0,0,0,0,0,0,0,1,84.5,32.0,121.0,0,0,0,0,0,0,2,64,2,242,-1,-1,1,8,0.0,0.0,0,0,0.0,0.0,0,0,Benign,Friday,False,Normal
1848,6,23/02/2018 04:40:53,86416432,2,0,0,0,0,0,0.0,0.0,0,0,0.0,0.0,0.0,0.0231437466,86416432.0,0.0,86416432,86416432,86416432,86416432.0,0.0,86416432,86416432,0,0.0,0.0,0,0,0,0,0,0,40,0,0.0231437466,0.0,0,0,0.0,0.0,0.0,0,0,0,0,1,0,0,0,0,0.0,0.0,0.0,0,0,0,0,0,0,2,0,0,0,62558,-1,0,20,0.0,0.0,0,0,86416432.0,0.0,86416432,86416432,Benign,Friday,False,Normal
53,17,23/02/2018 03:16:58,2806,1,1,43,102,43,43,43.0,0.0,102,102,102.0,0.0,51674.9821810406,712.7583749109,2806.0,0.0,2806,2806,0,0.0,0.0,0,0,0,0.0,0.0,0,0,0,0,0,0,8,8,356.3791874555,356.3791874555,43,102,62.6666666667,34.0636658822,1160.3333333333,0,0,0,0,0,0,0,0,1,94.0,43.0,102.0,0,0,0,0,0,0,1,43,1,102,-1,-1,0,8,0.0,0.0,0,0,0.0,0.0,0,0,Benign,Friday,False,Normal
3389,6,23/02/2018 11:39:55,2222679,8,7,1132,1581,661,0,141.5,222.792023453,1173,0,225.8571428571,430.0986044197,1220.5991058538,6.7486128226,158762.785714286,250179.950353334,953107,83,2222679,317525.571428571,391434.645193744,1181533,361,2055644,342607.333333333,302481.566894029,953107,168195,0,0,0,0,168,148,3.5992601721,3.1493526506,0,1173,169.5625,317.7627980638,100973.195833333,0,0,0,1,0,0,0,0,0,180.8666666667,141.5,225.8571428571,0,0,0,0,0,0,8,1132,7,1581,8192,62868,5,20,0.0,0.0,0,0,0.0,0.0,0,0,Benign,Friday,False,Normal
15818,6,23/02/2018 03:01:11,86272191,2,0,0,0,0,0,0.0,0.0,0,0,0.0,0.0,0.0,0.0231824413,86272191.0,0.0,86272191,86272191,86272191,86272191.0,0.0,86272191,86272191,0,0.0,0.0,0,0,0,0,0,0,40,0,0.0231824413,0.0,0,0,0.0,0.0,0.0,0,0,0,0,1,0,0,0,0,0.0,0.0,0.0,0,0,0,0,0,0,2,0,0,0,62558,-1,0,20,0.0,0.0,0,0,86272191.0,0.0,86272191,86272191,Benign,Friday,False,Normal
53109,6,23/02/2018 03:29:44,91,2,0,0,0,0,0,0.0,0.0,0,0,0.0,0.0,0.0,21978.021978022,91.0,0.0,91,91,91,91.0,0.0,91,91,0,0.0,0.0,0,0,0,0,0,0,40,0,21978.021978022,0.0,0,0,0.0,0.0,0.0,1,0,0,0,0,0,0,0,0,0.0,0.0,0.0,0,0,0,0,0,0,2,0,0,0,0,-1,0,20,0.0,0.0,0,0,0.0,0.0,0,0,Benign,Friday,False,Normal
3389,6,23/02/2018 12:12:20,1434604,9,7,1148,1581,677,0,127.5555555556,218.6910555505,1173,0,225.8571428571,430.0986044197,1902.2671064628,11.152903519,95640.2666666667,247779.884736567,984618,3,1434604,179325.5,361839.604831043,1071892,3,1372404,228734.0,373333.701809521,984618,46730,0,0,0,0,192,152,6.2735082294,4.8793952896,0,1173,160.5294117647,312.0440909645,97371.5147058823,0,0,1,1,0,0,0,1,0,170.5625,127.5555555556,225.8571428571,0,0,0,0,0,0,9,1148,7,1581,8192,62852,5,20,0.0,0.0,0,0,0.0,0.0,0,0,Benign,Friday,False,Normal
51217,6,23/02/2018 12:38:03,29,1,1,0,0,0,0,0.0,0.0,0,0,0.0,0.0,0.0,68965.5172413793,29.0,0.0,29,29,0,0.0,0.0,0,0,0,0.0,0.0,0,0,0,0,0,0,20,20,34482.7586206897,34482.7586206897,0,0,0.0,0.0,0.0,0,0,0,0,1,1,0,0,1,0.0,0.0,0.0,0,0,0,0,0,0,1,0,1,0,115,253,0,20,0.0,0.0,0,0,0.0,0.0,0,0,Benign,Friday,False,Normal
53,17,23/02/2018 11:25:04,41928,1,1,34,204,34,34,34.0,0.0,204,204,204.0,0.0,5676.3976340393,47.7008204541,41928.0,0.0,41928,41928,0,0.0,0.0,0,0,0,0.0,0.0,0,0,0,0,0,0,8,8,23.8504102271,23.8504102271,34,204,90.6666666667,98.1495457622,9633.3333333333,0,0,0,0,0,0,0,0,1,136.0,34.0,204.0,0,0,0,0,0,0,1,34,1,204,-1,-1,0,8,0.0,0.0,0,0,0.0,0.0,0,0,Benign,Friday,False,Normal
53,17,23/02/2018 12:40:04,177968,2,2,100,156,50,50,50.0,0.0,78,78,78.0,0.0,1438.4608468938,22.4759507327,59322.6666666667,101682.464192865,176735,331,177637,177637.0,0.0,177637,177637,177066,177066.0,0.0,177066,177066,0,0,0,0,16,16,11.2379753664,11.2379753664,50,78,61.2,15.3362316101,235.2,0,0,0,0,0,0,0,0,1,76.5,50.0,78.0,0,0,0,0,0,0,2,100,2,156,-1,-1,1,8,0.0,0.0,0,0,0.0,0.0,0,0,Benign,Friday,False,Normal
53,17,23/02/2018 01:31:00,30166,2,2,88,200,44,44,44.0,0.0,100,100,100.0,0.0,9547.1723132003,132.5996154611,10055.3333333333,8594.8590641926,17062,465,29701,29701.0,0.0,29701,29701,17527,17527.0,0.0,17527,17527,0,0,0,0,16,16,66.2998077306,66.2998077306,44,100,66.4,30.6724632203,940.8,0,0,0,0,0,0,0,0,1,83.0,44.0,100.0,0,0,0,0,0,0,2,88,2,200,-1,-1,1,8,0.0,0.0,0,0,0.0,0.0,0,0,Benign,Friday,False,Normal
51760,6,23/02/2018 01:31:07,52,2,0,0,0,0,0,0.0,0.0,0,0,0.0,0.0,0.0,38461.5384615385,52.0,0.0,52,52,52,52.0,0.0,52,52,0,0.0,0.0,0,0,0,0,0,0,40,0,38461.5384615385,0.0,0,0,0.0,0.0,0.0,1,0,0,0,0,0,0,0,0,0.0,0.0,0.0,0,0,0,0,0,0,2,0,0,0,0,-1,0,20,0.0,0.0,0,0,0.0,0.0,0,0,Benign,Friday,False,Normal
3389,6,23/02/2018 05:25:28,1634709,8,7,1148,1581,677,0,143.5,228.129662379,1173,0,225.8571428571,430.0986044197,1669.4102742445,9.1759450765,116764.928571429,245668.606094115,953080,70,1634709,233529.857142857,389782.992622146,1113066,70,1531923,255320.5,342545.883331708,953080,103002,0,0,0,0,172,152,4.8938373741,4.2821077023,0,1173,170.5625,319.433241591,102037.595833333,0,0,1,1,0,0,0,1,0,181.9333333333,143.5,225.8571428571,0,0,0,0,0,0,8,1148,7,1581,8192,62852,5,20,0.0,0.0,0,0,0.0,0.0,0,0,Benign,Friday,False,Normal
18852,6,23/02/2018 04:49:25,86077023,2,0,0,0,0,0,0.0,0.0,0,0,0.0,0.0,0.0,0.0232350043,86077023.0,0.0,86077023,86077023,86077023,86077023.0,0.0,86077023,86077023,0,0.0,0.0,0,0,0,0,0,0,40,0,0.0232350043,0.0,0,0,0.0,0.0,0.0,0,0,0,0,1,0,0,0,0,0.0,0.0,0.0,0,0,0,0,0,0,2,0,0,0,64000,-1,0,20,0.0,0.0,0,0,86077023.0,0.0,86077023,86077023,Benign,Friday,False,Normal
443,6,23/02/2018 08:19:01,219,3,0,77,0,46,0,25.6666666667,23.4591844132,0,0,0.0,0.0,351598.173515982,13698.6301369863,109.5,123.7436867076,197,22,219,109.5,123.7436867076,197,22,0,0.0,0.0,0,0,1,0,0,0,60,0,13698.6301369863,0.0,0,46,30.75,21.6852484422,470.25,0,1,0,0,1,0,0,0,0,41.0,25.6666666667,0.0,0,0,0,0,0,0,3,77,0,0,258,-1,1,20,0.0,0.0,0,0,0.0,0.0,0,0,Benign,Friday,False,Normal
3389,6,23/02/2018 09:18:19,4313334,14,9,1441,1731,725,0,102.9285714286,191.1489408352,1179,0,192.3333333333,386.0744746807,735.3940130767,5.3323021125,196060.636363636,294646.172810477,997443,70,4313334,331794.923076923,393671.038388327,1243633,124,4287512,535939.0,443081.670173151,1232339,106953,0,0,0,0,292,192,3.2457491119,2.0865530005,0,1179,132.1666666667,274.213288402,75192.9275362319,0,0,1,1,0,0,0,1,0,137.9130434783,102.9285714286,192.3333333333,0,0,0,0,0,0,14,1441,9,1731,8192,62559,7,20,0.0,0.0,0,0,0.0,0.0,0,0,Benign,Friday,False,Normal
3389,6,23/02/2018 09:45:39,4086354,14,8,1442,1731,725,0,103.0,191.1254119078,1179,0,216.375,405.4647906151,776.4868144072,5.3837724289,194588.285714286,245939.6490528,953155,71,4086354,314334.923076923,308510.766283086,1163193,59764,4013256,573322.285714286,287718.969919558,953155,163813,0,0,0,0,292,172,3.4260370002,1.9577354287,0,1179,137.9565217391,278.8794914492,77773.7707509882,0,0,1,1,0,0,0,1,0,144.2272727273,103.0,216.375,0,0,0,0,0,0,14,1442,8,1731,8192,62643,7,20,0.0,0.0,0,0,0.0,0.0,0,0,Benign,Friday,False,Normal
53,17,23/02/2018 10:31:05,744,1,1,32,60,32,32,32.0,0.0,60,60,60.0,0.0,123655.913978495,2688.1720430108,744.0,0.0,744,744,0,0.0,0.0,0,0,0,0.0,0.0,0,0,0,0,0,0,8,8,1344.0860215054,1344.0860215054,32,60,41.3333333333,16.1658075373,261.3333333333,0,0,0,0,0,0,0,0,1,62.0,32.0,60.0,0,0,0,0,0,0,1,32,1,60,-1,-1,0,8,0.0,0.0,0,0,0.0,0.0,0,0,Benign,Friday,False,Normal
445,6,23/02/2018 12:04:53,1214625,2,0,0,0,0,0,0.0,0.0,0,0,0.0,0.0,0.0,1.6465987445,1214625.0,0.0,1214625,1214625,1214625,1214625.0,0.0,1214625,1214625,0,0.0,0.0,0,0,0,0,0,0,40,0,1.6465987445,0.0,0,0,0.0,0.0,0.0,0,0,0,0,1,1,0,0,0,0.0,0.0,0.0,0,0,0,0,0,0,2,0,0,0,254,-1,0,20,0.0,0.0,0,0,0.0,0.0,0,0,Benign,Friday,False,Normal
51732,6,23/02/2018 12:21:18,98,2,1,38,0,38,0,19.0,26.8700576851,0,0,0.0,0.0,387755.102040816,30612.2448979592,49.0,38.1837661841,76,22,98,98.0,0.0,98,98,0,0.0,0.0,0,0,1,0,0,0,40,20,20408.1632653061,10204.0816326531,0,38,19.0,21.9393102292,481.3333333333,0,1,0,0,1,0,0,0,0,25.3333333333,19.0,0.0,0,0,0,0,0,0,2,38,1,0,31,0,0,20,0.0,0.0,0,0,0.0,0.0,0,0,Benign,Friday,False,Normal
443,6,23/02/2018 12:21:23,9968,10,8,550,5391,199,0,55.0,84.2113742647,1460,0,673.875,685.3571409961,596007.223113965,1805.7784911718,586.3529411765,972.6771009164,3978,6,9968,1107.5555555556,1228.0338056331,3978,22,7637,1091.0,1800.6016587056,4931,9,0,0,0,0,212,172,1003.2102728732,802.5682182986,0,1460,312.6842105263,535.2713800423,286515.450292398,0,0,0,1,0,0,0,0,0,330.0555555556,55.0,673.875,0,0,0,0,0,0,10,550,8,5391,8192,110,4,20,0.0,0.0,0,0,0.0,0.0,0,0,Benign,Friday,False,Normal
53,17,23/02/2018 11:27:16,21940,2,2,72,104,36,36,36.0,0.0,52,52,52.0,0.0,8021.8778486782,182.3154056518,7313.3333333333,11889.8646053407,21042,341,21599,21599.0,0.0,21599,21599,21383,21383.0,0.0,21383,21383,0,0,0,0,16,16,91.1577028259,91.1577028259,36,52,42.4,8.7635609201,76.8,0,0,0,0,0,0,0,0,1,53.0,36.0,52.0,0,0,0,0,0,0,2,72,2,104,-1,-1,1,8,0.0,0.0,0,0,0.0,0.0,0,0,Benign,Friday,False,Normal
53,17,23/02/2018 01:55:57,274,1,1,33,49,33,33,33.0,0.0,49,49,49.0,0.0,299270.072992701,7299.2700729927,274.0,0.0,274,274,0,0.0,0.0,0,0,0,0.0,0.0,0,0,0,0,0,0,8,8,3649.6350364964,3649.6350364964,33,49,38.3333333333,9.237604307,85.3333333333,0,0,0,0,0,0,0,0,1,57.5,33.0,49.0,0,0,0,0,0,0,1,33,1,49,-1,-1,0,8,0.0,0.0,0,0,0.0,0.0,0,0,Benign,Friday,False,Normal
3389,6,23/02/2018 11:00:27,2184820,8,7,1132,1581,661,0,141.5,222.792023453,1173,0,225.8571428571,430.0986044197,1241.7498924397,6.8655541418,156058.571428571,249884.360711022,953127,92,2184820,312117.142857143,415834.056513905,1236824,130,1951968,325328.0,310230.274392426,953127,155600,0,0,0,0,168,148,3.6616288756,3.2039252662,0,1173,169.5625,317.7627980638,100973.195833333,0,0,0,1,0,0,0,0,0,180.8666666667,141.5,225.8571428571,0,0,0,0,0,0,8,1132,7,1581,8192,62868,5,20,0.0,0.0,0,0,0.0,0.0,0,0,Benign,Friday,False,Normal
53,17,23/02/2018 11:27:15,1442,1,1,41,102,41,41,41.0,0.0,102,102,102.0,0.0,99167.8224687934,1386.9625520111,1442.0,0.0,1442,1442,0,0.0,0.0,0,0,0,0.0,0.0,0,0,0,0,0,0,8,8,693.4812760055,693.4812760055,41,102,61.3333333333,35.2183664206,1240.3333333333,0,0,0,0,0,0,0,0,1,92.0,41.0,102.0,0,0,0,0,0,0,1,41,1,102,-1,-1,0,8,0.0,0.0,0,0,0.0,0.0,0,0,Benign,Friday,False,Normal
53,17,23/02/2018 10:04:02,1618,1,1,37,77,37,37,37.0,0.0,77,77,77.0,0.0,70457.3547589617,1236.0939431397,1618.0,0.0,1618,1618,0,0.0,0.0,0,0,0,0.0,0.0,0,0,0,0,0,0,8,8,618.0469715698,618.0469715698,37,77,50.3333333333,23.0940107676,533.3333333333,0,0,0,0,0,0,0,0,1,75.5,37.0,77.0,0,0,0,0,0,0,1,37,1,77,-1,-1,0,8,0.0,0.0,0,0,0.0,0.0,0,0,Benign,Friday,False,Normal
50219,6,23/02/2018 08:25:22,85954190,2,0,0,0,0,0,0.0,0.0,0,0,0.0,0.0,0.0,0.0232682083,85954190.0,0.0,85954190,85954190,85954190,85954190.0,0.0,85954190,85954190,0,0.0,0.0,0,0,0,0,0,0,40,0,0.0232682083,0.0,0,0,0.0,0.0,0.0,0,0,0,0,1,0,0,0,0,0.0,0.0,0.0,0,0,0,0,0,0,2,0,0,0,62541,-1,0,20,0.0,0.0,0,0,85954190.0,0.0,85954190,85954190,Benign,Friday,False,Normal
53,17,23/02/2018 12:28:05,256,1,1,53,101,53,53,53.0,0.0,101,101,101.0,0.0,601562.5,7812.5,256.0,0.0,256,256,0,0.0,0.0,0,0,0,0.0,0.0,0,0,0,0,0,0,8,8,3906.25,3906.25,53,101,69.0,27.7128129211,768.0,0,0,0,0,0,0,0,0,1,103.5,53.0,101.0,0,0,0,0,0,0,1,53,1,101,-1,-1,0,8,0.0,0.0,0,0,0.0,0.0,0,0,Benign,Friday,False,Normal
3389,6,23/02/2018 10:58:59,3099261,12,7,1148,1581,677,0,95.6666666667,195.2189136391,1173,0,225.8571428571,430.0986044197,880.5324882286,6.1304936887,172181.166666667,351539.924715989,1228883,51,3099261,281751.0,448896.680929142,1228883,51,3003173,500528.833333333,529688.020845258,1312115,19876,0,0,0,0,252,152,3.8718907507,2.2586029379,0,1173,136.45,292.3279475989,85455.6289473685,0,0,1,1,0,0,0,1,0,143.6315789474,95.6666666667,225.8571428571,0,0,0,0,0,0,12,1148,7,1581,8192,62852,5,20,0.0,0.0,0,0,0.0,0.0,0,0,Benign,Friday,False,Normal
3389,6,23/02/2018 09:54:54,4617501,10,7,1148,1581,677,0,114.8,210.0924664153,1173,0,225.8571428571,430.0986044197,591.0123246319,3.681645115,288593.8125,520090.079631624,2020659,3,4617501,513055.666666667,666725.43032777,2020659,3,4406079,734346.5,810739.214086441,2285847,209944,0,0,0,0,212,152,2.165673597,1.5159715179,0,1173,151.6111111111,305.0826578234,93075.4281045752,0,0,1,1,0,0,0,1,0,160.5294117647,114.8,225.8571428571,0,0,0,0,0,0,10,1148,7,1581,8192,62852,5,20,0.0,0.0,0,0,0.0,0.0,0,0,Benign,Friday,False,Normal
32990,6,23/02/2018 09:45:15,86011209,2,0,0,0,0,0,0.0,0.0,0,0,0.0,0.0,0.0,0.0232527833,86011209.0,0.0,86011209,86011209,86011209,86011209.0,0.0,86011209,86011209,0,0.0,0.0,0,0,0,0,0,0,40,0,0.0232527833,0.0,0,0,0.0,0.0,0.0,0,0,0,0,1,0,0,0,0,0.0,0.0,0.0,0,0,0,0,0,0,2,0,0,0,64000,-1,0,20,0.0,0.0,0,0,86011209.0,0.0,86011209,86011209,Benign,Friday,False,Normal
5355,17,23/02/2018 12:13:49,420864,2,0,44,0,22,22,22.0,0.0,0,0,0.0,0.0,104.546836983,4.7521289538,420864.0,0.0,420864,420864,420864,420864.0,0.0,420864,420864,0,0.0,0.0,0,0,0,0,0,0,16,0,4.7521289538,0.0,22,22,22.0,0.0,0.0,0,0,0,0,0,0,0,0,0,33.0,22.0,0.0,0,0,0,0,0,0,2,44,0,0,-1,-1,1,8,0.0,0.0,0,0,0.0,0.0,0,0,Benign,Friday,False,Normal
53,17,23/02/2018 11:27:25,292466,2,2,64,248,32,32,32.0,0.0,124,124,124.0,0.0,1066.7906696847,13.6768034575,97488.6666666667,148242.763925708,268089,41,24336,24336.0,0.0,24336,24336,41,41.0,0.0,41,41,0,0,0,0,16,16,6.8384017287,6.8384017287,32,124,68.8,50.3904752905,2539.2,0,0,0,0,0,0,0,0,1,86.0,32.0,124.0,0,0,0,0,0,0,2,64,2,248,-1,-1,1,8,0.0,0.0,0,0,0.0,0.0,0,0,Benign,Friday,False,Normal
53,17,23/02/2018 11:28:22,17807,1,1,32,88,32,32,32.0,0.0,88,88,88.0,0.0,6738.9228954905,112.3153815915,17807.0,0.0,17807,17807,0,0.0,0.0,0,0,0,0.0,0.0,0,0,0,0,0,0,8,8,56.1576907958,56.1576907958,32,88,50.6666666667,32.3316150746,1045.3333333333,0,0,0,0,0,0,0,0,1,76.0,32.0,88.0,0,0,0,0,0,0,1,32,1,88,-1,-1,0,8,0.0,0.0,0,0,0.0,0.0,0,0,Benign,Friday,False,Normal
53,17,23/02/2018 02:36:19,1104,1,1,32,128,32,32,32.0,0.0,128,128,128.0,0.0,144927.536231884,1811.5942028986,1104.0,0.0,1104,1104,0,0.0,0.0,0,0,0,0.0,0.0,0,0,0,0,0,0,8,8,905.7971014493,905.7971014493,32,128,64.0,55.4256258422,3072.0,0,0,0,0,0,0,0,0,1,96.0,32.0,128.0,0,0,0,0,0,0,1,32,1,128,-1,-1,0,8,0.0,0.0,0,0,0.0,0.0,0,0,Benign,Friday,False,Normal
53,17,23/02/2018 10:34:11,1249,1,1,34,98,34,34,34.0,0.0,98,98,98.0,0.0,105684.547638111,1601.2810248199,1249.0,0.0,1249,1249,0,0.0,0.0,0,0,0,0.0,0.0,0,0,0,0,0,0,8,8,800.6405124099,800.6405124099,34,98,55.3333333333,36.9504172281,1365.3333333333,0,0,0,0,0,0,0,0,1,83.0,34.0,98.0,0,0,0,0,0,0,1,34,1,98,-1,-1,0,8,0.0,0.0,0,0,0.0,0.0,0,0,Benign,Friday,False,Normal
53,17,23/02/2018 03:03:24,327,1,1,35,51,35,35,35.0,0.0,51,51,51.0,0.0,262996.941896025,6116.2079510703,327.0,0.0,327,327,0,0.0,0.0,0,0,0,0.0,0.0,0,0,0,0,0,0,8,8,3058.1039755352,3058.1039755352,35,51,40.3333333333,9.237604307,85.3333333333,0,0,0,0,0,0,0,0,1,60.5,35.0,51.0,0,0,0,0,0,0,1,35,1,51,-1,-1,0,8,0.0,0.0,0,0,0.0,0.0,0,0,Benign,Friday,False,Normal
53,17,23/02/2018 10:31:01,1998,1,1,35,87,35,35,35.0,0.0,87,87,87.0,0.0,61061.0610610611,1001.001001001,1998.0,0.0,1998,1998,0,0.0,0.0,0,0,0,0.0,0.0,0,0,0,0,0,0,8,8,500.5005005005,500.5005005005,35,87,52.3333333333,30.0222139979,901.3333333333,0,0,0,0,0,0,0,0,1,78.5,35.0,87.0,0,0,0,0,0,0,1,35,1,87,-1,-1,0,8,0.0,0.0,0,0,0.0,0.0,0,0,Benign,Friday,False,Normal
53,17,23/02/2018 12:21:21,63078,2,2,72,160,36,36,36.0,0.0,80,80,80.0,0.0,3677.9859856051,63.413551476,21026.0,24333.2055224954,47692,25,47692,47692.0,0.0,47692,47692,25,25.0,0.0,25,25,0,0,0,0,16,16,31.706775738,31.706775738,36,80,53.6,24.0997925302,580.8,0,0,0,0,0,0,0,0,1,67.0,36.0,80.0,0,0,0,0,0,0,2,72,2,160,-1,-1,1,8,0.0,0.0,0,0,0.0,0.0,0,0,Benign,Friday,False,Normal
445,6,23/02/2018 05:04:28,1097117,6,5,455,338,140,0,75.8333333333,62.9362110924,145,0,67.6,69.7588704037,722.8034931552,10.0262779631,109711.7,143030.964977712,330780,69,1097035,219407.0,126515.494061004,330864,847,1097048,274262.0,37824.3002931537,330944,253722,0,0,0,0,132,112,5.4688788889,4.5573990741,0,145,66.0833333333,63.40269328,4019.9015151515,0,0,0,1,0,0,0,0,0,72.0909090909,75.8333333333,67.6,0,0,0,0,0,0,6,455,5,338,8192,0,4,20,0.0,0.0,0,0,0.0,0.0,0,0,Benign,Friday,False,Normal
53,17,23/02/2018 11:01:43,423,1,1,42,58,42,42,42.0,0.0,58,58,58.0,0.0,236406.619385343,4728.1323877069,423.0,0.0,423,423,0,0.0,0.0,0,0,0,0.0,0.0,0,0,0,0,0,0,8,8,2364.0661938534,2364.0661938534,42,58,47.3333333333,9.237604307,85.3333333333,0,0,0,0,0,0,0,0,1,71.0,42.0,58.0,0,0,0,0,0,0,1,42,1,58,-1,-1,0,8,0.0,0.0,0,0,0.0,0.0,0,0,Benign,Friday,False,Normal
50348,6,23/02/2018 10:55:32,120,3,1,31,0,31,0,10.3333333333,17.8978583449,0,0,0.0,0.0,258333.333333333,33333.3333333333,40.0,20.7846096908,64,28,120,60.0,5.6568542495,64,56,0,0.0,0.0,0,0,0,0,0,0,60,20,25000.0,8333.3333333333,0,31,6.2,13.8636214605,192.2,0,0,0,0,1,0,0,0,0,7.75,10.3333333333,0.0,0,0,0,0,0,0,3,31,1,0,1013,0,1,20,0.0,0.0,0,0,0.0,0.0,0,0,Benign,Friday,False,Normal
53,17,23/02/2018 10:36:31,425,1,1,52,68,52,52,52.0,0.0,68,68,68.0,0.0,282352.941176471,4705.8823529412,425.0,0.0,425,425,0,0.0,0.0,0,0,0,0.0,0.0,0,0,0,0,0,0,8,8,2352.9411764706,2352.9411764706,52,68,57.3333333333,9.237604307,85.3333333333,0,0,0,0,0,0,0,0,1,86.0,52.0,68.0,0,0,0,0,0,0,1,52,1,68,-1,-1,0,8,0.0,0.0,0,0,0.0,0.0,0,0,Benign,Friday,False,Normal
80,6,23/02/2018 01:54:02,1039,3,4,161,488,161,0,53.6666666667,92.9533933395,488,0,122.0,244.0,624639.076034649,6737.2473532243,173.1666666667,85.2840352391,278,75,500,250.0,145.6639969244,353,147,761,253.6666666667,170.5061093725,425,84,0,0,0,0,72,92,2887.3917228104,3849.8556304139,0,488,81.125,173.7875858627,30202.125,0,0,0,1,0,0,0,0,1,92.7142857143,53.6666666667,122.0,0,0,0,0,0,0,3,161,4,488,8192,149,1,20,0.0,0.0,0,0,0.0,0.0,0,0,Benign,Friday,False,Normal
3389,6,23/02/2018 01:57:56,4025548,14,8,1439,1731,725,0,102.7857142857,191.1971107649,1179,0,216.375,405.4647906151,787.4704263867,5.4650944418,191692.761904762,247407.63837964,953199,85,4025548,309657.538461538,339188.395400357,1263887,32199,3918851,559835.857142857,347589.272666955,1022889,139840,0,0,0,0,292,172,3.4777873721,1.9873070697,0,1179,137.8260869565,278.9256421235,77799.5138339921,0,0,1,1,0,0,0,1,0,144.0909090909,102.7857142857,216.375,0,0,0,0,0,0,14,1439,8,1731,8192,62646,7,20,0.0,0.0,0,0,0.0,0.0,0,0,Benign,Friday,False,Normal
445,6,23/02/2018 03:08:41,68168,3,1,0,0,0,0,0.0,0.0,0,0,0.0,0.0,0.0,58.6785588546,22722.6666666667,39301.4005518039,68104,0,68168,34084.0,48202.0550599246,68168,0,0,0.0,0.0,0,0,0,0,0,0,72,32,44.0089191409,14.6696397136,0,0,0.0,0.0,0.0,0,0,0,1,0,0,0,0,0,0.0,0.0,0.0,0,0,0,0,0,0,3,0,1,0,8192,8192,0,20,0.0,0.0,0,0,0.0,0.0,0,0,Benign,Friday,False,Normal
40377,6,23/02/2018 03:08:46,601362,2,1,0,0,0,0,0.0,0.0,0,0,0.0,0.0,0.0,4.9886757061,300681.0,425177.650673222,601327,35,35,35.0,0.0,35,35,0,0.0,0.0,0,0,0,0,0,0,40,20,3.3257838041,1.662891902,0,0,0.0,0.0,0.0,0,0,0,0,1,0,0,0,0,0.0,0.0,0.0,0,0,0,0,0,0,2,0,1,0,256,256,0,20,0.0,0.0,0,0,0.0,0.0,0,0,Benign,Friday,False,Normal
3389,6,23/02/2018 03:19:00,4081945,13,8,1440,1731,725,0,110.7692307692,196.5787178402,1179,0,216.375,405.4647906151,776.8355526593,5.144606309,204097.25,279287.368056984,953095,63,4081945,340162.083333333,363530.441595013,1215653,24881,4053353,579050.428571429,360751.170664239,1080366,164797,0,0,0,0,272,172,3.1847562865,1.9598500225,0,1179,144.1363636364,283.8113550959,80548.8852813853,0,0,1,1,0,0,0,1,0,151.0,110.7692307692,216.375,0,0,0,0,0,0,13,1440,8,1731,8192,62645,7,20,0.0,0.0,0,0,0.0,0.0,0,0,Benign,Friday,False,Normal
443,6,23/02/2018 03:53:41,10213065,13,16,944,6029,411,0,72.6153846154,124.4605281884,1460,0,376.8125,570.6039161859,682.7529248076,2.8395001892,364752.321428571,1888765.03398067,10001881,1,10213037,851086.416666667,2881927.53081991,10001932,60,10201368,680091.2,2578982.55405702,10001895,1,0,0,0,0,272,332,1.2728793952,1.5666207941,0,1460,232.4333333333,446.8013277026,199631.426436782,0,0,0,1,0,0,0,0,1,240.4482758621,72.6153846154,376.8125,0,0,0,0,0,0,13,944,16,6029,8192,118,5,20,211105.0,0.0,211105,211105,10001881.0,0.0,10001881,10001881,Benign,Friday,False,Normal
53,17,23/02/2018 10:57:15,1441,1,1,34,98,34,34,34.0,0.0,98,98,98.0,0.0,91603.0534351145,1387.9250520472,1441.0,0.0,1441,1441,0,0.0,0.0,0,0,0,0.0,0.0,0,0,0,0,0,0,8,8,693.9625260236,693.9625260236,34,98,55.3333333333,36.9504172281,1365.3333333333,0,0,0,0,0,0,0,0,1,83.0,34.0,98.0,0,0,0,0,0,0,1,34,1,98,-1,-1,0,8,0.0,0.0,0,0,0.0,0.0,0,0,Benign,Friday,False,Normal
53,17,23/02/2018 12:24:22,12643,1,1,47,132,47,47,47.0,0.0,132,132,132.0,0.0,14158.0321126315,158.1903029344,12643.0,0.0,12643,12643,0,0.0,0.0,0,0,0,0.0,0.0,0,0,0,0,0,0,8,8,79.0951514672,79.0951514672,47,132,75.3333333333,49.0747728811,2408.3333333333,0,0,0,0,0,0,0,0,1,113.0,47.0,132.0,0,0,0,0,0,0,1,47,1,132,-1,-1,0,8,0.0,0.0,0,0,0.0,0.0,0,0,Benign,Friday,False,Normal
26226,6,23/02/2018 02:49:16,86177702,2,0,0,0,0,0,0.0,0.0,0,0,0.0,0.0,0.0,0.0232078595,86177702.0,0.0,86177702,86177702,86177702,86177702.0,0.0,86177702,86177702,0,0.0,0.0,0,0,0,0,0,0,40,0,0.0232078595,0.0,0,0,0.0,0.0,0.0,0,0,0,0,1,0,0,0,0,0.0,0.0,0.0,0,0,0,0,0,0,2,0,0,0,62561,-1,0,20,0.0,0.0,0,0,86177702.0,0.0,86177702,86177702,Benign,Friday,False,Normal
3389,6,23/02/2018 01:40:47,5210624,8,8,1128,1618,661,0,141.0,222.62332056,1173,0,202.25,403.7533723875,527.0002210868,3.0706495038,347374.933333333,383321.672678531,1171481,4,5210624,744374.857142857,901288.972578057,2734101,4,4651964,664566.285714286,288781.588246039,1171481,353723,0,0,0,0,172,172,1.5353247519,1.5353247519,0,1173,161.5294117647,309.3111535426,95673.3897058824,0,0,1,1,0,0,0,1,1,171.625,141.0,202.25,0,0,0,0,0,0,8,1128,8,1618,8192,62872,5,20,0.0,0.0,0,0,0.0,0.0,0,0,Benign,Friday,False,Normal
7987,6,23/02/2018 01:38:53,86200182,2,0,0,0,0,0,0.0,0.0,0,0,0.0,0.0,0.0,0.0232018072,86200182.0,0.0,86200182,86200182,86200182,86200182.0,0.0,86200182,86200182,0,0.0,0.0,0,0,0,0,0,0,40,0,0.0232018072,0.0,0,0,0.0,0.0,0.0,0,0,0,0,1,0,0,0,0,0.0,0.0,0.0,0,0,0,0,0,0,2,0,0,0,62561,-1,0,20,0.0,0.0,0,0,86200182.0,0.0,86200182,86200182,Benign,Friday,False,Normal
50285,6,23/02/2018 10:53:53,1,2,0,0,0,0,0,0.0,0.0,0,0,0.0,0.0,0.0,2000000.0,1.0,0.0,1,1,1,1.0,0.0,1,1,0,0.0,0.0,0,0,0,0,0,0,40,0,2000000.0,0.0,0,0,0.0,0.0,0.0,0,0,0,0,1,0,0,0,0,0.0,0.0,0.0,0,0,0,0,0,0,2,0,0,0,7300,-1,0,20,0.0,0.0,0,0,0.0,0.0,0,0,Benign,Friday,False,Normal
53,17,23/02/2018 04:16:13,12533,1,1,38,116,38,38,38.0,0.0,116,116,116.0,0.0,12287.560839384,159.5787121998,12533.0,0.0,12533,12533,0,0.0,0.0,0,0,0,0.0,0.0,0,0,0,0,0,0,8,8,79.7893560999,79.7893560999,38,116,64.0,45.0333209968,2028.0,0,0,0,0,0,0,0,0,1,96.0,38.0,116.0,0,0,0,0,0,0,1,38,1,116,-1,-1,0,8,0.0,0.0,0,0,0.0,0.0,0,0,Benign,Friday,False,Normal
3389,6,23/02/2018 01:02:27,2122896,9,7,1144,1581,677,0,127.1111111111,218.5088353159,1173,0,225.8571428571,430.0986044197,1283.6238798321,7.5368741568,141526.4,237219.693640365,953115,75,2122896,265362.0,367462.297207288,1162921,75,1975866,329311.0,316620.343981242,953115,149246,0,0,0,0,192,152,4.2394917132,3.2973824436,0,1173,160.2941176471,312.0067636899,97348.2205882353,0,0,1,1,0,0,0,1,0,170.3125,127.1111111111,225.8571428571,0,0,0,0,0,0,9,1144,7,1581,8192,62856,5,20,0.0,0.0,0,0,0.0,0.0,0,0,Benign,Friday,False,Normal
3389,6,23/02/2018 01:25:51,2370491,10,7,1148,1581,677,0,114.8,210.0924664153,1173,0,225.8571428571,430.0986044197,1151.238287764,7.1715100374,148155.6875,327399.733435183,1013863,3,2370491,263387.888888889,434575.113006786,1043128,3,2338075,389679.166666667,490300.419828259,1083698,19902,0,0,0,0,212,152,4.2185353161,2.9529747213,0,1173,151.6111111111,305.0826578234,93075.4281045752,0,0,1,1,0,0,0,1,0,160.5294117647,114.8,225.8571428571,0,0,0,0,0,0,10,1148,7,1581,8192,62852,5,20,0.0,0.0,0,0,0.0,0.0,0,0,Benign,Friday,False,Normal
80,6,23/02/2018 09:16:13,85,2,0,0,0,0,0,0.0,0.0,0,0,0.0,0.0,0.0,23529.4117647059,85.0,0.0,85,85,85,85.0,0.0,85,85,0,0.0,0.0,0,0,0,0,0,0,40,0,23529.4117647059,0.0,0,0,0.0,0.0,0.0,0,0,0,0,1,0,0,0,0,0.0,0.0,0.0,0,0,0,0,0,0,2,0,0,0,279,-1,0,20,0.0,0.0,0,0,0.0,0.0,0,0,Benign,Friday,False,Normal
80,6,23/02/2018 09:38:11,5766209,4,4,97,231,97,0,24.25,48.5,231,0,57.75,115.5,56.8831271985,1.3873933463,823744.142857143,2152208.74382121,5704221,41,61988,20662.6666666667,35520.3544088926,61678,106,5766046,1922015.33333333,3328578.74347361,5765527,208,0,0,0,0,92,92,0.6936966732,0.6936966732,0,231,36.4444444444,79.6996096463,6352.0277777778,0,0,0,1,0,0,0,0,1,41.0,24.25,57.75,0,0,0,0,0,0,4,97,4,231,8192,141,1,20,0.0,0.0,0,0,0.0,0.0,0,0,Benign,Friday,False,Normal
53,17,23/02/2018 08:16:23,1435,1,1,38,90,38,38,38.0,0.0,90,90,90.0,0.0,89198.606271777,1393.7282229965,1435.0,0.0,1435,1435,0,0.0,0.0,0,0,0,0.0,0.0,0,0,0,0,0,0,8,8,696.8641114983,696.8641114983,38,90,55.3333333333,30.0222139979,901.3333333333,0,0,0,0,0,0,0,0,1,83.0,38.0,90.0,0,0,0,0,0,0,1,38,1,90,-1,-1,0,8,0.0,0.0,0,0,0.0,0.0,0,0,Benign,Friday,False,Normal
443,6,23/02/2018 11:13:12,66596330,231,349,8002,478088,524,0,34.6406926407,119.0581366481,1460,0,1369.8796561605,327.3318685102,7299.0508636137,8.7091886295,115019.568221071,1031179.53407852,10008482,0,61925625,269241.847826087,1605092.4964036,10077677,14,66542611,191214.399425287,1332741.27863194,10077319,0,0,0,0,0,6576,7064,3.4686596093,5.2405290201,0,1460,836.6437177281,705.963696011,498384.740085465,0,0,0,1,0,0,0,0,1,838.0862068966,34.6406926407,1369.8796561605,0,0,0,0,0,0,231,8002,349,478088,8192,379,25,20,313900.333333333,629379.372676184,1598555,53841,10007037.1666667,2897.5594155543,10008482,10001130,Benign,Friday,False,Normal
80,6,23/02/2018 11:23:13,115487556,18,19,350,7408,339,0,19.4444444444,79.751984834,1460,0,389.8947368421,657.4920273903,67.1760687359,0.3203808383,3207987.66666667,4654873.93609117,10010333,1,115487556,6793385.64705882,4655527.7069801,10015224,29,110187857,6121547.61111111,5023255.9300053,10022146,1,0,0,0,0,372,524,0.1558609483,0.1645198899,0,1460,204.1578947368,498.6668457438,248668.623044097,0,0,0,1,0,0,0,0,1,209.6756756757,19.4444444444,389.8947368421,0,0,0,0,0,0,18,350,19,7408,8192,119,12,20,13018.4545454545,4174.3656132073,25604,11709,10004058.6363636,2081.4727609428,10010333,10003330,Benign,Friday,False,Normal
3389,6,23/02/2018 11:36:00,4164075,14,8,1430,1727,725,0,102.1428571429,191.0653763034,1175,0,215.875,404.1083438528,758.1515702767,5.283286204,198289.285714286,255656.323876634,937470,60,4164075,320313.461538462,365724.418954039,1341685,3190,4111995,587427.857142857,371103.083871777,1036627,107501,0,0,0,0,292,172,3.3620912207,1.9211949833,0,1175,137.2608695652,278.2453491225,77420.4743083004,0,0,1,1,0,0,0,1,0,143.5,102.1428571429,215.875,0,0,0,0,0,0,14,1430,8,1727,8192,62655,7,20,0.0,0.0,0,0,0.0,0.0,0,0,Benign,Friday,False,Normal
3389,6,23/02/2018 12:38:02,3965856,14,8,1441,1731,725,0,102.9285714286,191.1489408352,1179,0,216.375,405.4647906151,799.8273260552,5.5473521984,188850.285714286,232247.853564493,953161,61,3965856,305065.846153846,339699.225694056,1328860,31228,3819686,545669.428571429,319335.918340367,953161,158418,0,0,0,0,292,172,3.5301332171,2.0172189812,0,1179,137.9130434783,278.894719961,77782.2648221344,0,0,1,1,0,0,0,1,0,144.1818181818,102.9285714286,216.375,0,0,0,0,0,0,14,1441,8,1731,8192,62644,7,20,0.0,0.0,0,0,0.0,0.0,0,0,Benign,Friday,False,Normal
3389,6,23/02/2018 12:42:28,4065208,13,8,1433,1727,725,0,110.2307692308,196.4128958114,1175,0,215.875,404.1083438528,777.3279989609,5.1657873349,203260.4,273240.33129259,953061,35,4065208,338767.333333333,381608.331122687,1319205,32888,4032292,576041.714285714,373965.853043525,1109595,158582,0,0,0,0,272,172,3.1978683502,1.9679189847,0,1175,143.6363636364,283.090688053,80140.3376623377,0,0,1,1,0,0,0,1,0,150.4761904762,110.2307692308,215.875,0,0,0,0,0,0,13,1433,8,1727,8192,62567,7,20,0.0,0.0,0,0,0.0,0.0,0,0,Benign,Friday,False,Normal
3389,6,23/02/2018 01:07:31,4419001,14,8,1434,1727,725,0,102.4285714286,190.9698785293,1175,0,215.875,404.1083438528,715.3200463182,4.9785007969,210428.619047619,274574.010640752,953133,102,4419001,339923.153846154,346064.151722106,1173930,39406,3839731,548533.0,351443.263379738,1051464,170039,0,0,0,0,292,172,3.1681368708,1.8103639261,0,1175,137.4347826087,278.183691125,77386.1660079052,0,0,1,1,0,0,0,1,0,143.6818181818,102.4285714286,215.875,0,0,0,0,0,0,14,1434,8,1727,8192,62651,7,20,0.0,0.0,0,0,0.0,0.0,0,0,Benign,Friday,False,Normal
80,6,23/02/2018 01:25:14,5624694,4,4,97,231,97,0,24.25,48.5,231,0,57.75,115.5,58.3142834081,1.4222995953,803527.714285714,2098653.83894762,5562546,18,62148,20716.0,35610.1227602489,61835,115,5624538,1874846.0,3246794.20368908,5623921,18,0,0,0,0,92,92,0.7111497977,0.7111497977,0,231,36.4444444444,79.6996096463,6352.0277777778,0,0,0,1,0,0,0,0,1,41.0,24.25,57.75,0,0,0,0,0,0,4,97,4,231,8192,141,1,20,0.0,0.0,0,0,0.0,0.0,0,0,Benign,Friday,False,Normal
3389,6,23/02/2018 01:46:08,4047257,14,9,1459,1731,741,0,104.2142857143,195.1134496691,1179,0,192.3333333333,386.0744746807,788.1881481705,5.6828612564,183966.227272727,285029.595077746,1042519,23,4047257,311327.461538462,392652.254323639,1330843,181,4011250,501406.25,429291.583037434,1157079,22732,0,0,0,0,292,192,3.4591329387,2.2237283177,0,1179,132.9166666667,275.7047754182,76013.1231884058,0,0,1,1,0,0,0,1,0,138.6956521739,104.2142857143,192.3333333333,0,0,0,0,0,0,14,1459,9,1731,8192,62541,7,20,0.0,0.0,0,0,0.0,0.0,0,0,Benign,Friday,False,Normal
443,6,23/02/2018 01:46:35,1227,3,0,46,0,46,0,15.3333333333,26.5581123827,0,0,0.0,0.0,37489.8125509372,2444.9877750611,613.5,662.5590539718,1082,145,1227,613.5,662.5590539718,1082,145,0,0.0,0.0,0,0,0,0,0,0,60,0,2444.9877750611,0.0,0,46,11.5,23.0,529.0,0,0,0,0,1,0,0,0,0,15.3333333333,15.3333333333,0.0,0,0,0,0,0,0,3,46,0,0,256,-1,1,20,0.0,0.0,0,0,0.0,0.0,0,0,Benign,Friday,False,Normal
3389,6,23/02/2018 01:46:59,3975467,13,8,1433,1727,725,0,110.2307692308,196.4128958114,1175,0,215.875,404.1083438528,794.8751681249,5.2823982692,198773.35,261589.925690509,955946,69,3975467,331288.916666667,354453.599532745,1256400,40614,3903403,557629.0,349263.737907807,955946,111284,0,0,0,0,272,172,3.2700560714,2.0123421978,0,1175,143.6363636364,283.090688053,80140.3376623377,0,0,1,1,0,0,0,1,0,150.4761904762,110.2307692308,215.875,0,0,0,0,0,0,13,1433,8,1727,8192,62652,7,20,0.0,0.0,0,0,0.0,0.0,0,0,Benign,Friday,False,Normal
80,6,23/02/2018 01:59:42,116913002,18,15,879,1412,434,0,48.8333333333,140.1256788828,706,0,94.1333333333,248.4172373438,19.5957674579,0.2822611637,3653531.3125,4769672.27513197,10006972,35,116913002,6877235.41176471,4546979.99250268,10018431,11537,111131477,7937962.64285714,4131428.44111109,10024637,12638,0,0,0,0,372,444,0.1539606348,0.128300529,0,706,67.3823529412,192.2137406727,36946.1221033868,0,0,0,1,0,0,0,0,0,69.4242424242,48.8333333333,94.1333333333,0,0,0,0,0,0,18,879,15,1412,8192,176,13,20,109012.636363636,323276.517141989,1083728,11459,9993847.0,32534.8929397347,10006972,9895852,Benign,Friday,False,Normal
3389,6,23/02/2018 04:11:17,3832792,14,8,1441,1731,725,0,102.9285714286,191.1489408352,1179,0,216.375,405.4647906151,827.5951316951,5.7399410143,182513.904761905,248001.386100946,953095,4,3832792,294830.153846154,358873.434328141,1323821,4,3806386,543769.428571429,339131.573864214,953095,107477,0,0,0,0,292,172,3.6526897364,2.0872512779,0,1179,137.9130434783,278.894719961,77782.2648221344,0,0,1,1,0,0,0,1,0,144.1818181818,102.9285714286,216.375,0,0,0,0,0,0,14,1441,8,1731,8192,62559,7,20,0.0,0.0,0,0,0.0,0.0,0,0,Benign,Friday,False,Normal
3389,6,23/02/2018 04:26:58,3048982,13,9,1440,1731,725,0,110.7692307692,196.5787178402,1179,0,192.3333333333,386.0744746807,1040.0192588871,7.2155230828,145189.619047619,210323.842486409,937479,86,3048982,254081.833333333,298703.989343915,1153737,51056,3046297,380787.125,285560.597974999,937479,62497,0,0,0,0,272,192,4.2637181853,2.9518048975,0,1179,137.8695652174,278.9101035276,77790.8458498024,0,0,1,1,0,0,0,1,0,144.1363636364,110.7692307692,192.3333333333,0,0,0,0,0,0,13,1440,9,1731,8192,62560,7,20,0.0,0.0,0,0,0.0,0.0,0,0,Benign,Friday,False,Normal
11476,6,23/02/2018 05:06:41,86255431,2,0,0,0,0,0,0.0,0.0,0,0,0.0,0.0,0.0,0.0231869458,86255431.0,0.0,86255431,86255431,86255431,86255431.0,0.0,86255431,86255431,0,0.0,0.0,0,0,0,0,0,0,40,0,0.0231869458,0.0,0,0,0.0,0.0,0.0,0,0,0,0,1,0,0,0,0,0.0,0.0,0.0,0,0,0,0,0,0,2,0,0,0,62559,-1,0,20,0.0,0.0,0,0,86255431.0,0.0,86255431,86255431,Benign,Friday,False,Normal
53,17,23/02/2018 03:38:39,97046,2,2,62,94,31,31,31.0,0.0,47,47,47.0,0.0,1607.485110154,41.217566927,32348.6666666667,55462.2894797297,96391,313,96704,96704.0,0.0,96704,96704,96733,96733.0,0.0,96733,96733,0,0,0,0,16,16,20.6087834635,20.6087834635,31,47,37.4,8.7635609201,76.8,0,0,0,0,0,0,0,0,1,46.75,31.0,47.0,0,0,0,0,0,0,2,62,2,94,-1,-1,1,8,0.0,0.0,0,0,0.0,0.0,0,0,Benign,Friday,False,Normal
49949,6,23/02/2018 09:32:34,31,1,1,0,0,0,0,0.0,0.0,0,0,0.0,0.0,0.0,64516.1290322581,31.0,0.0,31,31,0,0.0,0.0,0,0,0,0.0,0.0,0,0,0,0,0,0,20,20,32258.064516129,32258.064516129,0,0,0.0,0.0,0.0,0,0,0,0,1,1,0,0,1,0.0,0.0,0.0,0,0,0,0,0,0,1,0,1,0,507,257,0,20,0.0,0.0,0,0,0.0,0.0,0,0,Benign,Friday,False,Normal
53,17,23/02/2018 03:56:50,2475,1,1,30,124,30,30,30.0,0.0,124,124,124.0,0.0,62222.2222222222,808.0808080808,2475.0,0.0,2475,2475,0,0.0,0.0,0,0,0,0.0,0.0,0,0,0,0,0,0,8,8,404.0404040404,404.0404040404,30,124,61.3333333333,54.2709253038,2945.3333333333,0,0,0,0,0,0,0,0,1,92.0,30.0,124.0,0,0,0,0,0,0,1,30,1,124,-1,-1,0,8,0.0,0.0,0,0,0.0,0.0,0,0,Benign,Friday,False,Normal
53,17,23/02/2018 11:04:21,196815,2,2,92,318,46,46,46.0,0.0,159,159,159.0,0.0,2083.174554785,20.323654193,65605.0,87257.0724239588,164633,1,32181,32181.0,0.0,32181,32181,1,1.0,0.0,1,1,0,0,0,0,16,16,10.1618270965,10.1618270965,46,159,91.2,61.8926489981,3830.7,0,0,0,0,0,0,0,0,1,114.0,46.0,159.0,0,0,0,0,0,0,2,92,2,318,-1,-1,1,8,0.0,0.0,0,0,0.0,0.0,0,0,Benign,Friday,False,Normal
3389,6,23/02/2018 11:55:37,3616512,10,7,1148,1581,677,0,114.8,210.0924664153,1173,0,225.8571428571,430.0986044197,754.5944821972,4.7006618532,226032.0,432872.955408551,1593772,80,3616512,401834.666666667,557353.011584669,1593772,81,3524826,587471.0,659886.715226182,1767930,89051,0,0,0,0,212,152,2.7650952078,1.9355666454,0,1173,151.6111111111,305.0826578234,93075.4281045752,0,0,1,1,0,0,0,1,0,160.5294117647,114.8,225.8571428571,0,0,0,0,0,0,10,1148,7,1581,8192,62852,5,20,0.0,0.0,0,0,0.0,0.0,0,0,Benign,Friday,False,Normal
17825,6,23/02/2018 01:06:34,86359344,2,0,0,0,0,0,0.0,0.0,0,0,0.0,0.0,0.0,0.0231590458,86359344.0,0.0,86359344,86359344,86359344,86359344.0,0.0,86359344,86359344,0,0.0,0.0,0,0,0,0,0,0,40,0,0.0231590458,0.0,0,0,0.0,0.0,0.0,0,0,0,0,1,0,0,0,0,0.0,0.0,0.0,0,0,0,0,0,0,2,0,0,0,62562,-1,0,20,0.0,0.0,0,0,86359344.0,0.0,86359344,86359344,Benign,Friday,False,Normal
53,17,23/02/2018 03:56:49,1244,1,1,37,65,37,37,37.0,0.0,65,65,65.0,0.0,81993.5691318328,1607.7170418007,1244.0,0.0,1244,1244,0,0.0,0.0,0,0,0,0.0,0.0,0,0,0,0,0,0,8,8,803.8585209003,803.8585209003,37,65,46.3333333333,16.1658075373,261.3333333333,0,0,0,0,0,0,0,0,1,69.5,37.0,65.0,0,0,0,0,0,0,1,37,1,65,-1,-1,0,8,0.0,0.0,0,0,0.0,0.0,0,0,Benign,Friday,False,Normal
33977,6,23/02/2018 01:47:51,86065941,2,0,0,0,0,0,0.0,0.0,0,0,0.0,0.0,0.0,0.0232379961,86065941.0,0.0,86065941,86065941,86065941,86065941.0,0.0,86065941,86065941,0,0.0,0.0,0,0,0,0,0,0,40,0,0.0232379961,0.0,0,0,0.0,0.0,0.0,0,0,0,0,1,0,0,0,0,0.0,0.0,0.0,0,0,0,0,0,0,2,0,0,0,62568,-1,0,20,0.0,0.0,0,0,86065941.0,0.0,86065941,86065941,Benign,Friday,False,Normal
25143,6,23/02/2018 12:39:20,86287380,2,0,0,0,0,0,0.0,0.0,0,0,0.0,0.0,0.0,0.0231783605,86287380.0,0.0,86287380,86287380,86287380,86287380.0,0.0,86287380,86287380,0,0.0,0.0,0,0,0,0,0,0,40,0,0.0231783605,0.0,0,0,0.0,0.0,0.0,0,0,0,0,1,0,0,0,0,0.0,0.0,0.0,0,0,0,0,0,0,2,0,0,0,62566,-1,0,20,0.0,0.0,0,0,86287380.0,0.0,86287380,86287380,Benign,Friday,False,Normal
53,17,23/02/2018 08:52:23,219,1,1,40,56,40,40,40.0,0.0,56,56,56.0,0.0,438356.164383562,9132.4200913242,219.0,0.0,219,219,0,0.0,0.0,0,0,0,0.0,0.0,0,0,0,0,0,0,8,8,4566.2100456621,4566.2100456621,40,56,45.3333333333,9.237604307,85.3333333333,0,0,0,0,0,0,0,0,1,68.0,40.0,56.0,0,0,0,0,0,0,1,40,1,56,-1,-1,0,8,0.0,0.0,0,0,0.0,0.0,0,0,Benign,Friday,False,Normal
62713,6,23/02/2018 08:35:44,32,2,0,0,0,0,0,0.0,0.0,0,0,0.0,0.0,0.0,62500.0,32.0,0.0,32,32,32,32.0,0.0,32,32,0,0.0,0.0,0,0,0,0,0,0,40,0,62500.0,0.0,0,0,0.0,0.0,0.0,0,0,0,0,1,0,0,0,0,0.0,0.0,0.0,0,0,0,0,0,0,2,0,0,0,260,-1,0,20,0.0,0.0,0,0,0.0,0.0,0,0,Benign,Friday,False,Normal
46604,6,23/02/2018 12:40:01,86272976,2,0,0,0,0,0,0.0,0.0,0,0,0.0,0.0,0.0,0.0231822303,86272976.0,0.0,86272976,86272976,86272976,86272976.0,0.0,86272976,86272976,0,0.0,0.0,0,0,0,0,0,0,40,0,0.0231822303,0.0,0,0,0.0,0.0,0.0,0,0,0,0,1,0,0,0,0,0.0,0.0,0.0,0,0,0,0,0,0,2,0,0,0,62566,-1,0,20,0.0,0.0,0,0,86272976.0,0.0,86272976,86272976,Benign,Friday,False,Normal
53,17,23/02/2018 11:04:12,736,1,1,44,72,44,44,44.0,0.0,72,72,72.0,0.0,157608.695652174,2717.3913043478,736.0,0.0,736,736,0,0.0,0.0,0,0,0,0.0,0.0,0,0,0,0,0,0,8,8,1358.6956521739,1358.6956521739,44,72,53.3333333333,16.1658075373,261.3333333333,0,0,0,0,0,0,0,0,1,80.0,44.0,72.0,0,0,0,0,0,0,1,44,1,72,-1,-1,0,8,0.0,0.0,0,0,0.0,0.0,0,0,Benign,Friday,False,Normal
25865,6,23/02/2018 01:31:47,86237227,2,0,0,0,0,0,0.0,0.0,0,0,0.0,0.0,0.0,0.0231918403,86237227.0,0.0,86237227,86237227,86237227,86237227.0,0.0,86237227,86237227,0,0.0,0.0,0,0,0,0,0,0,40,0,0.0231918403,0.0,0,0,0.0,0.0,0.0,0,0,0,0,1,0,0,0,0,0.0,0.0,0.0,0,0,0,0,0,0,2,0,0,0,62558,-1,0,20,0.0,0.0,0,0,86237227.0,0.0,86237227,86237227,Benign,Friday,False,Normal
18220,6,23/02/2018 05:21:08,86435330,2,0,0,0,0,0,0.0,0.0,0,0,0.0,0.0,0.0,0.0231386865,86435330.0,0.0,86435330,86435330,86435330,86435330.0,0.0,86435330,86435330,0,0.0,0.0,0,0,0,0,0,0,40,0,0.0231386865,0.0,0,0,0.0,0.0,0.0,0,0,0,0,1,0,0,0,0,0.0,0.0,0.0,0,0,0,0,0,0,2,0,0,0,62541,-1,0,20,0.0,0.0,0,0,86435330.0,0.0,86435330,86435330,Benign,Friday,False,Normal
52840,6,23/02/2018 03:48:43,25,1,1,0,0,0,0,0.0,0.0,0,0,0.0,0.0,0.0,80000.0,25.0,0.0,25,25,0,0.0,0.0,0,0,0,0.0,0.0,0,0,0,0,0,0,20,20,40000.0,40000.0,0,0,0.0,0.0,0.0,0,0,0,0,1,1,0,0,1,0.0,0.0,0.0,0,0,0,0,0,0,1,0,1,0,114,254,0,20,0.0,0.0,0,0,0.0,0.0,0,0,Benign,Friday,False,Normal
3389,6,23/02/2018 04:35:37,1185308,8,7,1148,1581,677,0,143.5,228.129662379,1173,0,225.8571428571,430.0986044197,2302.3551684457,12.654938632,84664.8571428571,250524.628560165,953103,60,1185308,169329.714285714,380884.21167975,1032699,60,1158773,193128.833333333,372901.104554233,953103,29677,0,0,0,0,168,148,6.7493006037,5.9056380283,0,1173,170.5625,319.433241591,102037.595833333,0,0,0,1,0,0,0,0,0,181.9333333333,143.5,225.8571428571,0,0,0,0,0,0,8,1148,7,1581,8192,62852,5,20,0.0,0.0,0,0,0.0,0.0,0,0,Benign,Friday,False,Normal
36722,6,23/02/2018 04:42:26,86088849,2,0,0,0,0,0,0.0,0.0,0,0,0.0,0.0,0.0,0.0232318125,86088849.0,0.0,86088849,86088849,86088849,86088849.0,0.0,86088849,86088849,0,0.0,0.0,0,0,0,0,0,0,40,0,0.0232318125,0.0,0,0,0.0,0.0,0.0,0,0,0,0,1,0,0,0,0,0.0,0.0,0.0,0,0,0,0,0,0,2,0,0,0,62560,-1,0,20,0.0,0.0,0,0,86088849.0,0.0,86088849,86088849,Benign,Friday,False,Normal
32783,6,23/02/2018 12:51:27,86251340,2,0,0,0,0,0,0.0,0.0,0,0,0.0,0.0,0.0,0.0231880455,86251340.0,0.0,86251340,86251340,86251340,86251340.0,0.0,86251340,86251340,0,0.0,0.0,0,0,0,0,0,0,40,0,0.0231880455,0.0,0,0,0.0,0.0,0.0,0,0,0,0,1,0,0,0,0,0.0,0.0,0.0,0,0,0,0,0,0,2,0,0,0,64000,-1,0,20,0.0,0.0,0,0,86251340.0,0.0,86251340,86251340,Benign,Friday,False,Normal
80,6,23/02/2018 08:17:28,125,2,0,0,0,0,0,0.0,0.0,0,0,0.0,0.0,0.0,16000.0,125.0,0.0,125,125,125,125.0,0.0,125,125,0,0.0,0.0,0,0,0,0,0,0,40,0,16000.0,0.0,0,0,0.0,0.0,0.0,0,0,0,0,1,0,0,0,0,0.0,0.0,0.0,0,0,0,0,0,0,2,0,0,0,256,-1,0,20,0.0,0.0,0,0,0.0,0.0,0,0,Benign,Friday,False,Normal
3389,6,23/02/2018 08:55:14,1946794,10,7,673,301,187,0,67.3,68.0392860371,197,0,43.0,74.6681547471,500.3097400136,8.7323055239,121674.625,189912.129521655,689705,3,1946794,216310.444444444,233251.980970747,689705,3,1505404,250900.666666667,328478.070091546,901190,270,0,0,0,0,212,152,5.1366503081,3.5956552157,0,197,54.1111111111,68.8766065374,4743.9869281046,0,0,1,1,0,0,0,1,0,57.2941176471,67.3,43.0,0,0,0,0,0,0,10,673,7,301,8192,63327,6,20,0.0,0.0,0,0,0.0,0.0,0,0,Benign,Friday,False,Normal
445,6,23/02/2018 09:01:48,72141,3,1,0,0,0,0,0.0,0.0,0,0,0.0,0.0,0.0,55.4469719022,24047.0,41526.7860181835,71998,59,72141,36070.5,50927.9517013987,72082,59,0,0.0,0.0,0,0,0,0,0,0,72,32,41.5852289267,13.8617429756,0,0,0.0,0.0,0.0,0,0,0,1,0,0,0,0,0,0.0,0.0,0.0,0,0,0,0,0,0,3,0,1,0,8192,8192,0,20,0.0,0.0,0,0,0.0,0.0,0,0,Benign,Friday,False,Normal
3389,6,23/02/2018 09:12:57,1721244,10,7,676,301,187,0,67.6,67.9316650106,197,0,43.0,74.6681547471,567.6127266094,9.876577638,107577.75,152804.924019483,527460,3,1721244,191249.333333333,192366.046670144,590595,3,1193649,198941.5,213532.29709133,593769,272,0,0,0,0,212,152,5.8097515518,4.0668260862,0,197,54.2777777778,68.8543266662,4740.9183006536,0,0,1,1,0,0,0,1,0,57.4705882353,67.6,43.0,0,0,0,0,0,0,10,676,7,301,8192,63324,6,20,0.0,0.0,0,0,0.0,0.0,0,0,Benign,Friday,False,Normal
80,6,23/02/2018 09:50:49,118033304,19,17,879,2118,434,0,46.2631578947,136.6377376314,706,0,124.5882352941,277.4245525417,25.3911387586,0.3049986638,3372380.11428571,4619514.6658876,10013574,17,118033304,6557405.77777778,4663804.55981448,10109195,245,113515917,7094744.8125,4631890.88256476,10109284,95825,0,0,0,0,404,484,0.160971517,0.1440271468,0,706,81.0,212.7383630451,45257.6111111111,0,0,0,1,0,0,0,0,0,83.25,46.2631578947,124.5882352941,0,0,0,0,0,0,19,879,17,2118,8192,176,13,20,314353.818181818,725430.145350029,2501608,95601,10005268.8181818,27376.0638471571,10013574,9922727,Benign,Friday,False,Normal
443,6,23/02/2018 11:30:53,94745391,8,6,1223,3977,837,0,152.875,289.9120248332,1460,0,662.8333333333,669.9819151788,54.883936254,0.1477644438,7288107.0,26231519.4698276,94591862,1,94745391,13535055.8571429,35742702.1643058,94591862,279,73642,14728.4,13444.3430036577,24596,1,0,0,0,0,172,132,0.084436825,0.0633276188,0,1460,346.6666666667,524.6161408479,275222.095238095,0,0,0,1,0,0,0,0,0,371.4285714286,152.875,662.8333333333,0,0,0,0,0,0,8,1223,6,3977,8192,509,3,20,0.0,0.0,0,0,0.0,0.0,0,0,Benign,Friday,False,Normal
80,6,23/02/2018 12:45:58,571,3,4,161,488,161,0,53.6666666667,92.9533933395,488,0,122.0,244.0,1136602.45183888,12259.1943957968,95.1666666667,71.3229743257,183,0,317,158.5,81.3172798365,216,101,388,129.3333333333,152.8441472001,298,0,0,0,0,0,72,92,5253.9404553415,7005.2539404554,0,488,81.125,173.7875858627,30202.125,0,0,0,1,0,0,0,0,1,92.7142857143,53.6666666667,122.0,0,0,0,0,0,0,3,161,4,488,8192,149,1,20,0.0,0.0,0,0,0.0,0.0,0,0,Benign,Friday,False,Normal
80,6,23/02/2018 01:08:00,1055,3,4,161,488,161,0,53.6666666667,92.9533933395,488,0,122.0,244.0,615165.876777251,6635.0710900474,175.8333333333,121.1039498392,306,29,491,245.5,160.5132393293,359,132,749,249.6666666667,223.036618817,475,29,0,0,0,0,72,92,2843.6018957346,3791.4691943128,0,488,81.125,173.7875858627,30202.125,0,0,0,1,0,0,0,0,1,92.7142857143,53.6666666667,122.0,0,0,0,0,0,0,3,161,4,488,8192,149,1,20,0.0,0.0,0,0,0.0,0.0,0,0,Benign,Friday,False,Normal
53,17,23/02/2018 01:11:02,2242,1,1,40,101,40,40,40.0,0.0,101,101,101.0,0.0,62890.2765388046,892.0606601249,2242.0,0.0,2242,2242,0,0.0,0.0,0,0,0,0.0,0.0,0,0,0,0,0,0,8,8,446.0303300624,446.0303300624,40,101,60.3333333333,35.2183664206,1240.3333333333,0,0,0,0,0,0,0,0,1,90.5,40.0,101.0,0,0,0,0,0,0,1,40,1,101,-1,-1,0,8,0.0,0.0,0,0,0.0,0.0,0,0,Benign,Friday,False,Normal
53,17,23/02/2018 08:16:29,100381,1,1,41,155,41,41,41.0,0.0,155,155,155.0,0.0,1952.560743567,19.9240892201,100381.0,0.0,100381,100381,0,0.0,0.0,0,0,0,0.0,0.0,0,0,0,0,0,0,8,8,9.96204461,9.96204461,41,155,79.0,65.8179306876,4332.0,0,0,0,0,0,0,0,0,1,118.5,41.0,155.0,0,0,0,0,0,0,1,41,1,155,-1,-1,0,8,0.0,0.0,0,0,0.0,0.0,0,0,Benign,Friday,False,Normal
53,17,23/02/2018 04:19:59,332,1,1,36,68,36,36,36.0,0.0,68,68,68.0,0.0,313253.012048193,6024.0963855422,332.0,0.0,332,332,0,0.0,0.0,0,0,0,0.0,0.0,0,0,0,0,0,0,8,8,3012.0481927711,3012.0481927711,36,68,46.6666666667,18.4752086141,341.3333333333,0,0,0,0,0,0,0,0,1,70.0,36.0,68.0,0,0,0,0,0,0,1,36,1,68,-1,-1,0,8,0.0,0.0,0,0,0.0,0.0,0,0,Benign,Friday,False,Normal
3389,6,23/02/2018 11:20:10,1589845,8,7,1148,1581,677,0,143.5,228.129662379,1173,0,225.8571428571,430.0986044197,1716.5195349232,9.4348820168,113560.357142857,247201.046091764,958489,3,1589845,227120.714285714,389977.213437193,1107727,3,1496296,249382.666666667,348029.539243247,958489,94050,0,0,0,0,172,152,5.0319370756,4.4029449412,0,1173,170.5625,319.433241591,102037.595833333,0,0,0,1,0,0,0,0,0,181.9333333333,143.5,225.8571428571,0,0,0,0,0,0,8,1148,7,1581,8192,62852,5,20,0.0,0.0,0,0,0.0,0.0,0,0,Benign,Friday,False,Normal
53,17,23/02/2018 03:39:33,13132,1,1,47,271,47,47,47.0,0.0,271,271,271.0,0.0,24215.6564118185,152.2997258605,13132.0,0.0,13132,13132,0,0.0,0.0,0,0,0,0.0,0.0,0,0,0,0,0,0,8,8,76.1498629302,76.1498629302,47,271,121.6666666667,129.3264602985,16725.3333333333,0,0,0,0,0,0,0,0,1,182.5,47.0,271.0,0,0,0,0,0,0,1,47,1,271,-1,-1,0,8,0.0,0.0,0,0,0.0,0.0,0,0,Benign,Friday,False,Normal
53,17,23/02/2018 04:26:48,17912,1,1,62,144,62,62,62.0,0.0,144,144,144.0,0.0,11500.6699419384,111.6569897276,17912.0,0.0,17912,17912,0,0.0,0.0,0,0,0,0.0,0.0,0,0,0,0,0,0,8,8,55.8284948638,55.8284948638,62,144,89.3333333333,47.3427220735,2241.3333333333,0,0,0,0,0,0,0,0,1,134.0,62.0,144.0,0,0,0,0,0,0,1,62,1,144,-1,-1,0,8,0.0,0.0,0,0,0.0,0.0,0,0,Benign,Friday,False,Normal
53,17,23/02/2018 11:07:16,280,1,1,36,68,36,36,36.0,0.0,68,68,68.0,0.0,371428.571428571,7142.8571428572,280.0,0.0,280,280,0,0.0,0.0,0,0,0,0.0,0.0,0,0,0,0,0,0,8,8,3571.4285714286,3571.4285714286,36,68,46.6666666667,18.4752086141,341.3333333333,0,0,0,0,0,0,0,0,1,70.0,36.0,68.0,0,0,0,0,0,0,1,36,1,68,-1,-1,0,8,0.0,0.0,0,0,0.0,0.0,0,0,Benign,Friday,False,Normal
1900,17,23/02/2018 08:16:09,15164613,6,0,822,0,137,137,137.0,0.0,0,0,0.0,0.0,54.2051419314,0.3956579703,3032922.6,52068.108994854,3125115,2998310,15164613,3032922.6,52068.108994854,3125115,2998310,0,0.0,0.0,0,0,0,0,0,0,48,0,0.3956579703,0.0,137,137,137.0,0.0,0.0,0,0,0,0,0,0,0,0,0,159.8333333333,137.0,0.0,0,0,0,0,0,0,6,822,0,0,-1,-1,5,8,0.0,0.0,0,0,0.0,0.0,0,0,Benign,Friday,False,Normal
3389,6,23/02/2018 08:58:23,3958850,14,8,1441,1731,725,0,102.9285714286,191.1489408352,1179,0,216.375,405.4647906151,801.2427851523,5.55716938,188516.666666667,256302.747601998,953118,55,3958850,304526.923076923,341977.253068695,1226199,8151,3907763,558251.857142857,318277.453178003,953118,158900,0,0,0,0,292,172,3.5363805145,2.0207888655,0,1179,137.9130434783,278.894719961,77782.2648221344,0,0,1,1,0,0,0,1,0,144.1818181818,102.9285714286,216.375,0,0,0,0,0,0,14,1441,8,1731,8192,62644,7,20,0.0,0.0,0,0,0.0,0.0,0,0,Benign,Friday,False,Normal
80,6,23/02/2018 09:34:20,53824782,2,0,0,0,0,0,0.0,0.0,0,0,0.0,0.0,0.0,0.0371576052,53824782.0,0.0,53824782,53824782,53824782,53824782.0,0.0,53824782,53824782,0,0.0,0.0,0,0,0,0,0,0,40,0,0.0371576052,0.0,0,0,0.0,0.0,0.0,0,0,0,0,1,0,0,0,0,0.0,0.0,0.0,0,0,0,0,0,0,2,0,0,0,279,-1,0,20,0.0,0.0,0,0,0.0,0.0,0,0,Benign,Friday,False,Normal
443,6,23/02/2018 10:22:18,15693220,9,9,733,4999,412,0,81.4444444444,142.9852362231,1460,0,555.4444444444,687.7874146695,365.2532749812,1.1469921406,923130.588235294,2681023.85909677,9921716,1,15693220,1961652.5,3757724.65387044,9921716,231,15681425,1960178.125,3790405.21322406,10013043,1,0,0,0,0,192,204,0.5734960703,0.5734960703,0,1460,301.6842105263,529.9414068903,280837.894736842,0,0,0,1,0,0,0,0,1,318.4444444444,81.4444444444,555.4444444444,0,0,0,0,0,0,9,733,9,4999,8192,114,4,20,99831.5,124621.206223098,187952,11711,7746711.5,3075920.86212251,9921716,5571707,Benign,Friday,False,Normal
80,6,23/02/2018 03:16:24,53595483,2,0,0,0,0,0,0.0,0.0,0,0,0.0,0.0,0.0,0.0373165776,53595483.0,0.0,53595483,53595483,53595483,53595483.0,0.0,53595483,53595483,0,0.0,0.0,0,0,0,0,0,0,40,0,0.0373165776,0.0,0,0,0.0,0.0,0.0,0,0,0,0,1,0,0,0,0,0.0,0.0,0.0,0,0,0,0,0,0,2,0,0,0,279,-1,0,20,0.0,0.0,0,0,0.0,0.0,0,0,Benign,Friday,False,Normal
53,17,23/02/2018 03:39:28,417,1,1,39,71,39,39,39.0,0.0,71,71,71.0,0.0,263788.96882494,4796.1630695444,417.0,0.0,417,417,0,0.0,0.0,0,0,0,0.0,0.0,0,0,0,0,0,0,8,8,2398.0815347722,2398.0815347722,39,71,49.6666666667,18.4752086141,341.3333333333,0,0,0,0,0,0,0,0,1,74.5,39.0,71.0,0,0,0,0,0,0,1,39,1,71,-1,-1,0,8,0.0,0.0,0,0,0.0,0.0,0,0,Benign,Friday,False,Normal
443,6,23/02/2018 04:05:02,116548079,60,60,20880,12000,696,0,348.0,350.9367609264,366,34,200.0,167.4008687178,282.115331991,1.029618,979395.621848739,1700746.34992161,4012831,17,116548079,1975391.16949153,1970797.17515123,4012831,50183,116530355,1975090.76271186,1986486.05537567,4026485,36576,1,0,0,0,1200,1200,0.514809,0.514809,0,696,277.4876033058,285.0925614516,81277.7685950413,0,1,0,0,1,0,0,0,1,279.8,348.0,200.0,0,0,0,0,0,0,60,20880,60,12000,251,765,29,20,0.0,0.0,0,0,0.0,0.0,0,0,Benign,Friday,False,Normal
443,6,23/02/2018 04:06:31,115885593,20,21,795,5531,428,0,39.75,104.6376580094,1460,0,263.380952381,520.1013820584,54.5883214318,0.3537972145,2897139.825,4536467.50637896,10089233,1,115885593,6099241.73684211,4910081.21865138,10100669,18,111341123,5567056.15,5139738.65706419,10100687,1,0,0,0,0,412,564,0.1725840071,0.1812132074,0,1460,150.619047619,387.4143777871,150089.900116144,0,0,0,1,0,0,0,0,1,154.2926829268,39.75,263.380952381,0,0,0,0,0,0,20,795,21,5531,8192,123,15,20,41493.1818181818,99584.5915870705,341752,11384,10080419.2727273,26793.9934093106,10089233,9999644,Benign,Friday,False,Normal
53,17,23/02/2018 11:02:43,47930,2,2,72,104,36,36,36.0,0.0,52,52,52.0,0.0,3672.02169831,83.455038598,15976.6666666667,27052.3308854031,47214,339,47553,47553.0,0.0,47553,47553,47591,47591.0,0.0,47591,47591,0,0,0,0,16,16,41.727519299,41.727519299,36,52,42.4,8.7635609201,76.8,0,0,0,0,0,0,0,0,1,53.0,36.0,52.0,0,0,0,0,0,0,2,72,2,104,-1,-1,1,8,0.0,0.0,0,0,0.0,0.0,0,0,Benign,Friday,False,Normal
80,6,23/02/2018 05:23:25,54034585,2,0,0,0,0,0,0.0,0.0,0,0,0.0,0.0,0.0,0.0370133314,54034585.0,0.0,54034585,54034585,54034585,54034585.0,0.0,54034585,54034585,0,0.0,0.0,0,0,0,0,0,0,40,0,0.0370133314,0.0,0,0,0.0,0.0,0.0,0,0,0,0,1,0,0,0,0,0.0,0.0,0.0,0,0,0,0,0,0,2,0,0,0,279,-1,0,20,0.0,0.0,0,0,0.0,0.0,0,0,Benign,Friday,False,Normal
53,17,23/02/2018 11:41:54,12319,1,1,34,118,34,34,34.0,0.0,118,118,118.0,0.0,12338.6638525854,162.3508401656,12319.0,0.0,12319,12319,0,0.0,0.0,0,0,0,0.0,0.0,0,0,0,0,0,0,8,8,81.1754200828,81.1754200828,34,118,62.0,48.4974226119,2352.0,0,0,0,0,0,0,0,0,1,93.0,34.0,118.0,0,0,0,0,0,0,1,34,1,118,-1,-1,0,8,0.0,0.0,0,0,0.0,0.0,0,0,Benign,Friday,False,Normal
53,17,23/02/2018 10:08:41,45184,2,2,72,104,36,36,36.0,0.0,52,52,52.0,0.0,3895.1841359773,88.5269121813,15061.3333333333,25204.0374807953,44164,370,44814,44814.0,0.0,44814,44814,1020,1020.0,0.0,1020,1020,0,0,0,0,16,16,44.2634560907,44.2634560907,36,52,42.4,8.7635609201,76.8,0,0,0,0,0,0,0,0,1,53.0,36.0,52.0,0,0,0,0,0,0,2,72,2,104,-1,-1,1,8,0.0,0.0,0,0,0.0,0.0,0,0,Benign,Friday,False,Normal
49488,6,23/02/2018 08:19:12,23,1,1,0,0,0,0,0.0,0.0,0,0,0.0,0.0,0.0,86956.5217391304,23.0,0.0,23,23,0,0.0,0.0,0,0,0,0.0,0.0,0,0,0,0,0,0,20,20,43478.2608695652,43478.2608695652,0,0,0.0,0.0,0.0,0,0,0,0,1,1,0,0,1,0.0,0.0,0.0,0,0,0,0,0,0,1,0,1,0,181,258,0,20,0.0,0.0,0,0,0.0,0.0,0,0,Benign,Friday,False,Normal
49721,6,23/02/2018 08:45:20,30255,2,1,0,0,0,0,0.0,0.0,0,0,0.0,0.0,0.0,99.1571641051,15127.5,21379.3735291753,30245,10,30255,30255.0,0.0,30255,30255,0,0.0,0.0,0,0,0,0,0,0,40,20,66.1047760701,33.052388035,0,0,0.0,0.0,0.0,0,0,0,0,1,1,0,0,0,0.0,0.0,0.0,0,0,0,0,0,0,2,0,1,0,1129,255,0,20,0.0,0.0,0,0,0.0,0.0,0,0,Benign,Friday,False,Normal
53,17,23/02/2018 11:59:09,324,1,1,37,149,37,37,37.0,0.0,149,149,149.0,0.0,574074.074074074,6172.8395061728,324.0,0.0,324,324,0,0.0,0.0,0,0,0,0.0,0.0,0,0,0,0,0,0,8,8,3086.4197530864,3086.4197530864,37,149,74.3333333333,64.6632301492,4181.3333333333,0,0,0,0,0,0,0,0,1,111.5,37.0,149.0,0,0,0,0,0,0,1,37,1,149,-1,-1,0,8,0.0,0.0,0,0,0.0,0.0,0,0,Benign,Friday,False,Normal
50825,6,23/02/2018 11:19:14,23,1,1,0,0,0,0,0.0,0.0,0,0,0.0,0.0,0.0,86956.5217391304,23.0,0.0,23,23,0,0.0,0.0,0,0,0,0.0,0.0,0,0,0,0,0,0,20,20,43478.2608695652,43478.2608695652,0,0,0.0,0.0,0.0,0,0,0,0,1,0,0,0,1,0.0,0.0,0.0,0,0,0,0,0,0,1,0,1,0,70,0,0,20,0.0,0.0,0,0,0.0,0.0,0,0,Benign,Friday,False,Normal
53,17,23/02/2018 11:47:16,443,1,1,52,68,52,52,52.0,0.0,68,68,68.0,0.0,270880.361173815,4514.6726862303,443.0,0.0,443,443,0,0.0,0.0,0,0,0,0.0,0.0,0,0,0,0,0,0,8,8,2257.3363431151,2257.3363431151,52,68,57.3333333333,9.237604307,85.3333333333,0,0,0,0,0,0,0,0,1,86.0,52.0,68.0,0,0,0,0,0,0,1,52,1,68,-1,-1,0,8,0.0,0.0,0,0,0.0,0.0,0,0,Benign,Friday,False,Normal
53377,6,23/02/2018 05:21:25,23,1,1,0,0,0,0,0.0,0.0,0,0,0.0,0.0,0.0,86956.5217391304,23.0,0.0,23,23,0,0.0,0.0,0,0,0,0.0,0.0,0,0,0,0,0,0,20,20,43478.2608695652,43478.2608695652,0,0,0.0,0.0,0.0,0,0,0,0,1,1,0,0,1,0.0,0.0,0.0,0,0,0,0,0,0,1,0,1,0,64240,63801,0,20,0.0,0.0,0,0,0.0,0.0,0,0,Benign,Friday,False,Normal
3389,6,23/02/2018 08:22:59,4116672,13,9,1442,1731,725,0,110.9230769231,196.5220350404,1179,0,192.3333333333,386.0744746807,770.7682322031,5.3441226311,196032.0,262918.899075742,937488,79,4116672,343056.0,367937.528015534,1286936,94212,4028886,503610.75,379684.947268785,1151493,125025,0,0,0,0,272,192,3.1578906456,2.1862319854,0,1179,137.9565217391,278.8794914492,77773.7707509882,0,0,1,1,0,0,0,1,0,144.2272727273,110.9230769231,192.3333333333,0,0,0,0,0,0,13,1442,9,1731,8192,62558,7,20,0.0,0.0,0,0,0.0,0.0,0,0,Benign,Friday,False,Normal
3389,6,23/02/2018 08:23:03,3976599,13,8,1440,1731,725,0,110.7692307692,196.5787178402,1179,0,216.375,405.4647906151,797.4150775575,5.2808945534,198829.95,271319.154957962,953148,59,3976599,331383.25,366158.986149242,1249492,42405,3865140,552162.857142857,401787.730884285,1229482,177564,0,0,0,0,272,172,3.2691251997,2.0117693537,0,1179,144.1363636364,283.8113550959,80548.8852813853,0,0,1,1,0,0,0,1,0,151.0,110.7692307692,216.375,0,0,0,0,0,0,13,1440,8,1731,8192,62645,7,20,0.0,0.0,0,0,0.0,0.0,0,0,Benign,Friday,False,Normal
3389,6,23/02/2018 08:38:35,4100143,14,8,1459,1731,741,0,104.2142857143,195.1134496691,1179,0,216.375,405.4647906151,778.0216446109,5.3656665146,195244.904761905,250284.463225528,953133,55,4100143,315395.615384615,336758.042505926,1241015,6408,3848185,549740.714285714,352933.378303287,953133,107264,0,0,0,0,292,172,3.4145150547,1.9511514598,0,1179,138.6956521739,280.4109702793,78630.3122529645,0,0,1,1,0,0,0,1,0,145.0,104.2142857143,216.375,0,0,0,0,0,0,14,1459,8,1731,8192,62626,7,20,0.0,0.0,0,0,0.0,0.0,0,0,Benign,Friday,False,Normal
445,6,23/02/2018 09:44:33,921287,7,5,364,582,103,0,52.0,49.2172056636,409,0,116.4,167.0353256051,1026.8244314747,13.0252570589,83753.3636363636,95622.1593839762,183767,38,921287,153547.833333333,75135.0184439098,186295,194,737720,184430.0,1469.7054126593,186625,183514,0,0,0,0,152,112,7.5980666177,5.4271904412,0,409,72.7692307692,109.5332170669,11997.5256410256,0,0,0,1,0,0,0,0,0,78.8333333333,52.0,116.4,0,0,0,0,0,0,7,364,5,582,8192,258,4,20,0.0,0.0,0,0,0.0,0.0,0,0,Benign,Friday,False,Normal
3389,6,23/02/2018 09:51:01,3781595,12,7,1148,1581,677,0,95.6666666667,195.2189136391,1173,0,225.8571428571,430.0986044197,721.6531648683,5.0243349698,210088.611111111,365199.540436561,1352807,77,3781595,343781.363636364,468083.910969448,1352807,1167,3221674,536945.666666667,601185.45734762,1579935,103848,0,0,0,0,252,152,3.1732641914,1.8510707783,0,1173,136.45,292.3279475989,85455.6289473685,0,0,1,1,0,0,0,1,0,143.6315789474,95.6666666667,225.8571428571,0,0,0,0,0,0,12,1148,7,1581,8192,62852,5,20,0.0,0.0,0,0,0.0,0.0,0,0,Benign,Friday,False,Normal
51532,6,23/02/2018 12:15:25,1486,4,0,0,0,0,0,0.0,0.0,0,0,0.0,0.0,0.0,2691.7900403769,495.3333333333,564.539930681,1110,0,1486,495.3333333333,564.539930681,1110,0,0,0.0,0.0,0,0,0,0,0,0,80,0,2691.7900403769,0.0,0,0,0.0,0.0,0.0,0,0,0,0,1,0,0,0,0,0.0,0.0,0.0,0,0,0,0,0,0,4,0,0,0,5392,-1,0,20,0.0,0.0,0,0,0.0,0.0,0,0,Benign,Friday,False,Normal
80,6,23/02/2018 01:18:42,115148962,14,14,535,213,523,0,38.2142857143,139.5311812802,213,0,15.2142857143,56.9266445273,6.4959335022,0.2431632862,4264776.37037037,4934748.34298404,10003736,1571,115137344,8856718.76923077,2985536.26599595,10015371,74780,115137328,8856717.53846154,3005806.67201393,10025969,1571,0,0,0,0,280,424,0.1215816431,0.1215816431,0,523,25.8275862069,103.4349585024,10698.7906403941,0,0,0,0,1,0,0,0,1,26.75,38.2142857143,15.2142857143,0,0,0,0,0,0,14,535,14,213,254,126,12,20,468062.727272727,1513386.9612949,5031096,11613,9998968.54545455,15301.0455483514,10003736,9952845,Benign,Friday,False,Normal
80,6,23/02/2018 02:26:10,587,3,4,161,488,161,0,53.6666666667,92.9533933395,488,0,122.0,244.0,1105621.80579216,11925.0425894378,97.8333333333,66.7904683818,177,25,308,154.0,74.9533188058,207,101,412,137.3333333333,151.7772490637,310,25,0,0,0,0,72,92,5110.7325383305,6814.3100511073,0,488,81.125,173.7875858627,30202.125,0,0,0,1,0,0,0,0,1,92.7142857143,53.6666666667,122.0,0,0,0,0,0,0,3,161,4,488,8192,149,1,20,0.0,0.0,0,0,0.0,0.0,0,0,Benign,Friday,False,Normal
53617,6,23/02/2018 04:05:21,1110,3,1,97,0,66,0,32.3333333333,33.0201958403,0,0,0.0,0.0,87387.3873873874,3603.6036036036,370.0,620.1902933778,1086,0,1110,555.0,784.8885271171,1110,0,0,0.0,0.0,0,0,1,0,0,0,60,20,2702.7027027027,900.9009009009,0,66,32.6,33.0121189868,1089.8,0,1,0,0,1,0,0,0,0,40.75,32.3333333333,0.0,0,0,0,0,0,0,3,97,1,0,62,0,1,20,0.0,0.0,0,0,0.0,0.0,0,0,Benign,Friday,False,Normal
53634,6,23/02/2018 04:11:26,1,2,0,0,0,0,0,0.0,0.0,0,0,0.0,0.0,0.0,2000000.0,1.0,0.0,1,1,1,1.0,0.0,1,1,0,0.0,0.0,0,0,0,0,0,0,40,0,2000000.0,0.0,0,0,0.0,0.0,0.0,0,0,0,0,1,0,0,0,0,0.0,0.0,0.0,0,0,0,0,0,0,2,0,0,0,123,-1,0,20,0.0,0.0,0,0,0.0,0.0,0,0,Benign,Friday,False,Normal
53,17,23/02/2018 11:50:04,69431,1,1,33,123,33,33,33.0,0.0,123,123,123.0,0.0,2246.8349872535,28.8055767597,69431.0,0.0,69431,69431,0,0.0,0.0,0,0,0,0.0,0.0,0,0,0,0,0,0,8,8,14.4027883798,14.4027883798,33,123,63.0,51.9615242271,2700.0,0,0,0,0,0,0,0,0,1,94.5,33.0,123.0,0,0,0,0,0,0,1,33,1,123,-1,-1,0,8,0.0,0.0,0,0,0.0,0.0,0,0,Benign,Friday,False,Normal
27188,6,23/02/2018 08:58:41,86230073,2,0,0,0,0,0,0.0,0.0,0,0,0.0,0.0,0.0,0.0231937644,86230073.0,0.0,86230073,86230073,86230073,86230073.0,0.0,86230073,86230073,0,0.0,0.0,0,0,0,0,0,0,40,0,0.0231937644,0.0,0,0,0.0,0.0,0.0,0,0,0,0,1,0,0,0,0,0.0,0.0,0.0,0,0,0,0,0,0,2,0,0,0,62561,-1,0,20,0.0,0.0,0,0,86230073.0,0.0,86230073,86230073,Benign,Friday,False,Normal
53,17,23/02/2018 12:52:13,1325,1,1,30,132,30,30,30.0,0.0,132,132,132.0,0.0,122264.150943396,1509.4339622642,1325.0,0.0,1325,1325,0,0.0,0.0,0,0,0,0.0,0.0,0,0,0,0,0,0,8,8,754.7169811321,754.7169811321,30,132,64.0,58.8897274573,3468.0,0,0,0,0,0,0,0,0,1,96.0,30.0,132.0,0,0,0,0,0,0,1,30,1,132,-1,-1,0,8,0.0,0.0,0,0,0.0,0.0,0,0,Benign,Friday,False,Normal
3389,6,23/02/2018 03:58:31,1801547,8,8,1148,1581,677,0,143.5,228.129662379,1173,0,197.625,406.1217050168,1514.8092167454,8.8812559428,120103.133333333,234279.441702445,953317,46,1801547,257363.857142857,382026.654291045,1104297,46,1708309,244044.142857143,313300.05156422,953317,96783,0,0,0,0,172,172,4.4406279714,4.4406279714,0,1173,160.5294117647,312.0440909645,97371.5147058823,0,0,0,1,0,0,0,0,1,170.5625,143.5,197.625,0,0,0,0,0,0,8,1148,8,1581,8192,62852,5,20,0.0,0.0,0,0,0.0,0.0,0,0,Benign,Friday,False,Normal
50261,6,23/02/2018 09:48:55,1,2,0,0,0,0,0,0.0,0.0,0,0,0.0,0.0,0.0,2000000.0,1.0,0.0,1,1,1,1.0,0.0,1,1,0,0.0,0.0,0,0,0,0,0,0,40,0,2000000.0,0.0,0,0,0.0,0.0,0.0,0,0,0,0,1,0,0,0,0,0.0,0.0,0.0,0,0,0,0,0,0,2,0,0,0,122,-1,0,20,0.0,0.0,0,0,0.0,0.0,0,0,Benign,Friday,False,Normal
52167,6,23/02/2018 01:04:57,62,1,1,0,0,0,0,0.0,0.0,0,0,0.0,0.0,0.0,32258.064516129,62.0,0.0,62,62,0,0.0,0.0,0,0,0,0.0,0.0,0,0,0,0,0,0,20,20,16129.0322580645,16129.0322580645,0,0,0.0,0.0,0.0,0,0,0,0,1,1,0,0,1,0.0,0.0,0.0,0,0,0,0,0,0,1,0,1,0,119,252,0,20,0.0,0.0,0,0,0.0,0.0,0,0,Benign,Friday,False,Normal
80,6,23/02/2018 08:19:00,42585,4,8,249,7952,249,0,62.25,124.5,1460,0,994.0,673.8817191678,192579.546788775,281.7893624516,3871.3636363636,8398.6292366401,20873,0,42585,14195.0,12208.224604749,21561,103,21682,3097.4285714286,7891.8949109649,20985,0,0,0,0,0,92,172,93.9297874839,187.8595749677,0,1460,630.8461538462,705.4275117678,497627.974358974,0,0,0,1,0,0,0,0,2,683.4166666667,62.25,994.0,0,0,0,0,0,0,4,249,8,7952,8192,946,1,20,0.0,0.0,0,0,0.0,0.0,0,0,Benign,Friday,False,Normal
80,6,23/02/2018 10:19:11,991,3,4,161,488,161,0,53.6666666667,92.9533933395,488,0,122.0,244.0,654894.04641776,7063.5721493441,165.1666666667,105.0912302082,265,1,561,280.5,75.660425587,334,227,726,242.0,263.8996021217,524,1,0,0,0,0,72,92,3027.2452068618,4036.3269424824,0,488,81.125,173.7875858627,30202.125,0,0,0,1,0,0,0,0,1,92.7142857143,53.6666666667,122.0,0,0,0,0,0,0,3,161,4,488,8192,149,1,20,0.0,0.0,0,0,0.0,0.0,0,0,Benign,Friday,False,Normal
50820,6,23/02/2018 11:32:01,17708,3,1,108,0,77,0,36.0,38.7427412556,0,0,0.0,0.0,6098.9383329569,225.8866049243,5902.6666666667,10206.4020268326,17688,1,17708,8854.0,12520.032667689,17707,1,0,0.0,0.0,0,0,1,0,0,0,60,20,169.4149536932,56.4716512311,0,77,37.0,38.6458277179,1493.5,0,1,0,0,1,0,0,0,0,46.25,36.0,0.0,0,0,0,0,0,0,3,108,1,0,980,0,1,20,0.0,0.0,0,0,0.0,0.0,0,0,Benign,Friday,False,Normal
80,6,23/02/2018 11:51:13,95,2,0,0,0,0,0,0.0,0.0,0,0,0.0,0.0,0.0,21052.6315789474,95.0,0.0,95,95,95,95.0,0.0,95,95,0,0.0,0.0,0,0,0,0,0,0,40,0,21052.6315789474,0.0,0,0,0.0,0.0,0.0,0,0,0,0,1,0,0,0,0,0.0,0.0,0.0,0,0,0,0,0,0,2,0,0,0,278,-1,0,20,0.0,0.0,0,0,0.0,0.0,0,0,Benign,Friday,False,Normal
0,0,23/02/2018 11:12:47,59723277,2,0,0,0,0,0,0.0,0.0,0,0,0.0,0.0,0.0,0.0334877807,59723277.0,0.0,59723277,59723277,59723277,59723277.0,0.0,59723277,59723277,0,0.0,0.0,0,0,0,0,0,0,0,0,0.0334877807,0.0,0,0,0.0,0.0,0.0,0,0,0,0,0,0,0,0,0,0.0,0.0,0.0,0,0,0,0,0,0,2,0,0,0,-1,-1,0,0,0.0,0.0,0,0,59723277.0,0.0,59723277,59723277,Benign,Friday,False,Normal
53,17,23/02/2018 12:46:20,23044,2,2,80,112,40,40,40.0,0.0,56,56,56.0,0.0,8331.886825204,173.5809755251,7681.3333333333,12755.4302292527,22410,289,22699,22699.0,0.0,22699,22699,22755,22755.0,0.0,22755,22755,0,0,0,0,16,16,86.7904877625,86.7904877625,40,56,46.4,8.7635609201,76.8,0,0,0,0,0,0,0,0,1,58.0,40.0,56.0,0,0,0,0,0,0,2,80,2,112,-1,-1,1,8,0.0,0.0,0,0,0.0,0.0,0,0,Benign,Friday,False,Normal
53,17,23/02/2018 01:26:48,253,1,1,40,168,40,40,40.0,0.0,168,168,168.0,0.0,822134.387351779,7905.138339921,253.0,0.0,253,253,0,0.0,0.0,0,0,0,0.0,0.0,0,0,0,0,0,0,8,8,3952.5691699605,3952.5691699605,40,168,82.6666666667,73.9008344563,5461.3333333333,0,0,0,0,0,0,0,0,1,124.0,40.0,168.0,0,0,0,0,0,0,1,40,1,168,-1,-1,0,8,0.0,0.0,0,0,0.0,0.0,0,0,Benign,Friday,False,Normal
53,17,23/02/2018 11:05:04,13096,1,1,44,172,44,44,44.0,0.0,172,172,172.0,0.0,16493.5858277337,152.7183872938,13096.0,0.0,13096,13096,0,0.0,0.0,0,0,0,0.0,0.0,0,0,0,0,0,0,8,8,76.3591936469,76.3591936469,44,172,86.6666666667,73.9008344563,5461.3333333333,0,0,0,0,0,0,0,0,1,130.0,44.0,172.0,0,0,0,0,0,0,1,44,1,172,-1,-1,0,8,0.0,0.0,0,0,0.0,0.0,0,0,Benign,Friday,False,Normal
53,17,23/02/2018 09:10:34,313,1,1,45,77,45,45,45.0,0.0,77,77,77.0,0.0,389776.357827476,6389.7763578275,313.0,0.0,313,313,0,0.0,0.0,0,0,0,0.0,0.0,0,0,0,0,0,0,8,8,3194.8881789137,3194.8881789137,45,77,55.6666666667,18.4752086141,341.3333333333,0,0,0,0,0,0,0,0,1,83.5,45.0,77.0,0,0,0,0,0,0,1,45,1,77,-1,-1,0,8,0.0,0.0,0,0,0.0,0.0,0,0,Benign,Friday,False,Normal
3389,6,23/02/2018 01:47:48,2332929,8,7,1148,1581,677,0,143.5,228.129662379,1173,0,225.8571428571,430.0986044197,1169.7741337178,6.4296856012,166637.785714286,246055.697827569,937502,4,2332929,333275.571428571,400112.644143645,1220947,4,2113991,352331.833333333,287734.518015769,937502,220148,0,0,0,0,172,152,3.429165654,3.0005199472,0,1173,170.5625,319.433241591,102037.595833333,0,0,1,1,0,0,0,1,0,181.9333333333,143.5,225.8571428571,0,0,0,0,0,0,8,1148,7,1581,8192,62852,5,20,0.0,0.0,0,0,0.0,0.0,0,0,Benign,Friday,False,Normal
51176,6,23/02/2018 12:00:09,16,1,1,0,0,0,0,0.0,0.0,0,0,0.0,0.0,0.0,125000.0,16.0,0.0,16,16,0,0.0,0.0,0,0,0,0.0,0.0,0,0,0,0,0,0,20,20,62500.0,62500.0,0,0,0.0,0.0,0.0,0,0,0,0,1,1,0,0,1,0.0,0.0,0.0,0,0,0,0,0,0,1,0,1,0,31088,63256,0,20,0.0,0.0,0,0,0.0,0.0,0,0,Benign,Friday,False,Normal
53,17,23/02/2018 03:31:30,345,1,1,40,56,40,40,40.0,0.0,56,56,56.0,0.0,278260.869565217,5797.1014492754,345.0,0.0,345,345,0,0.0,0.0,0,0,0,0.0,0.0,0,0,0,0,0,0,8,8,2898.5507246377,2898.5507246377,40,56,45.3333333333,9.237604307,85.3333333333,0,0,0,0,0,0,0,0,1,68.0,40.0,56.0,0,0,0,0,0,0,1,40,1,56,-1,-1,0,8,0.0,0.0,0,0,0.0,0.0,0,0,Benign,Friday,False,Normal
53,17,23/02/2018 01:13:19,261,1,1,45,61,45,45,45.0,0.0,61,61,61.0,0.0,406130.268199234,7662.8352490422,261.0,0.0,261,261,0,0.0,0.0,0,0,0,0.0,0.0,0,0,0,0,0,0,8,8,3831.4176245211,3831.4176245211,45,61,50.3333333333,9.237604307,85.3333333333,0,0,0,0,0,0,0,0,1,75.5,45.0,61.0,0,0,0,0,0,0,1,45,1,61,-1,-1,0,8,0.0,0.0,0,0,0.0,0.0,0,0,Benign,Friday,False,Normal
53,17,23/02/2018 11:45:34,17852,1,1,33,65,33,33,33.0,0.0,65,65,65.0,0.0,5489.5809993278,112.0322652924,17852.0,0.0,17852,17852,0,0.0,0.0,0,0,0,0.0,0.0,0,0,0,0,0,0,8,8,56.0161326462,56.0161326462,33,65,43.6666666667,18.4752086141,341.3333333333,0,0,0,0,0,0,0,0,1,65.5,33.0,65.0,0,0,0,0,0,0,1,33,1,65,-1,-1,0,8,0.0,0.0,0,0,0.0,0.0,0,0,Benign,Friday,False,Normal
137,17,23/02/2018 09:57:31,1510749,3,0,150,0,50,50,50.0,0.0,0,0,0.0,0.0,99.2884986189,1.9857699724,755374.5,14438.4133650481,765584,745165,1510749,755374.5,14438.4133650481,765584,745165,0,0.0,0.0,0,0,0,0,0,0,24,0,1.9857699724,0.0,50,50,50.0,0.0,0.0,0,0,0,0,0,0,0,0,0,66.6666666667,50.0,0.0,0,0,0,0,0,0,3,150,0,0,-1,-1,2,8,0.0,0.0,0,0,0.0,0.0,0,0,Benign,Friday,False,Normal
443,6,23/02/2018 11:01:41,102058074,5,5,316,75,79,0,63.2,35.3298740445,75,0,15.0,33.5410196625,3.8311520556,0.0979834285,11339786.0,14972546.017151,30933188,32275,102058074,25514518.5,10973127.6715639,31001372,9054827,101957637,25489409.25,11023342.8378632,31001388,8954395,1,0,0,0,100,100,0.0489917143,0.0489917143,0,79,42.7272727273,40.9245425365,1674.8181818182,0,1,0,0,1,0,0,0,1,47.0,63.2,15.0,0,0,0,0,0,0,5,316,5,75,255,129,3,20,68175.75,19.9728983041,68200,68157,25438274.0,10989252.67118,30933188,8954395,Benign,Friday,False,Normal
80,6,23/02/2018 11:42:01,5372625,4,4,97,231,97,0,24.25,48.5,231,0,57.75,115.5,61.0502314976,1.4890300365,767517.857142857,2003424.02595635,5310565,39,62060,20686.6666666667,35396.4967805196,61559,215,5372449,1790816.33333333,3101095.52205174,5371653,289,0,0,0,0,92,92,0.7445150183,0.7445150183,0,231,36.4444444444,79.6996096463,6352.0277777778,0,0,0,1,0,0,0,0,1,41.0,24.25,57.75,0,0,0,0,0,0,4,97,4,231,8192,141,1,20,0.0,0.0,0,0,0.0,0.0,0,0,Benign,Friday,False,Normal
80,6,23/02/2018 01:41:03,6091603,4,4,97,231,97,0,24.25,48.5,231,0,57.75,115.5,53.8446120011,1.3132832195,870229.0,2275120.02615598,6029458,46,62145,20715.0,35512.3568775715,61721,120,6091345,2030448.33333333,3516294.07974779,6090715,271,0,0,0,0,92,92,0.6566416098,0.6566416098,0,231,36.4444444444,79.6996096463,6352.0277777778,0,0,0,1,0,0,0,0,1,41.0,24.25,57.75,0,0,0,0,0,0,4,97,4,231,8192,141,1,20,0.0,0.0,0,0,0.0,0.0,0,0,Benign,Friday,False,Normal
3389,6,23/02/2018 05:21:04,4150010,13,8,1455,1731,741,0,111.9230769231,200.5984635777,1179,0,216.375,405.4647906151,767.7089934723,5.0602287705,207500.5,305596.377452782,955826,3,4150010,345834.166666667,417082.975927471,1309102,3,4051998,578856.857142857,474642.588590063,1176187,107013,0,0,0,0,272,172,3.1325225722,1.9277061983,0,1179,144.8181818182,285.3311587084,81413.8701298701,0,0,1,1,0,0,0,1,0,151.7142857143,111.9230769231,216.375,0,0,0,0,0,0,13,1455,8,1731,8192,62545,7,20,0.0,0.0,0,0,0.0,0.0,0,0,Benign,Friday,False,Normal
443,6,23/02/2018 05:29:41,226,3,0,31,0,31,0,10.3333333333,17.8978583449,0,0,0.0,0.0,137168.14159292,13274.3362831858,113.0,128.693434176,204,22,226,113.0,128.693434176,204,22,0,0.0,0.0,0,0,0,0,0,0,60,0,13274.3362831858,0.0,0,31,7.75,15.5,240.25,0,0,0,0,1,0,0,0,0,10.3333333333,10.3333333333,0.0,0,0,0,0,0,0,3,31,0,0,253,-1,1,20,0.0,0.0,0,0,0.0,0.0,0,0,Benign,Friday,False,Normal
53,17,23/02/2018 10:58:17,1691,1,1,38,133,38,38,38.0,0.0,133,133,133.0,0.0,101123.595505618,1182.7321111768,1691.0,0.0,1691,1691,0,0.0,0.0,0,0,0,0.0,0.0,0,0,0,0,0,0,8,8,591.3660555884,591.3660555884,38,133,69.6666666667,54.848275573,3008.3333333333,0,0,0,0,0,0,0,0,1,104.5,38.0,133.0,0,0,0,0,0,0,1,38,1,133,-1,-1,0,8,0.0,0.0,0,0,0.0,0.0,0,0,Benign,Friday,False,Normal
53,17,23/02/2018 04:35:38,10991,1,1,46,127,46,46,46.0,0.0,127,127,127.0,0.0,15740.1510326631,181.9670639614,10991.0,0.0,10991,10991,0,0.0,0.0,0,0,0,0.0,0.0,0,0,0,0,0,0,8,8,90.9835319807,90.9835319807,46,127,73.0,46.7653718044,2187.0,0,0,0,0,0,0,0,0,1,109.5,46.0,127.0,0,0,0,0,0,0,1,46,1,127,-1,-1,0,8,0.0,0.0,0,0,0.0,0.0,0,0,Benign,Friday,False,Normal
53,17,23/02/2018 05:29:37,278,1,1,35,51,35,35,35.0,0.0,51,51,51.0,0.0,309352.517985611,7194.2446043166,278.0,0.0,278,278,0,0.0,0.0,0,0,0,0.0,0.0,0,0,0,0,0,0,8,8,3597.1223021583,3597.1223021583,35,51,40.3333333333,9.237604307,85.3333333333,0,0,0,0,0,0,0,0,1,60.5,35.0,51.0,0,0,0,0,0,0,1,35,1,51,-1,-1,0,8,0.0,0.0,0,0,0.0,0.0,0,0,Benign,Friday,False,Normal
53,17,23/02/2018 03:28:07,62507,2,2,68,186,34,34,34.0,0.0,93,93,93.0,0.0,4063.5448829731,63.9928328027,20835.6666666667,30254.4293341212,55540,14,55540,55540.0,0.0,55540,55540,14,14.0,0.0,14,14,0,0,0,0,16,16,31.9964164014,31.9964164014,34,93,57.6,32.3156308928,1044.3,0,0,0,0,0,0,0,0,1,72.0,34.0,93.0,0,0,0,0,0,0,2,68,2,186,-1,-1,1,8,0.0,0.0,0,0,0.0,0.0,0,0,Benign,Friday,False,Normal
53,17,23/02/2018 02:25:08,12451,1,1,54,115,54,54,54.0,0.0,115,115,115.0,0.0,13573.2069713276,160.6296682997,12451.0,0.0,12451,12451,0,0.0,0.0,0,0,0,0.0,0.0,0,0,0,0,0,0,8,8,80.3148341499,80.3148341499,54,115,74.3333333333,35.2183664206,1240.3333333333,0,0,0,0,0,0,0,0,1,111.5,54.0,115.0,0,0,0,0,0,0,1,54,1,115,-1,-1,0,8,0.0,0.0,0,0,0.0,0.0,0,0,Benign,Friday,False,Normal
18604,6,23/02/2018 12:55:36,70,2,0,0,0,0,0,0.0,0.0,0,0,0.0,0.0,0.0,28571.4285714286,70.0,0.0,70,70,70,70.0,0.0,70,70,0,0.0,0.0,0,0,0,0,0,0,40,0,28571.4285714286,0.0,0,0,0.0,0.0,0.0,0,0,0,0,1,0,0,0,0,0.0,0.0,0.0,0,0,0,0,0,0,2,0,0,0,256,-1,0,20,0.0,0.0,0,0,0.0,0.0,0,0,Benign,Friday,False,Normal
53,17,23/02/2018 02:16:05,2025,1,1,42,102,42,42,42.0,0.0,102,102,102.0,0.0,71111.1111111111,987.6543209877,2025.0,0.0,2025,2025,0,0.0,0.0,0,0,0,0.0,0.0,0,0,0,0,0,0,8,8,493.8271604938,493.8271604938,42,102,62.0,34.6410161514,1200.0,0,0,0,0,0,0,0,0,1,93.0,42.0,102.0,0,0,0,0,0,0,1,42,1,102,-1,-1,0,8,0.0,0.0,0,0,0.0,0.0,0,0,Benign,Friday,False,Normal
53,17,23/02/2018 02:16:14,69990,2,2,72,104,36,36,36.0,0.0,52,52,52.0,0.0,2514.6449492785,57.1510215745,23330.0,39351.1218264486,68767,265,69725,69725.0,0.0,69725,69725,69032,69032.0,0.0,69032,69032,0,0,0,0,16,16,28.5755107873,28.5755107873,36,52,42.4,8.7635609201,76.8,0,0,0,0,0,0,0,0,1,53.0,36.0,52.0,0,0,0,0,0,0,2,72,2,104,-1,-1,1,8,0.0,0.0,0,0,0.0,0.0,0,0,Benign,Friday,False,Normal
54302,6,23/02/2018 02:34:49,106,2,0,0,0,0,0,0.0,0.0,0,0,0.0,0.0,0.0,18867.9245283019,106.0,0.0,106,106,106,106.0,0.0,106,106,0,0.0,0.0,0,0,0,0,0,0,40,0,18867.9245283019,0.0,0,0,0.0,0.0,0.0,0,0,0,0,1,0,0,0,0,0.0,0.0,0.0,0,0,0,0,0,0,2,0,0,0,259,-1,0,20,0.0,0.0,0,0,0.0,0.0,0,0,Benign,Friday,False,Normal
80,6,23/02/2018 08:31:20,792,3,4,161,488,161,0,53.6666666667,92.9533933395,488,0,122.0,244.0,819444.444444444,8838.3838383838,132.0,79.3069984302,237,30,435,217.5,102.5304832721,290,145,555,185.0,185.1350858157,390,30,0,0,0,0,72,92,3787.8787878788,5050.5050505051,0,488,81.125,173.7875858627,30202.125,0,0,0,1,0,0,0,0,1,92.7142857143,53.6666666667,122.0,0,0,0,0,0,0,3,161,4,488,8192,149,1,20,0.0,0.0,0,0,0.0,0.0,0,0,Benign,Friday,False,Normal
80,6,23/02/2018 09:37:04,116033070,18,19,350,7407,339,0,19.4444444444,79.751984834,1430,0,389.8421052632,641.3089273906,66.8516311772,0.3188746105,3223140.83333333,4663113.40209038,10010633,2,116033070,6825474.70588235,4646711.60792958,10015433,29,110188748,6121597.11111111,5023407.1199985,10021866,2,0,0,0,0,372,524,0.1551281889,0.1637464216,0,1430,204.1315789474,488.2963306675,238433.306543385,0,0,0,1,0,0,0,0,1,209.6486486486,19.4444444444,389.8421052632,0,0,0,0,0,0,18,350,19,7407,8192,172,12,20,12495.1818181818,3861.8892997646,24094,11190,10004660.4545455,2012.5358811029,10010633,10003002,Benign,Friday,False,Normal
80,6,23/02/2018 10:16:22,23424,6,9,249,9137,249,0,41.5,101.6538243255,1460,0,1015.2222222222,675.9847960157,400700.136612022,640.368852459,1673.1428571429,4057.7641410235,11243,1,23424,4684.8,6346.1581054997,11992,27,12178,1522.25,3984.2073508147,11363,1,0,0,0,0,132,192,256.1475409836,384.2213114754,0,1460,586.625,706.5251941722,499177.85,0,0,0,1,0,0,0,0,1,625.7333333333,41.5,1015.2222222222,0,0,0,0,0,0,6,249,9,9137,8192,288,1,20,0.0,0.0,0,0,0.0,0.0,0,0,Benign,Friday,False,Normal
443,6,23/02/2018 11:25:09,116628066,95,174,935,240514,302,0,9.8421052632,43.132974943,1460,0,1382.2643678161,312.1729719046,2070.2478252533,2.3064774134,435179.350746269,5015856.71185923,58389795,1,116628066,1240724.10638298,8439193.93011113,58389795,20,116553196,673717.895953757,6241544.22998676,58406328,1,0,0,0,0,1912,3492,0.8145552204,1.4919221931,0,1460,894.2555555556,704.6845305585,496580.287608426,0,0,0,1,0,0,0,0,1,897.5799256506,9.8421052632,1382.2643678161,0,0,0,0,0,0,95,935,174,240514,8192,127,7,20,104161.5,37294.9329601221,130533,77790,58172396.0,307448.614246348,58389795,57954997,Benign,Friday,False,Normal
3389,6,23/02/2018 11:46:02,4424929,15,9,1438,1731,725,0,95.8666666667,186.1646224895,1179,0,192.3333333333,386.0744746807,716.1696831746,5.4238158398,192388.217391304,236995.114599428,979596,61,4424929,316066.357142857,302582.726860099,1204920,28841,4424788,553098.5,313050.490663818,979596,180977,0,0,0,0,312,192,3.3898848998,2.0339309399,0,1179,126.76,269.7771117052,72779.69,0,0,1,1,0,0,0,1,0,132.0416666667,95.8666666667,192.3333333333,0,0,0,0,0,0,15,1438,9,1731,8192,62562,7,20,0.0,0.0,0,0,0.0,0.0,0,0,Benign,Friday,False,Normal
443,6,23/02/2018 11:47:54,125,2,0,0,0,0,0,0.0,0.0,0,0,0.0,0.0,0.0,16000.0,125.0,0.0,125,125,125,125.0,0.0,125,125,0,0.0,0.0,0,0,0,0,0,0,40,0,16000.0,0.0,0,0,0.0,0.0,0.0,0,0,0,0,1,0,0,0,0,0.0,0.0,0.0,0,0,0,0,0,0,2,0,0,0,63336,-1,0,20,0.0,0.0,0,0,0.0,0.0,0,0,Benign,Friday,False,Normal
443,6,23/02/2018 12:33:28,169264,12,12,550,9279,199,0,45.8333333333,79.1234172133,1460,0,773.25,654.166940745,58069.0518952642,141.7903393515,7359.3043478261,18975.878833247,73064,1,169264,15387.6363636364,25797.2949716544,73064,16,156267,14206.0909090909,42989.8514569533,143399,1,0,0,0,0,252,252,70.8951696758,70.8951696758,0,1460,393.16,581.3765761822,337998.723333333,0,0,0,1,0,0,0,0,1,409.5416666667,45.8333333333,773.25,0,0,0,0,0,0,12,550,12,9279,8192,288,4,20,0.0,0.0,0,0,0.0,0.0,0,0,Benign,Friday,False,Normal
443,6,23/02/2018 04:34:48,230,3,0,77,0,46,0,25.6666666667,23.4591844132,0,0,0.0,0.0,334782.608695652,13043.4782608696,115.0,131.5218613007,208,22,230,115.0,131.5218613007,208,22,0,0.0,0.0,0,0,1,0,0,0,60,0,13043.4782608696,0.0,0,46,30.75,21.6852484422,470.25,0,1,0,0,1,0,0,0,0,41.0,25.6666666667,0.0,0,0,0,0,0,0,3,77,0,0,257,-1,1,20,0.0,0.0,0,0,0.0,0.0,0,0,Benign,Friday,False,Normal
443,6,23/02/2018 04:49:57,212588,9,7,550,3276,199,0,61.1111111111,86.9359598274,1460,0,468.0,684.3534661757,17997.2529023275,75.2629499313,14172.5333333333,37308.2860901027,145182,12,212588,26573.5,49119.3251291471,145182,20,56267,9377.8333333333,17339.2443366678,43703,19,0,0,0,0,192,152,42.3354093364,32.927540595,0,1460,225.0588235294,472.7714128662,223512.808823529,0,0,0,1,0,0,0,0,0,239.125,61.1111111111,468.0,0,0,0,0,0,0,9,550,7,3276,8192,237,4,20,0.0,0.0,0,0,0.0,0.0,0,0,Benign,Friday,False,Normal
53,17,23/02/2018 05:07:00,297,1,1,31,63,31,31,31.0,0.0,63,63,63.0,0.0,316498.316498316,6734.0067340067,297.0,0.0,297,297,0,0.0,0.0,0,0,0,0.0,0.0,0,0,0,0,0,0,8,8,3367.0033670034,3367.0033670034,31,63,41.6666666667,18.4752086141,341.3333333333,0,0,0,0,0,0,0,0,1,62.5,31.0,63.0,0,0,0,0,0,0,1,31,1,63,-1,-1,0,8,0.0,0.0,0,0,0.0,0.0,0,0,Benign,Friday,False,Normal
3389,6,23/02/2018 11:34:23,6104451,10,7,1144,1581,677,0,114.4,209.8969059112,1173,0,225.8571428571,430.0986044197,446.3955890546,2.7848532161,381528.1875,761398.749160711,2959568,53,6104451,678272.333333333,956149.76131854,2959568,53,5949918,991653.0,1185346.92137264,3210324,143020,0,0,0,0,212,152,1.6381489507,1.1467042655,0,1173,151.3888888889,305.0398506056,93049.3104575164,0,0,1,1,0,0,0,1,0,160.2941176471,114.4,225.8571428571,0,0,0,0,0,0,10,1144,7,1581,8192,62856,5,20,0.0,0.0,0,0,0.0,0.0,0,0,Benign,Friday,False,Normal
53,17,23/02/2018 12:28:01,244,1,1,34,50,34,34,34.0,0.0,50,50,50.0,0.0,344262.295081967,8196.7213114754,244.0,0.0,244,244,0,0.0,0.0,0,0,0,0.0,0.0,0,0,0,0,0,0,8,8,4098.3606557377,4098.3606557377,34,50,39.3333333333,9.237604307,85.3333333333,0,0,0,0,0,0,0,0,1,59.0,34.0,50.0,0,0,0,0,0,0,1,34,1,50,-1,-1,0,8,0.0,0.0,0,0,0.0,0.0,0,0,Benign,Friday,False,Normal
53,17,23/02/2018 04:40:57,308,1,1,36,52,36,36,36.0,0.0,52,52,52.0,0.0,285714.285714286,6493.5064935065,308.0,0.0,308,308,0,0.0,0.0,0,0,0,0.0,0.0,0,0,0,0,0,0,8,8,3246.7532467533,3246.7532467533,36,52,41.3333333333,9.237604307,85.3333333333,0,0,0,0,0,0,0,0,1,62.0,36.0,52.0,0,0,0,0,0,0,1,36,1,52,-1,-1,0,8,0.0,0.0,0,0,0.0,0.0,0,0,Benign,Friday,False,Normal
53762,6,23/02/2018 04:51:57,13,1,1,0,0,0,0,0.0,0.0,0,0,0.0,0.0,0.0,153846.153846154,13.0,0.0,13,13,0,0.0,0.0,0,0,0,0.0,0.0,0,0,0,0,0,0,20,20,76923.0769230769,76923.0769230769,0,0,0.0,0.0,0.0,0,0,0,0,1,1,0,0,1,0.0,0.0,0.0,0,0,0,0,0,0,1,0,1,0,172,255,0,20,0.0,0.0,0,0,0.0,0.0,0,0,Benign,Friday,False,Normal
53,17,23/02/2018 02:25:58,19458,2,2,90,122,45,45,45.0,0.0,61,61,61.0,0.0,10895.2615890636,205.5709733786,6486.0,10663.3709022991,18799,328,19130,19130.0,0.0,19130,19130,19127,19127.0,0.0,19127,19127,0,0,0,0,16,16,102.7854866893,102.7854866893,45,61,51.4,8.7635609201,76.8,0,0,0,0,0,0,0,0,1,64.25,45.0,61.0,0,0,0,0,0,0,2,90,2,122,-1,-1,1,8,0.0,0.0,0,0,0.0,0.0,0,0,Benign,Friday,False,Normal
53,17,23/02/2018 10:31:12,849,1,1,32,48,32,32,32.0,0.0,48,48,48.0,0.0,94228.5041224971,2355.7126030624,849.0,0.0,849,849,0,0.0,0.0,0,0,0,0.0,0.0,0,0,0,0,0,0,8,8,1177.8563015312,1177.8563015312,32,48,37.3333333333,9.237604307,85.3333333333,0,0,0,0,0,0,0,0,1,56.0,32.0,48.0,0,0,0,0,0,0,1,32,1,48,-1,-1,0,8,0.0,0.0,0,0,0.0,0.0,0,0,Benign,Friday,False,Normal
3389,6,23/02/2018 11:00:56,1911347,8,7,1138,1581,677,0,142.25,227.7465696778,1173,0,225.8571428571,430.0986044197,1422.5569716017,7.8478685451,136524.785714286,246436.391438558,956143,4,1911347,273049.571428571,395100.829961525,1160005,4,1762587,293764.5,325212.171514382,956143,149136,0,0,0,0,172,152,4.1855298907,3.6623386544,0,1173,169.9375,319.3627965705,101992.595833333,0,0,0,1,0,0,0,0,0,181.2666666667,142.25,225.8571428571,0,0,0,0,0,0,8,1138,7,1581,8192,62862,5,20,0.0,0.0,0,0,0.0,0.0,0,0,Benign,Friday,False,Normal
3389,6,23/02/2018 05:20:54,2326793,8,7,1148,1581,677,0,143.5,228.129662379,1173,0,225.8571428571,430.0986044197,1172.8589522145,6.4466413643,166199.5,249937.989693982,953125,2,2326793,332399.0,408591.574490142,1240564,2,2095106,349184.333333333,296611.769797267,953125,214058,0,0,0,0,172,152,3.4382087276,3.0084326367,0,1173,170.5625,319.433241591,102037.595833333,0,0,1,1,0,0,0,1,0,181.9333333333,143.5,225.8571428571,0,0,0,0,0,0,8,1148,7,1581,8192,62852,5,20,0.0,0.0,0,0,0.0,0.0,0,0,Benign,Friday,False,Normal
3389,6,23/02/2018 12:01:16,1635784,8,7,1138,1581,677,0,142.25,227.7465696778,1173,0,225.8571428571,430.0986044197,1662.1998992532,9.1699148543,116841.714285714,244858.718455052,950019,65,1635784,233683.428571429,386225.010008785,1104957,65,1531919,255319.833333333,340883.513741229,950019,105352,0,0,0,0,172,152,4.8906212556,4.2792935987,0,1173,169.9375,319.3627965705,101992.595833333,0,0,1,1,0,0,0,1,0,181.2666666667,142.25,225.8571428571,0,0,0,0,0,0,8,1138,7,1581,8192,62862,5,20,0.0,0.0,0,0,0.0,0.0,0,0,Benign,Friday,False,Normal
53,17,23/02/2018 12:01:12,286,1,1,38,54,38,38,38.0,0.0,54,54,54.0,0.0,321678.321678322,6993.006993007,286.0,0.0,286,286,0,0.0,0.0,0,0,0,0.0,0.0,0,0,0,0,0,0,8,8,3496.5034965035,3496.5034965035,38,54,43.3333333333,9.237604307,85.3333333333,0,0,0,0,0,0,0,0,1,65.0,38.0,54.0,0,0,0,0,0,0,1,38,1,54,-1,-1,0,8,0.0,0.0,0,0,0.0,0.0,0,0,Benign,Friday,False,Normal
53,17,23/02/2018 12:28:02,17724,1,1,39,67,39,39,39.0,0.0,67,67,67.0,0.0,5980.5912886482,112.8413450688,17724.0,0.0,17724,17724,0,0.0,0.0,0,0,0,0.0,0.0,0,0,0,0,0,0,8,8,56.4206725344,56.4206725344,39,67,48.3333333333,16.1658075373,261.3333333333,0,0,0,0,0,0,0,0,1,72.5,39.0,67.0,0,0,0,0,0,0,1,39,1,67,-1,-1,0,8,0.0,0.0,0,0,0.0,0.0,0,0,Benign,Friday,False,Normal
51149,6,23/02/2018 11:25:05,24,1,1,0,0,0,0,0.0,0.0,0,0,0.0,0.0,0.0,83333.3333333333,24.0,0.0,24,24,0,0.0,0.0,0,0,0,0.0,0.0,0,0,0,0,0,0,20,20,41666.6666666667,41666.6666666667,0,0,0.0,0.0,0.0,0,0,0,0,1,1,0,0,1,0.0,0.0,0.0,0,0,0,0,0,0,1,0,1,0,31,255,0,20,0.0,0.0,0,0,0.0,0.0,0,0,Benign,Friday,False,Normal
80,6,23/02/2018 11:26:06,5276928,4,4,97,231,97,0,24.25,48.5,231,0,57.75,115.5,62.1573764129,1.516033571,753846.857142857,1967265.30352131,5214888,44,62040,20680.0,35469.8139126779,61637,173,5276742,1758914.0,3045889.28748305,5276004,346,0,0,0,0,92,92,0.7580167855,0.7580167855,0,231,36.4444444444,79.6996096463,6352.0277777778,0,0,0,1,0,0,0,0,1,41.0,24.25,57.75,0,0,0,0,0,0,4,97,4,231,8192,141,1,20,0.0,0.0,0,0,0.0,0.0,0,0,Benign,Friday,False,Normal
53,17,23/02/2018 08:56:43,461,1,1,61,77,61,61,61.0,0.0,77,77,77.0,0.0,299349.240780911,4338.3947939263,461.0,0.0,461,461,0,0.0,0.0,0,0,0,0.0,0.0,0,0,0,0,0,0,8,8,2169.1973969631,2169.1973969631,61,77,66.3333333333,9.237604307,85.3333333333,0,0,0,0,0,0,0,0,1,99.5,61.0,77.0,0,0,0,0,0,0,1,61,1,77,-1,-1,0,8,0.0,0.0,0,0,0.0,0.0,0,0,Benign,Friday,False,Normal
80,6,23/02/2018 12:21:55,778,3,4,161,488,161,0,53.6666666667,92.9533933395,488,0,122.0,244.0,834190.231362468,8997.4293059126,129.6666666667,77.5336486093,245,30,436,218.0,120.2081528017,303,133,533,177.6666666667,152.729608568,335,30,0,0,0,0,72,92,3856.0411311054,5141.3881748072,0,488,81.125,173.7875858627,30202.125,0,0,0,1,0,0,0,0,1,92.7142857143,53.6666666667,122.0,0,0,0,0,0,0,3,161,4,488,8192,149,1,20,0.0,0.0,0,0,0.0,0.0,0,0,Benign,Friday,False,Normal
443,6,23/02/2018 12:39:11,52452155,5,1,123,46,46,0,24.6,23.2765976895,46,46,46.0,0.0,3.2219839204,0.1143899617,10490431.0,23422367.8963759,52389620,20,52452155,13113038.75,26184403.6258594,52389620,20,0,0.0,0.0,0,0,1,0,0,0,100,20,0.0953249681,0.0190649936,0,46,30.7142857143,21.6849739506,470.2380952381,0,1,0,0,1,0,0,0,0,35.8333333333,24.6,46.0,0,0,0,0,0,0,5,123,1,46,253,189,2,20,61941.0,0.0,61941,61941,52389620.0,0.0,52389620,52389620,Benign,Friday,False,Normal
52255,6,23/02/2018 01:20:31,59,3,1,77,0,46,0,25.6666666667,23.4591844132,0,0,0.0,0.0,1305084.74576271,67796.6101694915,19.6666666667,17.387735141,33,0,59,29.5,41.71930009,59,0,0,0.0,0.0,0,0,1,0,0,0,60,20,50847.4576271186,16949.1525423729,0,46,24.6,23.2765976895,541.8,0,1,0,0,1,0,0,0,0,30.75,25.6666666667,0.0,0,0,0,0,0,0,3,77,1,0,123,0,1,20,0.0,0.0,0,0,0.0,0.0,0,0,Benign,Friday,False,Normal
52363,6,23/02/2018 01:39:22,1,2,0,0,0,0,0,0.0,0.0,0,0,0.0,0.0,0.0,2000000.0,1.0,0.0,1,1,1,1.0,0.0,1,1,0,0.0,0.0,0,0,0,0,0,0,40,0,2000000.0,0.0,0,0,0.0,0.0,0.0,0,0,0,0,1,0,0,0,0,0.0,0.0,0.0,0,0,0,0,0,0,2,0,0,0,127,-1,0,20,0.0,0.0,0,0,0.0,0.0,0,0,Benign,Friday,False,Normal
445,6,23/02/2018 01:53:25,1298081,7,5,364,582,103,0,52.0,49.2172056636,409,0,116.4,167.0353256051,728.7680814988,9.2444154101,118007.363636364,134881.016838748,259575,33,1298081,216346.833333333,105633.852466748,260882,729,1039296,259824.0,2140.7570312081,262945,258351,0,0,0,0,152,112,5.3925756559,3.8518397542,0,409,72.7692307692,109.5332170669,11997.5256410256,0,0,0,1,0,0,0,0,0,78.8333333333,52.0,116.4,0,0,0,0,0,0,7,364,5,582,8192,257,4,20,0.0,0.0,0,0,0.0,0.0,0,0,Benign,Friday,False,Normal
443,6,23/02/2018 02:46:56,232,3,0,77,0,46,0,25.6666666667,23.4591844132,0,0,0.0,0.0,331896.551724138,12931.0344827586,116.0,130.1076477383,208,24,232,116.0,130.1076477383,208,24,0,0.0,0.0,0,0,1,0,0,0,60,0,12931.0344827586,0.0,0,46,30.75,21.6852484422,470.25,0,1,0,0,1,0,0,0,0,41.0,25.6666666667,0.0,0,0,0,0,0,0,3,77,0,0,253,-1,1,20,0.0,0.0,0,0,0.0,0.0,0,0,Benign,Friday,False,Normal
53,17,23/02/2018 11:47:43,392,1,1,64,192,64,64,64.0,0.0,192,192,192.0,0.0,653061.224489796,5102.0408163265,392.0,0.0,392,392,0,0.0,0.0,0,0,0,0.0,0.0,0,0,0,0,0,0,8,8,2551.0204081633,2551.0204081633,64,192,106.6666666667,73.9008344563,5461.3333333333,0,0,0,0,0,0,0,0,1,160.0,64.0,192.0,0,0,0,0,0,0,1,64,1,192,-1,-1,0,8,0.0,0.0,0,0,0.0,0.0,0,0,Benign,Friday,False,Normal
53,17,23/02/2018 11:12:32,272,1,1,39,55,39,39,39.0,0.0,55,55,55.0,0.0,345588.235294118,7352.9411764706,272.0,0.0,272,272,0,0.0,0.0,0,0,0,0.0,0.0,0,0,0,0,0,0,8,8,3676.4705882353,3676.4705882353,39,55,44.3333333333,9.237604307,85.3333333333,0,0,0,0,0,0,0,0,1,66.5,39.0,55.0,0,0,0,0,0,0,1,39,1,55,-1,-1,0,8,0.0,0.0,0,0,0.0,0.0,0,0,Benign,Friday,False,Normal
50055,6,23/02/2018 09:27:13,37,1,1,0,0,0,0,0.0,0.0,0,0,0.0,0.0,0.0,54054.0540540541,37.0,0.0,37,37,0,0.0,0.0,0,0,0,0.0,0.0,0,0,0,0,0,0,20,20,27027.027027027,27027.027027027,0,0,0.0,0.0,0.0,0,0,0,0,1,1,0,0,1,0.0,0.0,0.0,0,0,0,0,0,0,1,0,1,0,1022,255,0,20,0.0,0.0,0,0,0.0,0.0,0,0,Benign,Friday,False,Normal
64203,6,23/02/2018 12:38:41,39,2,0,0,0,0,0,0.0,0.0,0,0,0.0,0.0,0.0,51282.0512820513,39.0,0.0,39,39,39,39.0,0.0,39,39,0,0.0,0.0,0,0,0,0,0,0,40,0,51282.0512820513,0.0,0,0,0.0,0.0,0.0,0,0,0,0,1,0,0,0,0,0.0,0.0,0.0,0,0,0,0,0,0,2,0,0,0,258,-1,0,20,0.0,0.0,0,0,0.0,0.0,0,0,Benign,Friday,False,Normal
53,17,23/02/2018 12:45:20,1158,1,1,40,139,40,40,40.0,0.0,139,139,139.0,0.0,154576.856649396,1727.115716753,1158.0,0.0,1158,1158,0,0.0,0.0,0,0,0,0.0,0.0,0,0,0,0,0,0,8,8,863.5578583765,863.5578583765,40,139,73.0,57.1576766498,3267.0,0,0,0,0,0,0,0,0,1,109.5,40.0,139.0,0,0,0,0,0,0,1,40,1,139,-1,-1,0,8,0.0,0.0,0,0,0.0,0.0,0,0,Benign,Friday,False,Normal
53,17,23/02/2018 02:44:03,14971,1,1,47,108,47,47,47.0,0.0,108,108,108.0,0.0,10353.349809632,133.5916104469,14971.0,0.0,14971,14971,0,0.0,0.0,0,0,0,0.0,0.0,0,0,0,0,0,0,8,8,66.7958052234,66.7958052234,47,108,67.3333333333,35.2183664206,1240.3333333333,0,0,0,0,0,0,0,0,1,101.0,47.0,108.0,0,0,0,0,0,0,1,47,1,108,-1,-1,0,8,0.0,0.0,0,0,0.0,0.0,0,0,Benign,Friday,False,Normal
22,6,23/02/2018 11:49:57,1001399,2,0,0,0,0,0,0.0,0.0,0,0,0.0,0.0,0.0,1.9972059089,1001399.0,0.0,1001399,1001399,1001399,1001399.0,0.0,1001399,1001399,0,0.0,0.0,0,0,0,0,0,0,80,0,1.9972059089,0.0,0,0,0.0,0.0,0.0,0,0,0,1,0,0,0,0,0,0.0,0.0,0.0,0,0,0,0,0,0,2,0,0,0,29200,-1,0,40,0.0,0.0,0,0,0.0,0.0,0,0,Benign,Friday,False,Normal
65384,6,23/02/2018 12:29:45,33,2,0,0,0,0,0,0.0,0.0,0,0,0.0,0.0,0.0,60606.0606060606,33.0,0.0,33,33,33,33.0,0.0,33,33,0,0.0,0.0,0,0,0,0,0,0,40,0,60606.0606060606,0.0,0,0,0.0,0.0,0.0,0,0,0,0,1,0,0,0,0,0.0,0.0,0.0,0,0,0,0,0,0,2,0,0,0,258,-1,0,20,0.0,0.0,0,0,0.0,0.0,0,0,Benign,Friday,False,Normal
53,17,23/02/2018 10:17:41,2419,1,1,42,142,42,42,42.0,0.0,142,142,142.0,0.0,76064.4894584539,826.7879288962,2419.0,0.0,2419,2419,0,0.0,0.0,0,0,0,0.0,0.0,0,0,0,0,0,0,8,8,413.3939644481,413.3939644481,42,142,75.3333333333,57.735026919,3333.3333333333,0,0,0,0,0,0,0,0,1,113.0,42.0,142.0,0,0,0,0,0,0,1,42,1,142,-1,-1,0,8,0.0,0.0,0,0,0.0,0.0,0,0,Benign,Friday,False,Normal
53,17,23/02/2018 02:57:44,213958,2,2,76,200,38,38,38.0,0.0,100,100,100.0,0.0,1289.9727983997,18.6952579478,71319.3333333333,93235.5045587963,176833,42,37083,37083.0,0.0,37083,37083,42,42.0,0.0,42,42,0,0,0,0,16,16,9.3476289739,9.3476289739,38,100,62.8,33.9587985653,1153.2,0,0,0,0,0,0,0,0,1,78.5,38.0,100.0,0,0,0,0,0,0,2,76,2,200,-1,-1,1,8,0.0,0.0,0,0,0.0,0.0,0,0,Benign,Friday,False,Normal
53,17,23/02/2018 12:37:09,5210019,3,3,115,336,41,33,38.3333333333,4.6188021535,118,100,112.0,10.3923048454,86.5639837398,1.1516272781,1042003.8,2231844.50490927,5032553,281,5209738,2604869.0,3451323.14514767,5045323,164415,5197249,2598624.5,3443853.976218,5033797,163452,0,0,0,0,24,24,0.5758136391,0.5758136391,33,118,69.1428571429,40.6670569849,1653.8095238095,0,0,0,0,0,0,0,0,1,80.6666666667,38.3333333333,112.0,0,0,0,0,0,0,3,115,3,336,-1,-1,2,8,12770.0,0.0,12770,12770,5032553.0,0.0,5032553,5032553,Benign,Friday,False,Normal
67,17,23/02/2018 05:15:43,743,1,1,315,302,315,315,315.0,0.0,302,302,302.0,0.0,830417.227456259,2691.7900403769,743.0,0.0,743,743,0,0.0,0.0,0,0,0,0.0,0.0,0,0,0,0,0,0,8,8,1345.8950201884,1345.8950201884,302,315,310.6666666667,7.5055534995,56.3333333333,0,0,0,0,0,0,0,0,1,466.0,315.0,302.0,0,0,0,0,0,0,1,315,1,302,-1,-1,0,8,0.0,0.0,0,0,0.0,0.0,0,0,Benign,Friday,False,Normal
443,6,23/02/2018 02:59:47,34934540,2,3,2,0,1,1,1.0,0.0,0,0,0.0,0.0,0.0572499309,0.1431248272,8733635.0,11766895.6963923,24907956,11264,10015320,10015320.0,0.0,10015320,10015320,34923144,17461572.0,10530777.243438,24907956,10015188,0,0,0,0,40,60,0.0572499309,0.0858748963,0,1,0.5,0.5477225575,0.3,0,0,0,0,1,0,0,0,1,0.6,1.0,0.0,0,0,0,0,0,0,2,2,3,0,63163,0,1,20,11330.0,93.3380951166,11396,11264,17455940.0,10538742.0942213,24907956,10003924,Benign,Friday,False,Normal
53,17,23/02/2018 02:30:32,1076,1,1,47,132,47,47,47.0,0.0,132,132,132.0,0.0,166356.87732342,1858.7360594796,1076.0,0.0,1076,1076,0,0.0,0.0,0,0,0,0.0,0.0,0,0,0,0,0,0,8,8,929.3680297398,929.3680297398,47,132,75.3333333333,49.0747728811,2408.3333333333,0,0,0,0,0,0,0,0,1,113.0,47.0,132.0,0,0,0,0,0,0,1,47,1,132,-1,-1,0,8,0.0,0.0,0,0,0.0,0.0,0,0,Benign,Friday,False,Normal
53,17,23/02/2018 05:26:03,1811,1,1,41,127,41,41,41.0,0.0,127,127,127.0,0.0,92766.4273881833,1104.3622308117,1811.0,0.0,1811,1811,0,0.0,0.0,0,0,0,0.0,0.0,0,0,0,0,0,0,8,8,552.1811154059,552.1811154059,41,127,69.6666666667,49.6521231503,2465.3333333333,0,0,0,0,0,0,0,0,1,104.5,41.0,127.0,0,0,0,0,0,0,1,41,1,127,-1,-1,0,8,0.0,0.0,0,0,0.0,0.0,0,0,Benign,Friday,False,Normal
53,17,23/02/2018 11:07:12,1621,1,1,45,134,45,45,45.0,0.0,134,134,134.0,0.0,110425.663170882,1233.8062924121,1621.0,0.0,1621,1621,0,0.0,0.0,0,0,0,0.0,0.0,0,0,0,0,0,0,8,8,616.903146206,616.903146206,45,134,74.6666666667,51.3841739579,2640.3333333333,0,0,0,0,0,0,0,0,1,112.0,45.0,134.0,0,0,0,0,0,0,1,45,1,134,-1,-1,0,8,0.0,0.0,0,0,0.0,0.0,0,0,Benign,Friday,False,Normal
3389,6,23/02/2018 10:48:24,1820520,8,7,1144,1581,677,0,143.0,227.9699228282,1173,0,225.8571428571,430.0986044197,1496.8250829433,8.2394041263,130037.142857143,245589.352094682,953135,88,1820520,260074.285714286,390146.162530452,1137259,88,1686236,281039.333333333,329804.724246738,953135,134516,0,0,0,0,172,152,4.3943488674,3.8450552589,0,1173,170.3125,319.402717323,102018.095833333,0,0,1,1,0,0,0,1,0,181.6666666667,143.0,225.8571428571,0,0,0,0,0,0,8,1144,7,1581,8192,62856,5,20,0.0,0.0,0,0,0.0,0.0,0,0,Benign,Friday,False,Normal
6546,6,23/02/2018 02:17:09,134,2,0,0,0,0,0,0.0,0.0,0,0,0.0,0.0,0.0,14925.3731343284,134.0,0.0,134,134,134,134.0,0.0,134,134,0,0.0,0.0,0,0,0,0,0,0,40,0,14925.3731343284,0.0,0,0,0.0,0.0,0.0,0,0,0,0,1,0,0,0,0,0.0,0.0,0.0,0,0,0,0,0,0,2,0,0,0,64676,-1,0,20,0.0,0.0,0,0,0.0,0.0,0,0,Benign,Friday,False,Normal
53,17,23/02/2018 11:17:58,466,1,1,38,166,38,38,38.0,0.0,166,166,166.0,0.0,437768.240343348,4291.8454935622,466.0,0.0,466,466,0,0.0,0.0,0,0,0,0.0,0.0,0,0,0,0,0,0,8,8,2145.9227467811,2145.9227467811,38,166,80.6666666667,73.9008344563,5461.3333333333,0,0,0,0,0,0,0,0,1,121.0,38.0,166.0,0,0,0,0,0,0,1,38,1,166,-1,-1,0,8,0.0,0.0,0,0,0.0,0.0,0,0,Benign,Friday,False,Normal
3389,6,23/02/2018 04:50:24,2338248,8,7,1132,1581,661,0,141.5,222.792023453,1173,0,225.8571428571,430.0986044197,1160.2704246941,6.4150594804,167017.714285714,253819.809604684,953091,93,2338248,334035.428571429,434910.183329025,1295093,124,2055566,342594.333333333,304846.881231655,953091,157775,0,0,0,0,168,148,3.4213650562,2.9936944242,0,1173,169.5625,317.7627980638,100973.195833333,0,0,0,1,0,0,0,0,0,180.8666666667,141.5,225.8571428571,0,0,0,0,0,0,8,1132,7,1581,8192,62868,5,20,0.0,0.0,0,0,0.0,0.0,0,0,Benign,Friday,False,Normal
53,17,23/02/2018 02:57:35,535,1,1,34,162,34,34,34.0,0.0,162,162,162.0,0.0,366355.140186916,3738.3177570094,535.0,0.0,535,535,0,0.0,0.0,0,0,0,0.0,0.0,0,0,0,0,0,0,8,8,1869.1588785047,1869.1588785047,34,162,76.6666666667,73.9008344563,5461.3333333333,0,0,0,0,0,0,0,0,1,115.0,34.0,162.0,0,0,0,0,0,0,1,34,1,162,-1,-1,0,8,0.0,0.0,0,0,0.0,0.0,0,0,Benign,Friday,False,Normal
53479,6,23/02/2018 01:11:22,147,2,0,0,0,0,0,0.0,0.0,0,0,0.0,0.0,0.0,13605.4421768707,147.0,0.0,147,147,147,147.0,0.0,147,147,0,0.0,0.0,0,0,0,0,0,0,40,0,13605.4421768707,0.0,0,0,0.0,0.0,0.0,0,0,0,0,1,0,0,0,0,0.0,0.0,0.0,0,0,0,0,0,0,2,0,0,0,255,-1,0,20,0.0,0.0,0,0,0.0,0.0,0,0,Benign,Friday,False,Normal
53,17,23/02/2018 04:14:02,417,1,1,51,67,51,51,51.0,0.0,67,67,67.0,0.0,282973.621103118,4796.1630695444,417.0,0.0,417,417,0,0.0,0.0,0,0,0,0.0,0.0,0,0,0,0,0,0,8,8,2398.0815347722,2398.0815347722,51,67,56.3333333333,9.237604307,85.3333333333,0,0,0,0,0,0,0,0,1,84.5,51.0,67.0,0,0,0,0,0,0,1,51,1,67,-1,-1,0,8,0.0,0.0,0,0,0.0,0.0,0,0,Benign,Friday,False,Normal
3389,6,23/02/2018 09:29:02,1843449,8,7,1144,1581,677,0,143.0,227.9699228282,1173,0,225.8571428571,430.0986044197,1478.2074253207,8.1369216073,131674.928571429,245547.286967599,953089,4,1843449,263349.857142857,392150.22497568,1144770,4,1704665,284110.833333333,328359.790994218,953089,137977,0,0,0,0,172,152,4.3396915239,3.7972300834,0,1173,170.3125,319.402717323,102018.095833333,0,0,1,1,0,0,0,1,0,181.6666666667,143.0,225.8571428571,0,0,0,0,0,0,8,1144,7,1581,8192,62856,5,20,0.0,0.0,0,0,0.0,0.0,0,0,Benign,Friday,False,Normal
80,6,23/02/2018 08:31:33,4666,2,0,0,0,0,0,0.0,0.0,0,0,0.0,0.0,0.0,428.6326618088,4666.0,0.0,4666,4666,4666,4666.0,0.0,4666,4666,0,0.0,0.0,0,0,0,0,0,0,40,0,428.6326618088,0.0,0,0,0.0,0.0,0.0,0,0,0,0,1,0,0,0,0,0.0,0.0,0.0,0,0,0,0,0,0,2,0,0,0,255,-1,0,20,0.0,0.0,0,0,0.0,0.0,0,0,Benign,Friday,False,Normal
443,6,23/02/2018 09:10:26,210,2,0,0,0,0,0,0.0,0.0,0,0,0.0,0.0,0.0,9523.8095238095,210.0,0.0,210,210,210,210.0,0.0,210,210,0,0.0,0.0,0,0,0,0,0,0,40,0,9523.8095238095,0.0,0,0,0.0,0.0,0.0,0,0,0,0,1,0,0,0,0,0.0,0.0,0.0,0,0,0,0,0,0,2,0,0,0,256,-1,0,20,0.0,0.0,0,0,0.0,0.0,0,0,Benign,Friday,False,Normal
3389,6,23/02/2018 09:32:17,4173977,14,8,1436,1731,725,0,102.5714285714,191.0918886037,1179,0,216.375,405.4647906151,758.7487904222,5.27075257,198760.80952381,242920.769333464,953280,69,4173977,321075.153846154,323868.481573114,1244440,48667,4062359,580337.0,317894.878234928,953280,160339,0,0,0,0,292,172,3.3541152718,1.9166372982,0,1179,137.6956521739,278.9001833147,77785.3122529644,0,0,1,1,0,0,0,1,0,143.9545454545,102.5714285714,216.375,0,0,0,0,0,0,14,1436,8,1731,8192,62649,7,20,0.0,0.0,0,0,0.0,0.0,0,0,Benign,Friday,False,Normal
443,6,23/02/2018 09:44:25,3322982,9,21,1349,5911,485,0,149.8888888889,206.2107201653,1460,0,281.4761904762,519.5837390688,2184.7846301906,9.0280356619,114585.586206897,492908.21335486,2673186,0,3322982,415372.75,915868.683795062,2673186,276,541128,27056.4,32806.7356874036,88088,0,0,0,0,0,192,432,2.7084106986,6.3196249634,0,1460,234.1935483871,443.6698787278,196842.961290323,0,0,0,1,0,0,0,0,2,242.0,149.8888888889,281.4761904762,0,0,0,0,0,0,9,1349,21,5911,8192,256,4,20,0.0,0.0,0,0,0.0,0.0,0,0,Benign,Friday,False,Normal
3389,6,23/02/2018 09:56:32,4035867,15,9,1456,1731,741,0,97.0666666667,189.8286696195,1179,0,192.3333333333,386.0744746807,789.6692334014,5.9466776284,175472.47826087,245924.914190355,968772,19,4035867,288276.214285714,334064.176825163,1224391,18907,4009593,501199.125,371648.897949371,1062440,47097,0,0,0,0,312,192,3.7166735177,2.2300041106,0,1179,127.48,271.1776969689,73537.3433333333,0,0,1,1,0,0,0,1,0,132.7916666667,97.0666666667,192.3333333333,0,0,0,0,0,0,15,1456,9,1731,8192,62544,7,20,0.0,0.0,0,0,0.0,0.0,0,0,Benign,Friday,False,Normal
443,6,23/02/2018 10:03:14,3807975,9,31,1349,5911,485,0,149.8888888889,206.2107201653,1460,0,190.6774193548,444.8241890228,1906.5251216198,10.5042706425,97640.3846153846,469552.442539344,2921581,0,3807975,475996.875,1004176.1252392,2921581,284,799567,26652.2333333333,80733.7126683738,387600,0,0,0,0,0,192,632,2.3634608946,8.140809748,0,1460,177.0731707317,397.4915967819,157999.569512195,0,0,0,1,0,0,0,0,3,181.5,149.8888888889,190.6774193548,0,0,0,0,0,0,9,1349,31,5911,8192,256,4,20,0.0,0.0,0,0,0.0,0.0,0,0,Benign,Friday,False,Normal
50436,6,23/02/2018 10:04:13,62,2,1,0,0,0,0,0.0,0.0,0,0,0.0,0.0,0.0,48387.0967741936,31.0,5.6568542495,35,27,62,62.0,0.0,62,62,0,0.0,0.0,0,0,0,0,0,0,40,20,32258.064516129,16129.0322580645,0,0,0.0,0.0,0.0,0,0,0,0,1,1,0,0,0,0.0,0.0,0.0,0,0,0,0,0,0,2,0,1,0,4736,256,0,20,0.0,0.0,0,0,0.0,0.0,0,0,Benign,Friday,False,Normal
3389,6,23/02/2018 10:09:41,4070900,14,8,1435,1731,725,0,102.5,191.1160541499,1179,0,216.375,405.4647906151,777.7150015967,5.4042103712,193852.380952381,282081.583877692,945857,36,4070900,313146.153846154,378704.850355974,1254166,12144,4021614,574516.285714286,372563.139924727,1007542,165995,0,0,0,0,292,172,3.4390429635,1.9651674077,0,1179,137.652173913,278.9156941208,77793.9644268775,0,0,1,1,0,0,0,1,0,143.9090909091,102.5,216.375,0,0,0,0,0,0,14,1435,8,1731,8192,62565,7,20,0.0,0.0,0,0,0.0,0.0,0,0,Benign,Friday,False,Normal
53,17,23/02/2018 09:11:03,354,1,1,77,205,77,77,77.0,0.0,205,205,205.0,0.0,796610.169491526,5649.7175141243,354.0,0.0,354,354,0,0.0,0.0,0,0,0,0.0,0.0,0,0,0,0,0,0,8,8,2824.8587570622,2824.8587570622,77,205,119.6666666667,73.9008344563,5461.3333333333,0,0,0,0,0,0,0,0,1,179.5,77.0,205.0,0,0,0,0,0,0,1,77,1,205,-1,-1,0,8,0.0,0.0,0,0,0.0,0.0,0,0,Benign,Friday,False,Normal
443,6,23/02/2018 10:03:03,504054,7,7,1429,4696,1100,0,204.1428571429,403.1883052915,1460,0,670.8571428571,658.7221034122,12151.4758339384,27.7748019061,38773.3846153846,51865.2034420935,186790,1,504054,84009.0,52390.37959015,186790,39470,422513,70418.8333333333,97782.7187930806,250238,1,0,0,0,0,152,152,13.8874009531,13.8874009531,0,1460,408.3333333333,568.197484113,322848.380952381,0,0,0,1,0,0,0,0,1,437.5,204.1428571429,670.8571428571,0,0,0,0,0,0,7,1429,7,4696,8192,1026,3,20,0.0,0.0,0,0,0.0,0.0,0,0,Benign,Friday,False,Normal
443,6,23/02/2018 09:12:13,26239112,4,2,46,92,46,0,11.5,23.0,46,46,46.0,0.0,5.2593243247,0.228666275,5247822.4,11687468.4228181,26154958,21,26239112,8746370.66666667,15076320.5503969,26154958,6628,67680,67680.0,0.0,67680,67680,1,0,0,0,92,40,0.1524441833,0.0762220917,0,46,26.2857142857,24.5880342559,604.5714285714,0,1,0,0,1,0,0,0,0,30.6666666667,11.5,46.0,0,0,0,0,0,0,4,46,2,92,258,123,0,20,84154.0,0.0,84154,84154,26154958.0,0.0,26154958,26154958,Benign,Friday,False,Normal
443,6,23/02/2018 10:18:02,349090,7,7,1429,4696,1100,0,204.1428571429,403.1883052915,1460,0,670.8571428571,658.7221034122,17545.6186083818,40.1042711049,26853.0769230769,46686.7197524477,172924,2,349090,58181.6666666667,63291.3141328782,172924,1430,276981,46163.5,77466.4111050719,199271,2,0,0,0,0,152,152,20.0521355524,20.0521355524,0,1460,408.3333333333,568.197484113,322848.380952381,0,0,0,1,0,0,0,0,1,437.5,204.1428571429,670.8571428571,0,0,0,0,0,0,7,1429,7,4696,8192,1026,3,20,0.0,0.0,0,0,0.0,0.0,0,0,Benign,Friday,False,Normal
80,6,23/02/2018 09:55:11,116687944,54,90,404,109511,393,0,7.4814814815,53.4538209238,1460,0,1216.7888888889,546.884464812,941.9567800423,1.2340606498,815999.608391608,2696212.27190757,10009908,1,116687944,2201659.32075472,4097348.44877688,10014917,28,111577497,1253679.74157303,3309997.1229396,10021270,1,0,0,0,0,1104,1956,0.4627727437,0.7712879061,0,1460,758.0344827586,729.8459732272,532675.144636016,0,0,0,1,0,0,0,0,1,763.2986111111,7.4814814815,1216.7888888889,0,0,0,0,0,0,54,404,90,109511,8192,119,12,20,141867.272727273,432626.418226648,1446285,11356,10001536.3636364,2993.4196923494,10009908,9999392,Benign,Friday,False,Normal
49999,6,23/02/2018 09:57:59,20,2,0,0,0,0,0,0.0,0.0,0,0,0.0,0.0,0.0,100000.0,20.0,0.0,20,20,20,20.0,0.0,20,20,0,0.0,0.0,0,0,0,0,0,0,40,0,100000.0,0.0,0,0,0.0,0.0,0.0,0,0,0,0,1,0,0,0,0,0.0,0.0,0.0,0,0,0,0,0,0,2,0,0,0,31,-1,0,20,0.0,0.0,0,0,0.0,0.0,0,0,Benign,Friday,False,Normal
80,6,23/02/2018 10:57:10,84,2,0,0,0,0,0,0.0,0.0,0,0,0.0,0.0,0.0,23809.5238095238,84.0,0.0,84,84,84,84.0,0.0,84,84,0,0.0,0.0,0,0,0,0,0,0,40,0,23809.5238095238,0.0,0,0,0.0,0.0,0.0,0,0,0,0,1,0,0,0,0,0.0,0.0,0.0,0,0,0,0,0,0,2,0,0,0,278,-1,0,20,0.0,0.0,0,0,0.0,0.0,0,0,Benign,Friday,False,Normal
80,6,23/02/2018 01:50:13,6003602,4,4,97,231,97,0,24.25,48.5,231,0,57.75,115.5,54.6338681345,1.3325333691,857657.428571429,2241893.25720977,5941530,46,62072,20690.6666666667,35559.3075345026,61751,127,6003454,2001151.33333333,3465622.93332791,6002908,233,0,0,0,0,92,92,0.6662666846,0.6662666846,0,231,36.4444444444,79.6996096463,6352.0277777778,0,0,0,1,0,0,0,0,1,41.0,24.25,57.75,0,0,0,0,0,0,4,97,4,231,8192,141,1,20,0.0,0.0,0,0,0.0,0.0,0,0,Benign,Friday,False,Normal
0,0,23/02/2018 02:31:22,112641052,3,0,0,0,0,0,0.0,0.0,0,0,0.0,0.0,0.0,0.026633274,56320526.0,80.6101730553,56320583,56320469,112641052,56320526.0,80.6101730553,56320583,56320469,0,0.0,0.0,0,0,0,0,0,0,0,0,0.026633274,0.0,0,0,0.0,0.0,0.0,0,0,0,0,0,0,0,0,0,0.0,0.0,0.0,0,0,0,0,0,0,3,0,0,0,-1,-1,0,0,0.0,0.0,0,0,56320526.0,80.6101730553,56320583,56320469,Benign,Friday,False,Normal
53,17,23/02/2018 09:56:11,305,1,1,51,179,51,51,51.0,0.0,179,179,179.0,0.0,754098.360655738,6557.3770491803,305.0,0.0,305,305,0,0.0,0.0,0,0,0,0.0,0.0,0,0,0,0,0,0,8,8,3278.6885245902,3278.6885245902,51,179,93.6666666667,73.9008344563,5461.3333333333,0,0,0,0,0,0,0,0,1,140.5,51.0,179.0,0,0,0,0,0,0,1,51,1,179,-1,-1,0,8,0.0,0.0,0,0,0.0,0.0,0,0,Benign,Friday,False,Normal
53,17,23/02/2018 12:14:37,29212,2,2,74,186,37,37,37.0,0.0,93,93,93.0,0.0,8900.4518690949,136.9300287553,9737.3333333333,15790.9575812657,27968,328,28884,28884.0,0.0,28884,28884,1244,1244.0,0.0,1244,1244,0,0,0,0,16,16,68.4650143777,68.4650143777,37,93,59.4,30.6724632203,940.8,0,0,0,0,0,0,0,0,1,74.25,37.0,93.0,0,0,0,0,0,0,2,74,2,186,-1,-1,1,8,0.0,0.0,0,0,0.0,0.0,0,0,Benign,Friday,False,Normal
443,6,23/02/2018 04:49:13,116350429,21,19,875,4393,514,0,41.6666666667,118.7086068208,1460,0,231.2105263158,512.7872180487,45.2770139765,0.3437890203,2983344.33333333,4543192.53487123,10016295,1,116350429,5817521.45,4925931.00751405,10046696,25,110643227,6146845.94444444,5012425.28225353,10046679,1,0,0,0,0,432,524,0.1804892357,0.1632997847,0,1460,128.487804878,367.0912776103,134756.006097561,0,0,0,1,0,0,0,0,0,131.7,41.6666666667,231.2105263158,0,0,0,0,0,0,21,875,19,4393,8192,980,15,20,59491.5,100805.842055183,379593,30345,9636375.5,1247070.81878008,10016295,5676862,Benign,Friday,False,Normal
445,6,23/02/2018 03:12:52,1100128,6,5,455,338,140,0,75.8333333333,62.9362110924,145,0,67.6,69.7588704037,720.8252130661,9.998836499,110012.8,138816.751331306,271795,4,1100046,220009.2,123084.040487384,283004,4,1100029,275007.25,5135.4250310953,282126,270982,0,0,0,0,132,112,5.4539108177,4.5449256814,0,145,66.0833333333,63.40269328,4019.9015151515,0,0,0,1,0,0,0,0,0,72.0909090909,75.8333333333,67.6,0,0,0,0,0,0,6,455,5,338,8192,0,4,20,0.0,0.0,0,0,0.0,0.0,0,0,Benign,Friday,False,Normal
53,17,23/02/2018 04:49:14,2452,1,1,42,123,42,42,42.0,0.0,123,123,123.0,0.0,67292.0065252855,815.660685155,2452.0,0.0,2452,2452,0,0.0,0.0,0,0,0,0.0,0.0,0,0,0,0,0,0,8,8,407.8303425775,407.8303425775,42,123,69.0,46.7653718044,2187.0,0,0,0,0,0,0,0,0,1,103.5,42.0,123.0,0,0,0,0,0,0,1,42,1,123,-1,-1,0,8,0.0,0.0,0,0,0.0,0.0,0,0,Benign,Friday,False,Normal
53,17,23/02/2018 10:08:09,244,1,1,74,202,74,74,74.0,0.0,202,202,202.0,0.0,1131147.54098361,8196.7213114754,244.0,0.0,244,244,0,0.0,0.0,0,0,0,0.0,0.0,0,0,0,0,0,0,8,8,4098.3606557377,4098.3606557377,74,202,116.6666666667,73.9008344563,5461.3333333333,0,0,0,0,0,0,0,0,1,175.0,74.0,202.0,0,0,0,0,0,0,1,74,1,202,-1,-1,0,8,0.0,0.0,0,0,0.0,0.0,0,0,Benign,Friday,False,Normal
53,17,23/02/2018 10:31:08,307,1,1,35,51,35,35,35.0,0.0,51,51,51.0,0.0,280130.293159609,6514.657980456,307.0,0.0,307,307,0,0.0,0.0,0,0,0,0.0,0.0,0,0,0,0,0,0,8,8,3257.328990228,3257.328990228,35,51,40.3333333333,9.237604307,85.3333333333,0,0,0,0,0,0,0,0,1,60.5,35.0,51.0,0,0,0,0,0,0,1,35,1,51,-1,-1,0,8,0.0,0.0,0,0,0.0,0.0,0,0,Benign,Friday,False,Normal
51201,6,23/02/2018 11:19:32,27,1,1,0,0,0,0,0.0,0.0,0,0,0.0,0.0,0.0,74074.0740740741,27.0,0.0,27,27,0,0.0,0.0,0,0,0,0.0,0.0,0,0,0,0,0,0,20,20,37037.037037037,37037.037037037,0,0,0.0,0.0,0.0,0,0,0,0,1,1,0,0,1,0.0,0.0,0.0,0,0,0,0,0,0,1,0,1,0,31490,63630,0,20,0.0,0.0,0,0,0.0,0.0,0,0,Benign,Friday,False,Normal
53,17,23/02/2018 09:55:15,294,1,1,43,59,43,43,43.0,0.0,59,59,59.0,0.0,346938.775510204,6802.7210884354,294.0,0.0,294,294,0,0.0,0.0,0,0,0,0.0,0.0,0,0,0,0,0,0,8,8,3401.3605442177,3401.3605442177,43,59,48.3333333333,9.237604307,85.3333333333,0,0,0,0,0,0,0,0,1,72.5,43.0,59.0,0,0,0,0,0,0,1,43,1,59,-1,-1,0,8,0.0,0.0,0,0,0.0,0.0,0,0,Benign,Friday,False,Normal
59107,6,23/02/2018 08:19:53,34,2,0,0,0,0,0,0.0,0.0,0,0,0.0,0.0,0.0,58823.5294117647,34.0,0.0,34,34,34,34.0,0.0,34,34,0,0.0,0.0,0,0,0,0,0,0,40,0,58823.5294117647,0.0,0,0,0.0,0.0,0.0,0,0,0,0,1,0,0,0,0,0.0,0.0,0.0,0,0,0,0,0,0,2,0,0,0,256,-1,0,20,0.0,0.0,0,0,0.0,0.0,0,0,Benign,Friday,False,Normal
53,17,23/02/2018 09:55:47,11742,1,1,34,50,34,34,34.0,0.0,50,50,50.0,0.0,7153.8068472151,170.3287344575,11742.0,0.0,11742,11742,0,0.0,0.0,0,0,0,0.0,0.0,0,0,0,0,0,0,8,8,85.1643672288,85.1643672288,34,50,39.3333333333,9.237604307,85.3333333333,0,0,0,0,0,0,0,0,1,59.0,34.0,50.0,0,0,0,0,0,0,1,34,1,50,-1,-1,0,8,0.0,0.0,0,0,0.0,0.0,0,0,Benign,Friday,False,Normal
443,6,23/02/2018 08:27:09,110529496,36,36,6357,7941,529,0,176.5833333333,252.5522718171,662,0,220.5833333333,316.3771144875,129.3591350493,0.6514098282,1556753.46478873,3621068.75732543,9962646,1543,110529496,3157985.6,4668072.84700346,9962646,2092,110455888,3155882.51428571,4718620.56628882,10026877,1543,0,0,0,0,720,720,0.3257049141,0.3257049141,0,662,195.8767123288,284.0444969643,80681.2762557077,0,0,0,0,1,0,0,0,1,198.5972222222,176.5833333333,220.5833333333,0,0,0,0,0,0,36,6357,36,7941,62918,18939,23,20,87183.7272727273,14366.0071772981,109426,78063,9953851.90909091,2916.7993230438,9962646,9952929,Benign,Friday,False,Normal
80,6,23/02/2018 08:31:13,707,3,4,161,488,161,0,53.6666666667,92.9533933395,488,0,122.0,244.0,917963.224893918,9900.9900990099,117.8333333333,78.5809561323,216,0,398,199.0,96.1665222414,267,131,491,163.6666666667,166.5723066219,333,0,0,0,0,0,72,92,4243.2814710043,5657.7086280057,0,488,81.125,173.7875858627,30202.125,0,0,0,1,0,0,0,0,1,92.7142857143,53.6666666667,122.0,0,0,0,0,0,0,3,161,4,488,8192,149,1,20,0.0,0.0,0,0,0.0,0.0,0,0,Benign,Friday,False,Normal
443,6,23/02/2018 09:10:30,116176383,32,76,5263,12883,1316,0,164.46875,442.1061749848,1059,0,169.5131578947,272.0690350344,156.1935354796,0.929620954,1085760.58878505,1958707.18517996,4962327,0,116176383,3747625.25806452,2017714.01245277,5140541,115735,116125518,1548340.24,2226127.67021783,5020431,0,0,0,0,0,640,1520,0.2754432456,0.6541777084,0,1316,166.4770642202,328.2861668414,107771.80733945,0,0,0,0,1,0,0,0,2,168.0185185185,164.46875,169.5131578947,0,0,0,0,0,0,32,5263,76,12883,5564,5565,4,20,0.0,0.0,0,0,0.0,0.0,0,0,Benign,Friday,False,Normal
80,6,23/02/2018 10:15:58,530,3,4,161,488,161,0,53.6666666667,92.9533933395,488,0,122.0,244.0,1224528.30188679,13207.5471698113,88.3333333333,58.243168412,144,1,305,152.5,33.2340187158,176,129,386,128.6666666667,144.1538529951,285,1,0,0,0,0,72,92,5660.3773584906,7547.1698113208,0,488,81.125,173.7875858627,30202.125,0,0,0,1,0,0,0,0,1,92.7142857143,53.6666666667,122.0,0,0,0,0,0,0,3,161,4,488,8192,149,1,20,0.0,0.0,0,0,0.0,0.0,0,0,Benign,Friday,False,Normal
80,6,23/02/2018 10:49:08,115958375,16,14,445,706,434,0,27.8125,108.3175693659,706,0,50.4285714286,188.6864367902,9.9259755925,0.2587135254,3998564.65517241,4883265.80466264,10004048,36,115958375,7730558.33333333,4117778.34267819,10015506,172,110192417,8476339.76923077,3756497.73127469,10015734,11623,0,0,0,0,332,424,0.1379805469,0.1207329785,0,706,37.1290322581,146.5227495273,21468.9161290322,0,0,0,1,0,0,0,0,0,38.3666666667,27.8125,50.4285714286,0,0,0,0,0,0,16,445,14,706,8192,172,12,20,25615.2727272727,46714.0483582635,166463,11421,9991876.72727273,39986.9782981682,10004048,9871312,Benign,Friday,False,Normal
443,6,23/02/2018 12:28:05,59300671,12,15,912,3461,570,0,76.0,169.4885354128,1460,0,230.7333333333,506.8563429424,73.7428417968,0.4553068211,2280795.03846154,4217060.6241864,10005486,0,50281376,4571034.18181818,5223697.21808416,10093599,239,59289183,4234941.64285714,5069411.30036276,10096359,0,0,0,0,0,252,372,0.2023585871,0.2529482339,0,1460,156.1785714286,389.5651948074,151761.041005291,0,0,0,1,0,0,0,0,1,161.962962963,76.0,230.7333333333,0,0,0,0,0,0,12,912,15,3461,8192,114,8,20,60649.5,52158.9977386453,147173,11453,9822795.66666667,424109.078497816,10005486,8957739,Benign,Friday,False,Normal
443,6,23/02/2018 01:04:40,257,3,0,77,0,46,0,25.6666666667,23.4591844132,0,0,0.0,0.0,299610.894941634,11673.1517509728,128.5,152.0279579551,236,21,257,128.5,152.0279579551,236,21,0,0.0,0.0,0,0,1,0,0,0,60,0,11673.1517509728,0.0,0,46,30.75,21.6852484422,470.25,0,1,0,0,1,0,0,0,0,41.0,25.6666666667,0.0,0,0,0,0,0,0,3,77,0,0,256,-1,1,20,0.0,0.0,0,0,0.0,0.0,0,0,Benign,Friday,False,Normal
18689,6,23/02/2018 04:39:34,86232491,2,0,0,0,0,0,0.0,0.0,0,0,0.0,0.0,0.0,0.0231931141,86232491.0,0.0,86232491,86232491,86232491,86232491.0,0.0,86232491,86232491,0,0.0,0.0,0,0,0,0,0,0,40,0,0.0231931141,0.0,0,0,0.0,0.0,0.0,0,0,0,0,1,0,0,0,0,0.0,0.0,0.0,0,0,0,0,0,0,2,0,0,0,62559,-1,0,20,0.0,0.0,0,0,86232491.0,0.0,86232491,86232491,Benign,Friday,False,Normal
0,0,23/02/2018 11:34:13,4999335,2,0,0,0,0,0,0.0,0.0,0,0,0.0,0.0,0.0,0.4000532071,4999335.0,0.0,4999335,4999335,4999335,4999335.0,0.0,4999335,4999335,0,0.0,0.0,0,0,0,0,0,0,0,0,0.4000532071,0.0,0,0,0.0,0.0,0.0,0,0,0,0,0,0,0,0,0,0.0,0.0,0.0,0,0,0,0,0,0,2,0,0,0,-1,-1,0,0,0.0,0.0,0,0,0.0,0.0,0,0,Benign,Friday,False,Normal
33403,6,23/02/2018 04:10:06,85998242,2,0,0,0,0,0,0.0,0.0,0,0,0.0,0.0,0.0,0.0232562894,85998242.0,0.0,85998242,85998242,85998242,85998242.0,0.0,85998242,85998242,0,0.0,0.0,0,0,0,0,0,0,40,0,0.0232562894,0.0,0,0,0.0,0.0,0.0,0,0,0,0,1,0,0,0,0,0.0,0.0,0.0,0,0,0,0,0,0,2,0,0,0,62541,-1,0,20,0.0,0.0,0,0,85998242.0,0.0,85998242,85998242,Benign,Friday,False,Normal
3389,6,23/02/2018 10:04:39,2509640,9,7,1144,1581,677,0,127.1111111111,218.5088353159,1173,0,225.8571428571,430.0986044197,1085.8131046684,6.3754163944,167309.333333333,253216.29299606,937499,3,2509640,313705.0,364154.838914124,1139110,3,2371914,395319.0,374691.615337733,937499,139218,0,0,0,0,192,152,3.5861717218,2.7892446725,0,1173,160.2941176471,312.0067636899,97348.2205882353,0,0,0,1,0,0,0,0,0,170.3125,127.1111111111,225.8571428571,0,0,0,0,0,0,9,1144,7,1581,8192,62856,5,20,0.0,0.0,0,0,0.0,0.0,0,0,Benign,Friday,False,Normal
53,17,23/02/2018 11:47:40,1093,1,1,63,128,63,63,63.0,0.0,128,128,128.0,0.0,174748.398902104,1829.8261665142,1093.0,0.0,1093,1093,0,0.0,0.0,0,0,0,0.0,0.0,0,0,0,0,0,0,8,8,914.9130832571,914.9130832571,63,128,84.6666666667,37.5277674973,1408.3333333333,0,0,0,0,0,0,0,0,1,127.0,63.0,128.0,0,0,0,0,0,0,1,63,1,128,-1,-1,0,8,0.0,0.0,0,0,0.0,0.0,0,0,Benign,Friday,False,Normal
53,17,23/02/2018 11:16:07,660,1,1,65,147,65,65,65.0,0.0,147,147,147.0,0.0,321212.121212121,3030.303030303,660.0,0.0,660,660,0,0.0,0.0,0,0,0,0.0,0.0,0,0,0,0,0,0,8,8,1515.1515151515,1515.1515151515,65,147,92.3333333333,47.3427220735,2241.3333333333,0,0,0,0,0,0,0,0,1,138.5,65.0,147.0,0,0,0,0,0,0,1,65,1,147,-1,-1,0,8,0.0,0.0,0,0,0.0,0.0,0,0,Benign,Friday,False,Normal
50563,6,23/02/2018 11:19:01,82,1,1,0,0,0,0,0.0,0.0,0,0,0.0,0.0,0.0,24390.243902439,82.0,0.0,82,82,0,0.0,0.0,0,0,0,0.0,0.0,0,0,0,0,0,0,20,20,12195.1219512195,12195.1219512195,0,0,0.0,0.0,0.0,0,0,0,0,1,1,0,0,1,0.0,0.0,0.0,0,0,0,0,0,0,1,0,1,0,240,256,0,20,0.0,0.0,0,0,0.0,0.0,0,0,Benign,Friday,False,Normal
50288,6,23/02/2018 09:37:12,272592,2,0,0,0,0,0,0.0,0.0,0,0,0.0,0.0,0.0,7.3369724717,272592.0,0.0,272592,272592,272592,272592.0,0.0,272592,272592,0,0.0,0.0,0,0,0,0,0,0,40,0,7.3369724717,0.0,0,0,0.0,0.0,0.0,0,0,0,0,1,0,0,0,0,0.0,0.0,0.0,0,0,0,0,0,0,2,0,0,0,4811,-1,0,20,0.0,0.0,0,0,0.0,0.0,0,0,Benign,Friday,False,Normal
445,6,23/02/2018 11:42:42,123932,3,1,0,0,0,0,0.0,0.0,0,0,0.0,0.0,0.0,32.2757641287,41310.6666666667,70721.8262655408,122972,97,123932,61966.0,86412.6913016832,123069,863,0,0.0,0.0,0,0,0,0,0,0,72,32,24.2068230965,8.0689410322,0,0,0.0,0.0,0.0,0,0,0,1,0,0,0,0,0,0.0,0.0,0.0,0,0,0,0,0,0,3,0,1,0,8192,8192,0,20,0.0,0.0,0,0,0.0,0.0,0,0,Benign,Friday,False,Normal
445,6,23/02/2018 12:08:16,285244,3,1,0,0,0,0,0.0,0.0,0,0,0.0,0.0,0.0,14.023081993,95081.3333333334,164599.970815105,285145,1,285244,142622.0,201696.552479213,285243,1,0,0.0,0.0,0,0,0,0,0,0,72,32,10.5173114947,3.5057704982,0,0,0.0,0.0,0.0,0,0,0,1,0,0,0,0,0,0.0,0.0,0.0,0,0,0,0,0,0,3,0,1,0,8192,8192,0,20,0.0,0.0,0,0,0.0,0.0,0,0,Benign,Friday,False,Normal
80,6,23/02/2018 12:50:07,5416417,4,4,97,231,97,0,24.25,48.5,231,0,57.75,115.5,60.556637349,1.4769911549,773773.857142857,2019949.23138812,5354298,42,62119,20706.3333333333,35524.1515075777,61726,122,5416188,1805396.0,3126429.65070958,5415486,282,0,0,0,0,92,92,0.7384955774,0.7384955774,0,231,36.4444444444,79.6996096463,6352.0277777778,0,0,0,1,0,0,0,0,1,41.0,24.25,57.75,0,0,0,0,0,0,4,97,4,231,8192,141,1,20,0.0,0.0,0,0,0.0,0.0,0,0,Benign,Friday,False,Normal
80,6,23/02/2018 02:16:08,6192153,4,4,97,231,97,0,24.25,48.5,231,0,57.75,115.5,52.970267369,1.2919577407,884593.285714286,2313199.5353421,6130184,44,61969,20656.3333333333,35431.4989851309,61569,120,6191917,2063972.33333333,3574358.48535738,6191286,248,0,0,0,0,92,92,0.6459788704,0.6459788704,0,231,36.4444444444,79.6996096463,6352.0277777778,0,0,0,1,0,0,0,0,1,41.0,24.25,57.75,0,0,0,0,0,0,4,97,4,231,8192,141,1,20,0.0,0.0,0,0,0.0,0.0,0,0,Benign,Friday,False,Normal
137,17,23/02/2018 03:30:51,81200950,9,0,450,0,50,50,50.0,0.0,0,0,0.0,0.0,5.5418070848,0.1108361417,10150118.75,21134127.0287568,60812252,750024,81200950,10150118.75,21134127.0287568,60812252,750024,0,0.0,0.0,0,0,0,0,0,0,72,0,0.1108361417,0.0,50,50,50.0,0.0,0.0,0,0,0,0,0,0,0,0,0,55.5555555556,50.0,0.0,0,0,0,0,0,0,9,450,0,0,-1,-1,8,8,1530869.0,24495.5931138644,1548190,1513548,38297434.5,31840760.2628551,60812252,15782617,Benign,Friday,False,Normal
53,17,23/02/2018 09:28:14,530,1,1,27,109,27,27,27.0,0.0,109,109,109.0,0.0,256603.773584906,3773.5849056604,530.0,0.0,530,530,0,0.0,0.0,0,0,0,0.0,0.0,0,0,0,0,0,0,8,8,1886.7924528302,1886.7924528302,27,109,54.3333333333,47.3427220735,2241.3333333333,0,0,0,0,0,0,0,0,1,81.5,27.0,109.0,0,0,0,0,0,0,1,27,1,109,-1,-1,0,8,0.0,0.0,0,0,0.0,0.0,0,0,Benign,Friday,False,Normal
5355,17,23/02/2018 09:07:25,418670,2,0,44,0,22,22,22.0,0.0,0,0,0.0,0.0,105.09470466,4.77703203,418670.0,0.0,418670,418670,418670,418670.0,0.0,418670,418670,0,0.0,0.0,0,0,0,0,0,0,16,0,4.77703203,0.0,22,22,22.0,0.0,0.0,0,0,0,0,0,0,0,0,0,33.0,22.0,0.0,0,0,0,0,0,0,2,44,0,0,-1,-1,1,8,0.0,0.0,0,0,0.0,0.0,0,0,Benign,Friday,False,Normal
53,17,23/02/2018 09:19:10,13116,1,1,44,100,44,44,44.0,0.0,100,100,100.0,0.0,10978.9569990851,152.4855138762,13116.0,0.0,13116,13116,0,0.0,0.0,0,0,0,0.0,0.0,0,0,0,0,0,0,8,8,76.2427569381,76.2427569381,44,100,62.6666666667,32.3316150746,1045.3333333333,0,0,0,0,0,0,0,0,1,94.0,44.0,100.0,0,0,0,0,0,0,1,44,1,100,-1,-1,0,8,0.0,0.0,0,0,0.0,0.0,0,0,Benign,Friday,False,Normal
59539,6,23/02/2018 12:52:36,125,2,0,0,0,0,0,0.0,0.0,0,0,0.0,0.0,0.0,16000.0,125.0,0.0,125,125,125,125.0,0.0,125,125,0,0.0,0.0,0,0,0,0,0,0,40,0,16000.0,0.0,0,0,0.0,0.0,0.0,0,0,0,0,1,0,0,0,0,0.0,0.0,0.0,0,0,0,0,0,0,2,0,0,0,255,-1,0,20,0.0,0.0,0,0,0.0,0.0,0,0,Benign,Friday,False,Normal
53,17,23/02/2018 09:01:15,312,1,1,55,119,55,55,55.0,0.0,119,119,119.0,0.0,557692.307692308,6410.2564102564,312.0,0.0,312,312,0,0.0,0.0,0,0,0,0.0,0.0,0,0,0,0,0,0,8,8,3205.1282051282,3205.1282051282,55,119,76.3333333333,36.9504172281,1365.3333333333,0,0,0,0,0,0,0,0,1,114.5,55.0,119.0,0,0,0,0,0,0,1,55,1,119,-1,-1,0,8,0.0,0.0,0,0,0.0,0.0,0,0,Benign,Friday,False,Normal
53,17,23/02/2018 11:52:10,313558,2,2,86,142,43,43,43.0,0.0,71,71,71.0,0.0,727.138200907,12.7568105422,104519.333333333,179806.033987554,312141,331,313227,313227.0,0.0,313227,313227,312472,312472.0,0.0,312472,312472,0,0,0,0,16,16,6.3784052711,6.3784052711,43,71,54.2,15.3362316101,235.2,0,0,0,0,0,0,0,0,1,67.75,43.0,71.0,0,0,0,0,0,0,2,86,2,142,-1,-1,1,8,0.0,0.0,0,0,0.0,0.0,0,0,Benign,Friday,False,Normal
53,17,23/02/2018 12:32:45,3082,1,1,50,98,50,50,50.0,0.0,98,98,98.0,0.0,48020.7657365347,648.9292667099,3082.0,0.0,3082,3082,0,0.0,0.0,0,0,0,0.0,0.0,0,0,0,0,0,0,8,8,324.464633355,324.464633355,50,98,66.0,27.7128129211,768.0,0,0,0,0,0,0,0,0,1,99.0,50.0,98.0,0,0,0,0,0,0,1,50,1,98,-1,-1,0,8,0.0,0.0,0,0,0.0,0.0,0,0,Benign,Friday,False,Normal
3389,6,23/02/2018 04:45:39,2986179,11,7,1148,1581,677,0,104.3636363636,202.2944748268,1173,0,225.8571428571,430.0986044197,913.8768975336,6.0277699361,175657.588235294,420634.540542776,1554576,3,2986179,298617.9,539765.948188956,1554576,3,2957366,492894.333333333,651485.020647648,1619364,20218,0,0,0,0,232,152,3.6836371832,2.3441327529,0,1173,143.6315789474,298.5202785828,89114.3567251462,0,0,1,1,0,0,0,1,0,151.6111111111,104.3636363636,225.8571428571,0,0,0,0,0,0,11,1148,7,1581,8192,62852,5,20,0.0,0.0,0,0,0.0,0.0,0,0,Benign,Friday,False,Normal
53,17,23/02/2018 08:43:27,179266,2,2,136,300,68,68,68.0,0.0,150,150,150.0,0.0,2432.1399484565,22.3132105363,59755.3333333333,101191.158711289,176596,416,178850,178850.0,0.0,178850,178850,177012,177012.0,0.0,177012,177012,0,0,0,0,16,16,11.1566052681,11.1566052681,68,150,100.8,44.9132497154,2017.2,0,0,0,0,0,0,0,0,1,126.0,68.0,150.0,0,0,0,0,0,0,2,136,2,300,-1,-1,1,8,0.0,0.0,0,0,0.0,0.0,0,0,Benign,Friday,False,Normal
53,17,23/02/2018 02:11:40,688,1,1,35,63,35,35,35.0,0.0,63,63,63.0,0.0,142441.860465116,2906.9767441861,688.0,0.0,688,688,0,0.0,0.0,0,0,0,0.0,0.0,0,0,0,0,0,0,8,8,1453.488372093,1453.488372093,35,63,44.3333333333,16.1658075373,261.3333333333,0,0,0,0,0,0,0,0,1,66.5,35.0,63.0,0,0,0,0,0,0,1,35,1,63,-1,-1,0,8,0.0,0.0,0,0,0.0,0.0,0,0,Benign,Friday,False,Normal
3389,6,23/02/2018 10:20:30,3432898,11,7,1132,1581,661,0,102.9090909091,197.7723208872,1173,0,225.8571428571,430.0986044197,790.2943810157,5.2433832872,201935.176470588,519297.592429215,2017132,3,3432898,343289.8,665119.046301705,2017132,3,3411364,568560.666666667,821775.098442796,2088315,19832,0,0,0,0,232,152,3.2042897866,2.0390935006,0,1173,142.7894736842,296.9505344044,88179.619883041,0,0,1,1,0,0,0,1,0,150.7222222222,102.9090909091,225.8571428571,0,0,0,0,0,0,11,1132,7,1581,8192,62868,5,20,0.0,0.0,0,0,0.0,0.0,0,0,Benign,Friday,False,Normal
49509,6,23/02/2018 08:18:23,78,3,1,31,0,31,0,10.3333333333,17.8978583449,0,0,0.0,0.0,397435.897435897,51282.0512820513,26.0,22.6053091109,52,11,78,39.0,18.3847763109,52,26,0,0.0,0.0,0,0,0,0,0,0,60,20,38461.5384615385,12820.5128205128,0,31,6.2,13.8636214605,192.2,0,0,0,0,1,0,0,0,0,7.75,10.3333333333,0.0,0,0,0,0,0,0,3,31,1,0,63,0,1,20,0.0,0.0,0,0,0.0,0.0,0,0,Benign,Friday,False,Normal
80,6,23/02/2018 08:42:16,53846402,2,0,0,0,0,0,0.0,0.0,0,0,0.0,0.0,0.0,0.037142686,53846402.0,0.0,53846402,53846402,53846402,53846402.0,0.0,53846402,53846402,0,0.0,0.0,0,0,0,0,0,0,40,0,0.037142686,0.0,0,0,0.0,0.0,0.0,0,0,0,0,1,0,0,0,0,0.0,0.0,0.0,0,0,0,0,0,0,2,0,0,0,279,-1,0,20,0.0,0.0,0,0,0.0,0.0,0,0,Benign,Friday,False,Normal
445,6,23/02/2018 09:35:49,249086,3,1,0,0,0,0,0.0,0.0,0,0,0.0,0.0,0.0,16.0587106461,83028.6666666667,143086.278246145,248250,77,249086,124543.0,175057.011604791,248327,759,0,0.0,0.0,0,0,0,0,0,0,72,32,12.0440329846,4.0146776615,0,0,0.0,0.0,0.0,0,0,0,1,0,0,0,0,0,0.0,0.0,0.0,0,0,0,0,0,0,3,0,1,0,8192,8192,0,20,0.0,0.0,0,0,0.0,0.0,0,0,Benign,Friday,False,Normal
80,6,23/02/2018 09:36:05,73,2,0,0,0,0,0,0.0,0.0,0,0,0.0,0.0,0.0,27397.2602739726,73.0,0.0,73,73,73,73.0,0.0,73,73,0,0.0,0.0,0,0,0,0,0,0,40,0,27397.2602739726,0.0,0,0,0.0,0.0,0.0,0,0,0,0,1,0,0,0,0,0.0,0.0,0.0,0,0,0,0,0,0,2,0,0,0,278,-1,0,20,0.0,0.0,0,0,0.0,0.0,0,0,Benign,Friday,False,Normal
3389,6,23/02/2018 10:06:15,3987854,14,9,1455,1731,741,0,103.9285714286,195.0362744508,1179,0,192.3333333333,386.0744746807,798.9259386126,5.7675130534,181266.090909091,244839.484777838,953116,59,3987854,306758.0,326977.956689489,1211420,65082,3983557,497944.625,319280.973390853,953116,109374,0,0,0,0,292,192,3.5106601195,2.2568529339,0,1179,132.75,275.6920541032,76006.1086956522,0,0,1,1,0,0,0,1,0,138.5217391304,103.9285714286,192.3333333333,0,0,0,0,0,0,14,1455,9,1731,8192,62545,7,20,0.0,0.0,0,0,0.0,0.0,0,0,Benign,Friday,False,Normal
3389,6,23/02/2018 10:16:36,4101827,13,8,1438,1731,725,0,110.6153846154,196.4503917284,1179,0,216.375,405.4647906151,772.5825589426,5.1196698447,205091.35,280493.290989712,953149,63,4101827,341818.916666667,366724.395432284,1222278,27827,4023723,574817.571428571,373270.86492468,1109350,160840,0,0,0,0,272,172,3.1693194277,1.950350417,0,1179,144.0454545455,283.7717857838,80526.4264069264,0,0,1,1,0,0,0,1,0,150.9047619048,110.6153846154,216.375,0,0,0,0,0,0,13,1438,8,1731,8192,62647,7,20,0.0,0.0,0,0,0.0,0.0,0,0,Benign,Friday,False,Normal
3389,6,23/02/2018 10:34:06,3923195,14,8,1435,1731,725,0,102.5,191.1160541499,1179,0,216.375,405.4647906151,806.9953188664,5.6076743573,186818.80952381,268365.165186844,953130,42,3923195,301784.230769231,360944.395401183,1240018,5991,3893038,556148.285714286,358306.346861971,953803,107133,0,0,0,0,292,172,3.5685200455,2.0391543117,0,1179,137.652173913,278.9156941208,77793.9644268775,0,0,1,1,0,0,0,1,0,143.9090909091,102.5,216.375,0,0,0,0,0,0,14,1435,8,1731,8192,62565,7,20,0.0,0.0,0,0,0.0,0.0,0,0,Benign,Friday,False,Normal
443,6,23/02/2018 11:22:02,514,3,0,77,0,46,0,25.6666666667,23.4591844132,0,0,0.0,0.0,149805.447470817,5836.5758754864,257.0,336.5828278448,495,19,514,257.0,336.5828278448,495,19,0,0.0,0.0,0,0,1,0,0,0,60,0,5836.5758754864,0.0,0,46,30.75,21.6852484422,470.25,0,1,0,0,1,0,0,0,0,41.0,25.6666666667,0.0,0,0,0,0,0,0,3,77,0,0,254,-1,1,20,0.0,0.0,0,0,0.0,0.0,0,0,Benign,Friday,False,Normal
445,6,23/02/2018 03:14:08,226220,3,1,0,0,0,0,0.0,0.0,0,0,0.0,0.0,0.0,17.6819025727,75406.6666666667,130543.23137694,226145,0,226220,113110.0,159961.696040021,226220,0,0,0.0,0.0,0,0,0,0,0,0,72,32,13.2614269295,4.4204756432,0,0,0.0,0.0,0.0,0,0,0,1,0,0,0,0,0,0.0,0.0,0.0,0,0,0,0,0,0,3,0,1,0,8192,8192,0,20,0.0,0.0,0,0,0.0,0.0,0,0,Benign,Friday,False,Normal
52715,6,23/02/2018 05:02:54,0,2,0,0,0,0,0,0.0,0.0,0,0,0.0,0.0,788.1881481705,46.3644477415,0.0,0.0,0,0,0,0.0,0.0,0,0,0,0.0,0.0,0,0,0,0,0,0,40,0,0.0,0.0,0,0,0.0,0.0,0.0,0,0,0,0,1,0,0,0,0,0.0,0.0,0.0,0,0,0,0,0,0,2,0,0,0,33,-1,0,20,0.0,0.0,0,0,0.0,0.0,0,0,Benign,Friday,False,Normal
443,6,23/02/2018 05:05:26,119465158,15,14,901,7869,309,0,60.0666666667,94.0664405519,1460,0,562.0714285714,694.0337460523,73.410525268,0.2427486012,4266612.78571429,15181285.8942259,58003321,0,119453942,8532424.42857143,20964377.4230434,58003321,34,119454023,9188771.0,21700619.6993733,58068794,0,0,0,0,0,312,292,0.1255596213,0.1171889799,0,1460,292.3333333333,534.9525491902,286174.229885057,0,0,0,1,0,0,0,0,0,302.4137931034,60.0666666667,562.0714285714,0,0,0,0,0,0,15,901,14,7869,8192,0,7,20,1749045.5,2369453.30546616,3424502,73589,57977925.5,35914.6605232459,58003321,57952530,Benign,Friday,False,Normal
49693,6,23/02/2018 08:34:15,4972531,2,0,0,0,0,0,0.0,0.0,0,0,0.0,0.0,0.0,0.4022096594,4972531.0,0.0,4972531,4972531,4972531,4972531.0,0.0,4972531,4972531,0,0.0,0.0,0,0,0,0,0,0,40,0,0.4022096594,0.0,0,0,0.0,0.0,0.0,0,0,0,0,1,0,0,0,0,0.0,0.0,0.0,0,0,0,0,0,0,2,0,0,0,237,-1,0,20,0.0,0.0,0,0,0.0,0.0,0,0,Benign,Friday,False,Normal
51254,6,23/02/2018 12:02:14,4974632,2,0,0,0,0,0,0.0,0.0,0,0,0.0,0.0,0.0,0.4020397891,4974632.0,0.0,4974632,4974632,4974632,4974632.0,0.0,4974632,4974632,0,0.0,0.0,0,0,0,0,0,0,40,0,0.4020397891,0.0,0,0,0.0,0.0,0.0,0,0,0,0,1,0,0,0,0,0.0,0.0,0.0,0,0,0,0,0,0,2,0,0,0,237,-1,0,20,0.0,0.0,0,0,0.0,0.0,0,0,Benign,Friday,False,Normal
3389,6,23/02/2018 09:39:06,6759659,10,7,1132,1581,661,0,113.2,205.3424240412,1173,0,225.8571428571,430.0986044197,401.3516066417,2.5149197615,422478.6875,985235.769735124,3999582,4,6759659,751073.222222222,1289632.23931842,3999582,4,6162085,1027014.16666667,1658306.69304992,4355726,158709,0,0,0,0,212,152,1.4793645656,1.0355551959,0,1173,150.7222222222,303.4809433993,92100.6830065359,0,0,0,1,0,0,0,0,0,159.5882352941,113.2,225.8571428571,0,0,0,0,0,0,10,1132,7,1581,8192,62868,5,20,0.0,0.0,0,0,0.0,0.0,0,0,Benign,Friday,False,Normal
50347,6,23/02/2018 10:35:58,43,1,1,0,0,0,0,0.0,0.0,0,0,0.0,0.0,0.0,46511.6279069767,43.0,0.0,43,43,0,0.0,0.0,0,0,0,0.0,0.0,0,0,0,0,0,0,20,20,23255.8139534884,23255.8139534884,0,0,0.0,0.0,0.0,0,0,0,0,1,1,0,0,1,0.0,0.0,0.0,0,0,0,0,0,0,1,0,1,0,168,258,0,20,0.0,0.0,0,0,0.0,0.0,0,0,Benign,Friday,False,Normal
53,17,23/02/2018 02:22:54,274,1,1,45,61,45,45,45.0,0.0,61,61,61.0,0.0,386861.313868613,7299.2700729927,274.0,0.0,274,274,0,0.0,0.0,0,0,0,0.0,0.0,0,0,0,0,0,0,8,8,3649.6350364964,3649.6350364964,45,61,50.3333333333,9.237604307,85.3333333333,0,0,0,0,0,0,0,0,1,75.5,45.0,61.0,0,0,0,0,0,0,1,45,1,61,-1,-1,0,8,0.0,0.0,0,0,0.0,0.0,0,0,Benign,Friday,False,Normal
445,6,23/02/2018 10:29:39,250397,2,0,1,0,1,0,0.5,0.7071067812,0,0,0.0,0.0,3.993658071,7.987316142,250397.0,0.0,250397,250397,250397,250397.0,0.0,250397,250397,0,0.0,0.0,0,0,0,0,0,0,52,0,7.987316142,0.0,0,1,0.6666666667,0.5773502692,0.3333333333,0,0,0,0,1,0,0,0,0,1.0,0.5,0.0,0,0,0,0,0,0,2,1,0,0,251,-1,0,20,0.0,0.0,0,0,0.0,0.0,0,0,Benign,Friday,False,Normal
443,6,23/02/2018 11:10:17,256080,8,9,583,6210,249,0,72.875,106.0019373138,1460,0,690.0,678.0648936496,26526.8666041862,66.3855045298,16005.0,31421.6585834251,121895,0,256080,36582.8571428571,56105.9992081315,159023,352,122824,15353.0,18562.3897938046,40681,0,0,0,0,0,172,192,31.2402374258,35.145267104,0,1460,377.3888888889,569.8614009914,324742.016339869,0,0,0,1,0,0,0,0,1,399.5882352941,72.875,690.0,0,0,0,0,0,0,8,583,9,6210,8192,980,3,20,0.0,0.0,0,0,0.0,0.0,0,0,Benign,Friday,False,Normal
80,6,23/02/2018 11:20:17,4552763,4,4,97,231,97,0,24.25,48.5,231,0,57.75,115.5,72.044163072,1.7571747091,650394.714285714,1666238.37871093,4427606,42,125157,41719.0,72016.0780173428,124876,118,4552642,1517547.33333333,2628004.02874774,4552105,239,0,0,0,0,92,92,0.8785873545,0.8785873545,0,231,36.4444444444,79.6996096463,6352.0277777778,0,0,0,1,0,0,0,0,1,41.0,24.25,57.75,0,0,0,0,0,0,4,97,4,231,8192,141,1,20,0.0,0.0,0,0,0.0,0.0,0,0,Benign,Friday,False,Normal
3389,6,23/02/2018 12:04:57,4040804,13,8,1442,1731,725,0,110.9230769231,196.5220350404,1179,0,216.375,405.4647906151,785.2397691153,5.1969855504,202040.2,247092.346556292,953150,42,4040804,336733.666666667,325822.230360872,1228006,21408,3947514,563930.571428571,339653.72627764,953150,107365,0,0,0,0,272,172,3.2171815312,1.9798040192,0,1179,144.2272727273,283.7777352618,80529.803030303,0,0,1,1,0,0,0,1,0,151.0952380952,110.9230769231,216.375,0,0,0,0,0,0,13,1442,8,1731,8192,62558,7,20,0.0,0.0,0,0,0.0,0.0,0,0,Benign,Friday,False,Normal
445,6,23/02/2018 02:47:15,743429,7,5,364,582,103,0,52.0,49.2172056636,409,0,116.4,167.0353256051,1272.4819720511,16.1414203643,67584.4545454545,77059.6096062829,148312,3,743429,123904.833333333,60710.9139724207,151039,3,595514,148878.5,1243.0404927703,150731,148063,0,0,0,0,152,112,9.4158285458,6.7255918185,0,409,72.7692307692,109.5332170669,11997.5256410256,0,0,0,1,0,0,0,0,0,78.8333333333,52.0,116.4,0,0,0,0,0,0,7,364,5,582,8192,257,4,20,0.0,0.0,0,0,0.0,0.0,0,0,Benign,Friday,False,Normal
3389,6,23/02/2018 01:58:16,2435586,8,7,1132,1581,661,0,141.5,222.792023453,1173,0,225.8571428571,430.0986044197,1113.9003098228,6.1586821406,173970.428571429,250489.123126278,953172,123,2435586,347940.857142857,448790.800061093,1358603,111500,2090072,348345.333333333,299650.398739375,953172,161839,0,0,0,0,168,148,3.284630475,2.8740516656,0,1173,169.5625,317.7627980638,100973.195833333,0,0,0,1,0,0,0,0,0,180.8666666667,141.5,225.8571428571,0,0,0,0,0,0,8,1132,7,1581,8192,62868,5,20,0.0,0.0,0,0,0.0,0.0,0,0,Benign,Friday,False,Normal
7488,6,23/02/2018 01:26:44,86201741,2,0,0,0,0,0,0.0,0.0,0,0,0.0,0.0,0.0,0.0232013875,86201741.0,0.0,86201741,86201741,86201741,86201741.0,0.0,86201741,86201741,0,0.0,0.0,0,0,0,0,0,0,40,0,0.0232013875,0.0,0,0,0.0,0.0,0.0,0,0,0,0,1,0,0,0,0,0.0,0.0,0.0,0,0,0,0,0,0,2,0,0,0,62558,-1,0,20,0.0,0.0,0,0,86201741.0,0.0,86201741,86201741,Benign,Friday,False,Normal
445,6,23/02/2018 02:44:20,1033205,6,5,455,338,140,0,75.8333333333,62.9362110924,145,0,67.6,69.7588704037,767.5146752097,10.6464835149,103320.5,133278.435288476,263514,65,1033136,206627.2,115505.901125007,263654,79,1033140,258285.0,3568.8921717157,263633,256343,0,0,0,0,132,112,5.8071728263,4.8393106886,0,145,66.0833333333,63.40269328,4019.9015151515,0,0,0,1,0,0,0,0,0,72.0909090909,75.8333333333,67.6,0,0,0,0,0,0,6,455,5,338,8192,0,4,20,0.0,0.0,0,0,0.0,0.0,0,0,Benign,Friday,False,Normal
53,17,23/02/2018 11:10:13,1035,1,1,37,93,37,37,37.0,0.0,93,93,93.0,0.0,125603.8647343,1932.3671497585,1035.0,0.0,1035,1035,0,0.0,0.0,0,0,0,0.0,0.0,0,0,0,0,0,0,8,8,966.1835748792,966.1835748792,37,93,55.6666666667,32.3316150746,1045.3333333333,0,0,0,0,0,0,0,0,1,83.5,37.0,93.0,0,0,0,0,0,0,1,37,1,93,-1,-1,0,8,0.0,0.0,0,0,0.0,0.0,0,0,Benign,Friday,False,Normal
80,6,23/02/2018 09:55:17,115506278,16,14,456,971,445,0,28.5,111.0675470153,971,0,69.3571428571,259.510665897,12.3543068369,0.2597261423,3982975.10344828,4877292.50982601,10005434,33,115506278,7700418.53333333,4129992.2207403,10015442,1756,110193290,8476406.92307692,3757361.11307658,10018605,8848,0,0,0,0,332,424,0.1385206092,0.1212055331,0,971,46.0322580645,189.3135818109,35839.6322580645,0,0,0,1,0,0,0,0,0,47.5666666667,28.5,69.3571428571,0,0,0,0,0,0,16,456,14,971,8192,119,12,20,26897.0,55935.5475793346,195549,10008,9990664.90909091,48788.8648104349,10005434,9843561,Benign,Friday,False,Normal
445,6,23/02/2018 10:03:52,141513,3,1,0,0,0,0,0.0,0.0,0,0,0.0,0.0,0.0,28.2659543646,47171.0,81626.369734296,141425,1,141513,70756.5,100063.38771249,141512,1,0,0.0,0.0,0,0,0,0,0,0,72,32,21.1994657735,7.0664885912,0,0,0.0,0.0,0.0,0,0,0,1,0,0,0,0,0,0.0,0.0,0.0,0,0,0,0,0,0,3,0,1,0,8192,8192,0,20,0.0,0.0,0,0,0.0,0.0,0,0,Benign,Friday,False,Normal
443,6,23/02/2018 10:35:48,10232766,8,11,814,6579,497,0,101.75,175.882062758,1420,0,598.0909090909,665.5777121487,722.4830510148,1.8567804639,568487.0,2341381.60991954,9949922,0,282725,40389.2857142857,32670.2774027315,89859,321,10208888,1020888.8,3155224.09950435,9999920,0,0,0,0,0,172,232,0.7818023006,1.0749781633,0,1420,369.65,558.7260203261,312174.765789474,0,0,0,1,0,0,0,0,1,389.1052631579,101.75,598.0909090909,0,0,0,0,0,0,8,814,11,6579,8192,239,3,20,282725.0,0.0,282725,282725,9949922.0,0.0,9949922,9949922,Benign,Friday,False,Normal
80,6,23/02/2018 11:21:12,6548154,4,4,97,231,97,0,24.25,48.5,231,0,57.75,115.5,50.0904529735,1.2217183652,935450.571428571,2447695.70812113,6486062,41,62092,20697.3333333333,35583.8601803308,61786,106,6547995,2182665.0,3779952.33822902,6547378,306,0,0,0,0,92,92,0.6108591826,0.6108591826,0,231,36.4444444444,79.6996096463,6352.0277777778,0,0,0,1,0,0,0,0,1,41.0,24.25,57.75,0,0,0,0,0,0,4,97,4,231,8192,141,1,20,0.0,0.0,0,0,0.0,0.0,0,0,Benign,Friday,False,Normal
80,6,23/02/2018 12:21:56,947,3,4,161,488,161,0,53.6666666667,92.9533933395,488,0,122.0,244.0,685322.06969377,7391.7634635692,157.8333333333,113.0688580762,291,0,488,244.0,154.1492782987,353,135,656,218.6666666667,202.9540177807,401,0,0,0,0,0,72,92,3167.8986272439,4223.8648363252,0,488,81.125,173.7875858627,30202.125,0,0,0,1,0,0,0,0,1,92.7142857143,53.6666666667,122.0,0,0,0,0,0,0,3,161,4,488,8192,149,1,20,0.0,0.0,0,0,0.0,0.0,0,0,Benign,Friday,False,Normal
53,17,23/02/2018 09:55:13,120494,2,2,70,258,35,35,35.0,0.0,129,129,129.0,0.0,2722.1272428503,33.1966736933,40164.6666666667,45613.5030701801,89755,1,30738,30738.0,0.0,30738,30738,1,1.0,0.0,1,1,0,0,0,0,16,16,16.5983368466,16.5983368466,35,129,72.6,51.4859204055,2650.8,0,0,0,0,0,0,0,0,1,90.75,35.0,129.0,0,0,0,0,0,0,2,70,2,258,-1,-1,1,8,0.0,0.0,0,0,0.0,0.0,0,0,Benign,Friday,False,Normal
445,6,23/02/2018 02:57:43,249972,3,1,0,0,0,0,0.0,0.0,0,0,0.0,0.0,0.0,16.0017922007,83324.0,144252.125003412,249892,0,249972,124986.0,176756.896306764,249972,0,0,0.0,0.0,0,0,0,0,0,0,72,32,12.0013441505,4.0004480502,0,0,0.0,0.0,0.0,0,0,0,1,0,0,0,0,0,0.0,0.0,0.0,0,0,0,0,0,0,3,0,1,0,8192,8192,0,20,0.0,0.0,0,0,0.0,0.0,0,0,Benign,Friday,False,Normal
80,6,23/02/2018 04:52:00,83,2,0,0,0,0,0,0.0,0.0,0,0,0.0,0.0,0.0,24096.3855421687,83.0,0.0,83,83,83,83.0,0.0,83,83,0,0.0,0.0,0,0,0,0,0,0,40,0,24096.3855421687,0.0,0,0,0.0,0.0,0.0,0,0,0,0,1,0,0,0,0,0.0,0.0,0.0,0,0,0,0,0,0,2,0,0,0,278,-1,0,20,0.0,0.0,0,0,0.0,0.0,0,0,Benign,Friday,False,Normal
58027,6,23/02/2018 03:35:13,128,2,0,0,0,0,0,0.0,0.0,0,0,0.0,0.0,0.0,15625.0,128.0,0.0,128,128,128,128.0,0.0,128,128,0,0.0,0.0,0,0,0,0,0,0,40,0,15625.0,0.0,0,0,0.0,0.0,0.0,0,0,0,0,1,0,0,0,0,0.0,0.0,0.0,0,0,0,0,0,0,2,0,0,0,255,-1,0,20,0.0,0.0,0,0,0.0,0.0,0,0,Benign,Friday,False,Normal
53,17,23/02/2018 01:18:58,41778,2,2,62,236,31,31,31.0,0.0,118,118,118.0,0.0,7132.9407822299,95.7441715736,13926.0,15982.4231892414,31377,1,31377,31377.0,0.0,31377,31377,1,1.0,0.0,1,1,0,0,0,0,16,16,47.8720857868,47.8720857868,31,118,65.8,47.6518625029,2270.7,0,0,0,0,0,0,0,0,1,82.25,31.0,118.0,0,0,0,0,0,0,2,62,2,236,-1,-1,1,8,0.0,0.0,0,0,0.0,0.0,0,0,Benign,Friday,False,Normal
53,17,23/02/2018 09:14:51,932,1,1,44,72,44,44,44.0,0.0,72,72,72.0,0.0,124463.519313305,2145.9227467811,932.0,0.0,932,932,0,0.0,0.0,0,0,0,0.0,0.0,0,0,0,0,0,0,8,8,1072.9613733906,1072.9613733906,44,72,53.3333333333,16.1658075373,261.3333333333,0,0,0,0,0,0,0,0,1,80.0,44.0,72.0,0,0,0,0,0,0,1,44,1,72,-1,-1,0,8,0.0,0.0,0,0,0.0,0.0,0,0,Benign,Friday,False,Normal
445,6,23/02/2018 05:09:50,1085632,6,5,455,338,140,0,75.8333333333,62.9362110924,145,0,67.6,69.7588704037,730.4500972705,10.1323468726,108563.2,137987.648091173,268925,71,1085555,217111.0,121351.78887227,275580,83,1085561,271390.25,3144.2450471722,275709,268873,0,0,0,0,132,112,5.5267346578,4.6056122148,0,145,66.0833333333,63.40269328,4019.9015151515,0,0,0,1,0,0,0,0,0,72.0909090909,75.8333333333,67.6,0,0,0,0,0,0,6,455,5,338,8192,0,4,20,0.0,0.0,0,0,0.0,0.0,0,0,Benign,Friday,False,Normal
53,17,23/02/2018 10:42:23,1690,1,1,49,164,49,49,49.0,0.0,164,164,164.0,0.0,126035.50295858,1183.4319526627,1690.0,0.0,1690,1690,0,0.0,0.0,0,0,0,0.0,0.0,0,0,0,0,0,0,8,8,591.7159763314,591.7159763314,49,164,87.3333333333,66.3952809568,4408.3333333333,0,0,0,0,0,0,0,0,1,131.0,49.0,164.0,0,0,0,0,0,0,1,49,1,164,-1,-1,0,8,0.0,0.0,0,0,0.0,0.0,0,0,Benign,Friday,False,Normal
53,17,23/02/2018 09:28:14,27702,1,1,44,100,44,44,44.0,0.0,100,100,100.0,0.0,5198.1806367771,72.1969532886,27702.0,0.0,27702,27702,0,0.0,0.0,0,0,0,0.0,0.0,0,0,0,0,0,0,8,8,36.0984766443,36.0984766443,44,100,62.6666666667,32.3316150746,1045.3333333333,0,0,0,0,0,0,0,0,1,94.0,44.0,100.0,0,0,0,0,0,0,1,44,1,100,-1,-1,0,8,0.0,0.0,0,0,0.0,0.0,0,0,Benign,Friday,False,Normal
49691,6,23/02/2018 08:56:46,39,2,0,0,0,0,0,0.0,0.0,0,0,0.0,0.0,0.0,51282.0512820513,39.0,0.0,39,39,39,39.0,0.0,39,39,0,0.0,0.0,0,0,0,0,0,0,40,0,51282.0512820513,0.0,0,0,0.0,0.0,0.0,0,0,0,0,1,0,0,0,0,0.0,0.0,0.0,0,0,0,0,0,0,2,0,0,0,123,-1,0,20,0.0,0.0,0,0,0.0,0.0,0,0,Benign,Friday,False,Normal
137,17,23/02/2018 08:57:25,1504609,3,0,150,0,50,50,50.0,0.0,0,0,0.0,0.0,99.6936745693,1.9938734914,752304.5,18874.8013102125,765651,738958,1504609,752304.5,18874.8013102125,765651,738958,0,0.0,0.0,0,0,0,0,0,0,24,0,1.9938734914,0.0,50,50,50.0,0.0,0.0,0,0,0,0,0,0,0,0,0,66.6666666667,50.0,0.0,0,0,0,0,0,0,3,150,0,0,-1,-1,2,8,0.0,0.0,0,0,0.0,0.0,0,0,Benign,Friday,False,Normal
5355,17,23/02/2018 09:37:34,409674,2,0,44,0,22,22,22.0,0.0,0,0,0.0,0.0,107.4024712332,4.8819305106,409674.0,0.0,409674,409674,409674,409674.0,0.0,409674,409674,0,0.0,0.0,0,0,0,0,0,0,16,0,4.8819305106,0.0,22,22,22.0,0.0,0.0,0,0,0,0,0,0,0,0,0,33.0,22.0,0.0,0,0,0,0,0,0,2,44,0,0,-1,-1,1,8,0.0,0.0,0,0,0.0,0.0,0,0,Benign,Friday,False,Normal
53,17,23/02/2018 08:29:47,585,1,1,52,108,52,52,52.0,0.0,108,108,108.0,0.0,273504.273504273,3418.8034188034,585.0,0.0,585,585,0,0.0,0.0,0,0,0,0.0,0.0,0,0,0,0,0,0,8,8,1709.4017094017,1709.4017094017,52,108,70.6666666667,32.3316150746,1045.3333333333,0,0,0,0,0,0,0,0,1,106.0,52.0,108.0,0,0,0,0,0,0,1,52,1,108,-1,-1,0,8,0.0,0.0,0,0,0.0,0.0,0,0,Benign,Friday,False,Normal
445,6,23/02/2018 10:26:56,1117213,6,5,455,338,140,0,75.8333333333,62.9362110924,145,0,67.6,69.7588704037,709.8019804639,9.8459291111,111721.3,143274.352088766,295944,59,1117121,223424.2,122633.653887096,296035,4955,1117154,279288.5,13083.8646304013,296036,266943,0,0,0,0,132,112,5.3705067879,4.4754223232,0,145,66.0833333333,63.40269328,4019.9015151515,0,0,0,1,0,0,0,0,0,72.0909090909,75.8333333333,67.6,0,0,0,0,0,0,6,455,5,338,8192,0,4,20,0.0,0.0,0,0,0.0,0.0,0,0,Benign,Friday,False,Normal
53,17,23/02/2018 10:04:15,83377,1,1,40,211,40,40,40.0,0.0,211,211,211.0,0.0,3010.4225385898,23.9874305864,83377.0,0.0,83377,83377,0,0.0,0.0,0,0,0,0.0,0.0,0,0,0,0,0,0,8,8,11.9937152932,11.9937152932,40,211,97.0,98.7268960314,9747.0,0,0,0,0,0,0,0,0,1,145.5,40.0,211.0,0,0,0,0,0,0,1,40,1,211,-1,-1,0,8,0.0,0.0,0,0,0.0,0.0,0,0,Benign,Friday,False,Normal
443,6,23/02/2018 12:05:13,512832,8,7,1429,4696,1100,0,178.625,380.1935362417,1460,0,670.8571428571,658.7221034122,11943.4824659928,29.2493448147,36630.8571428571,38344.6157605494,103292,1,512832,73261.7142857143,37627.5409361914,116271,1382,322861,53810.1666666667,66856.7417286145,166241,1,0,0,0,0,172,152,15.5996505678,13.6496942468,0,1460,382.8125,558.3423345046,311746.1625,0,0,0,1,0,0,0,0,0,408.3333333333,178.625,670.8571428571,0,0,0,0,0,0,8,1429,7,4696,8192,1026,3,20,0.0,0.0,0,0,0.0,0.0,0,0,Benign,Friday,False,Normal
443,6,23/02/2018 11:46:35,525366,8,7,1429,4696,1100,0,178.625,380.1935362417,1460,0,670.8571428571,658.7221034122,11658.5389994785,28.5515240804,37526.1428571429,37971.011655365,89975,1,525366,75052.2857142857,42313.251418101,142189,1340,323762,53960.3333333333,60733.3114877385,136681,1,0,0,0,0,172,152,15.2274795095,13.3240445708,0,1460,382.8125,558.3423345046,311746.1625,0,0,0,1,0,0,0,0,0,408.3333333333,178.625,670.8571428571,0,0,0,0,0,0,8,1429,7,4696,8192,1026,3,20,0.0,0.0,0,0,0.0,0.0,0,0,Benign,Friday,False,Normal
80,6,23/02/2018 08:47:00,302,2,0,0,0,0,0,0.0,0.0,0,0,0.0,0.0,0.0,6622.5165562914,302.0,0.0,302,302,302,302.0,0.0,302,302,0,0.0,0.0,0,0,0,0,0,0,40,0,6622.5165562914,0.0,0,0,0.0,0.0,0.0,0,0,0,0,1,0,0,0,0,0.0,0.0,0.0,0,0,0,0,0,0,2,0,0,0,278,-1,0,20,0.0,0.0,0,0,0.0,0.0,0,0,Benign,Friday,False,Normal
445,6,23/02/2018 09:48:58,295651,3,1,0,0,0,0,0.0,0.0,0,0,0.0,0.0,0.0,13.5294654846,98550.3333333334,170262.091677312,295152,114,295651,147825.5,208512.35474307,295266,385,0,0.0,0.0,0,0,0,0,0,0,72,32,10.1470991135,3.3823663712,0,0,0.0,0.0,0.0,0,0,0,1,0,0,0,0,0,0.0,0.0,0.0,0,0,0,0,0,0,3,0,1,0,8192,8192,0,20,0.0,0.0,0,0,0.0,0.0,0,0,Benign,Friday,False,Normal
445,6,23/02/2018 10:45:47,2310492,2,1,1,1,1,0,0.5,0.7071067812,1,1,1.0,0.0,0.8656165007,1.2984247511,1155246.0,1216683.28304863,2015571,294921,2310492,2310492.0,0.0,2310492,2310492,0,0.0,0.0,0,0,0,0,0,0,52,20,0.8656165007,0.4328082504,0,1,0.75,0.5,0.25,0,0,0,0,1,0,0,0,0,1.0,0.5,1.0,0,0,0,0,0,0,2,1,1,1,252,252,0,20,0.0,0.0,0,0,0.0,0.0,0,0,Benign,Friday,False,Normal
80,6,23/02/2018 11:07:27,891,3,4,148,243,148,0,49.3333333333,85.4478398401,243,0,60.75,121.5,438832.772166106,7856.3411896745,148.5,83.8564249178,231,33,505,252.5,30.405591591,274,231,676,225.3333333333,206.7615373645,444,33,0,0,0,0,72,92,3367.0033670034,4489.3378226712,0,243,48.875,93.9930658537,8834.6964285714,0,0,0,1,0,0,0,0,1,55.8571428571,49.3333333333,60.75,0,0,0,0,0,0,3,148,4,243,8192,149,1,20,0.0,0.0,0,0,0.0,0.0,0,0,Benign,Friday,False,Normal
80,6,23/02/2018 11:14:05,6196991,3,1,0,0,0,0,0.0,0.0,0,0,0.0,0.0,0.0,0.6454745537,2065663.66666667,3338762.23946455,5917561,78,6196991,3098495.5,3986760.66331809,5917561,279430,0,0.0,0.0,0,0,0,0,0,0,72,32,0.4841059153,0.1613686384,0,0,0.0,0.0,0.0,0,0,0,1,0,0,0,0,0,0.0,0.0,0.0,0,0,0,0,0,0,3,0,1,0,8192,29200,0,20,0.0,0.0,0,0,0.0,0.0,0,0,Benign,Friday,False,Normal
80,6,23/02/2018 11:29:29,54548664,2,0,0,0,0,0,0.0,0.0,0,0,0.0,0.0,0.0,0.0366645093,54548664.0,0.0,54548664,54548664,54548664,54548664.0,0.0,54548664,54548664,0,0.0,0.0,0,0,0,0,0,0,40,0,0.0366645093,0.0,0,0,0.0,0.0,0.0,0,0,0,0,1,0,0,0,0,0.0,0.0,0.0,0,0,0,0,0,0,2,0,0,0,279,-1,0,20,0.0,0.0,0,0,0.0,0.0,0,0,Benign,Friday,False,Normal
80,6,23/02/2018 11:45:35,115452080,16,14,445,706,434,0,27.8125,108.3175693659,706,0,50.4285714286,188.6864367902,9.9695042307,0.2598480686,3981106.20689655,4848797.81519362,10014074,24,115452080,7696805.33333333,4218671.29284871,10109181,267,111404941,8569610.84615385,3758265.94057572,10110417,95747,0,0,0,0,332,424,0.1385856366,0.121262432,0,706,37.1290322581,146.5227495273,21468.9161290322,0,0,0,1,0,0,0,0,0,38.3666666667,27.8125,50.4285714286,0,0,0,0,0,0,16,445,14,706,8192,172,12,20,117818.818181818,75281.4822965358,344801,95065,10009897.7272727,13698.9517780808,10014074,9968594,Benign,Friday,False,Normal
80,6,23/02/2018 12:43:25,5368352,4,4,97,231,97,0,24.25,48.5,231,0,57.75,115.5,61.0988251143,1.4902152467,766907.428571429,2001902.60040624,5306503,42,61849,20616.3333333333,35405.4374543421,61499,149,5368193,1789397.66666667,3098857.42261956,5367650,201,0,0,0,0,92,92,0.7451076233,0.7451076233,0,231,36.4444444444,79.6996096463,6352.0277777778,0,0,0,1,0,0,0,0,1,41.0,24.25,57.75,0,0,0,0,0,0,4,97,4,231,8192,141,1,20,0.0,0.0,0,0,0.0,0.0,0,0,Benign,Friday,False,Normal
3389,6,23/02/2018 02:10:39,3973914,14,8,1441,1731,725,0,102.9285714286,191.1489408352,1179,0,216.375,405.4647906151,798.2054971497,5.5361037003,189234.0,264107.411638712,953176,107,3973914,305685.692307692,347923.300860833,1210281,31527,3894008,556286.857142857,349653.462933149,1040373,175283,0,0,0,0,292,172,3.522975082,2.0131286183,0,1179,137.9130434783,278.894719961,77782.2648221344,0,0,1,1,0,0,0,1,0,144.1818181818,102.9285714286,216.375,0,0,0,0,0,0,14,1441,8,1731,8192,62644,7,20,0.0,0.0,0,0,0.0,0.0,0,0,Benign,Friday,False,Normal
3389,6,23/02/2018 03:18:54,4234858,14,9,1442,1731,725,0,103.0,191.1254119078,1179,0,192.3333333333,386.0744746807,749.2577082868,5.4311148095,192493.545454545,247439.4322709,953120,88,4234858,325758.307692308,319387.240626585,1198416,67050,4148230,518528.75,349167.553789111,953120,62516,0,0,0,0,292,192,3.305895971,2.1252188385,0,1179,132.2083333333,274.1993846387,75185.3025362319,0,0,1,1,0,0,0,1,0,137.9565217391,103.0,192.3333333333,0,0,0,0,0,0,14,1442,9,1731,8192,62558,7,20,0.0,0.0,0,0,0.0,0.0,0,0,Benign,Friday,False,Normal
3389,6,23/02/2018 03:59:26,4107577,13,8,1442,1731,725,0,110.9230769231,196.5220350404,1179,0,216.375,405.4647906151,772.474867787,5.1125030645,205378.85,328916.151922016,964832,50,4107577,342298.083333333,445852.922343325,1298405,19153,4088403,584057.571428571,508623.722720722,1248454,112356,0,0,0,0,272,172,3.1648828494,1.947620215,0,1179,144.2272727273,283.7777352618,80529.803030303,0,0,1,1,0,0,0,1,0,151.0952380952,110.9230769231,216.375,0,0,0,0,0,0,13,1442,8,1731,8192,62558,7,20,0.0,0.0,0,0,0.0,0.0,0,0,Benign,Friday,False,Normal
443,6,23/02/2018 04:25:14,318,3,0,77,0,46,0,25.6666666667,23.4591844132,0,0,0.0,0.0,242138.364779874,9433.962264151,159.0,193.7472580451,296,22,318,159.0,193.7472580451,296,22,0,0.0,0.0,0,0,1,0,0,0,60,0,9433.962264151,0.0,0,46,30.75,21.6852484422,470.25,0,1,0,0,1,0,0,0,0,41.0,25.6666666667,0.0,0,0,0,0,0,0,3,77,0,0,258,-1,1,20,0.0,0.0,0,0,0.0,0.0,0,0,Benign,Friday,False,Normal
445,6,23/02/2018 04:26:38,1314542,7,5,364,582,103,0,52.0,49.2172056636,409,0,116.4,167.0353256051,719.6422784514,9.1286546949,119503.818181818,136603.559605757,262748,4,1314542,219090.333333333,107341.151086928,265991,4,1052582,263145.5,1457.2674199794,265260,262006,0,0,0,0,152,112,5.3250485721,3.8036061229,0,409,72.7692307692,109.5332170669,11997.5256410256,0,0,0,1,0,0,0,0,0,78.8333333333,52.0,116.4,0,0,0,0,0,0,7,364,5,582,8192,255,4,20,0.0,0.0,0,0,0.0,0.0,0,0,Benign,Friday,False,Normal
80,6,23/02/2018 05:29:37,951,3,4,161,488,161,0,53.6666666667,92.9533933395,488,0,122.0,244.0,682439.537329127,7360.6729758149,158.5,97.3031345847,262,32,474,237.0,117.379725677,320,154,691,230.3333333333,225.7528146742,476,32,0,0,0,0,72,92,3154.5741324921,4206.0988433228,0,488,81.125,173.7875858627,30202.125,0,0,0,1,0,0,0,0,1,92.7142857143,53.6666666667,122.0,0,0,0,0,0,0,3,161,4,488,8192,149,1,20,0.0,0.0,0,0,0.0,0.0,0,0,Benign,Friday,False,Normal
53,17,23/02/2018 03:23:52,31198,2,2,104,224,52,52,52.0,0.0,112,112,112.0,0.0,10513.4944547727,128.2133470094,10399.3333333333,12634.3717427236,24602,410,30788,30788.0,0.0,30788,30788,6596,6596.0,0.0,6596,6596,0,0,0,0,16,16,64.1066735047,64.1066735047,52,112,76.0,32.8633534503,1080.0,0,0,0,0,0,0,0,0,1,95.0,52.0,112.0,0,0,0,0,0,0,2,104,2,224,-1,-1,1,8,0.0,0.0,0,0,0.0,0.0,0,0,Benign,Friday,False,Normal
51435,6,23/02/2018 04:06:26,91,1,1,0,0,0,0,0.0,0.0,0,0,0.0,0.0,0.0,21978.021978022,91.0,0.0,91,91,0,0.0,0.0,0,0,0,0.0,0.0,0,0,0,0,0,0,20,20,10989.010989011,10989.010989011,0,0,0.0,0.0,0.0,0,0,0,0,1,1,0,0,1,0.0,0.0,0.0,0,0,0,0,0,0,1,0,1,0,981,256,0,20,0.0,0.0,0,0,0.0,0.0,0,0,Benign,Friday,False,Normal
42556,6,23/02/2018 02:21:50,86282487,2,0,0,0,0,0,0.0,0.0,0,0,0.0,0.0,0.0,0.0231796749,86282487.0,0.0,86282487,86282487,86282487,86282487.0,0.0,86282487,86282487,0,0.0,0.0,0,0,0,0,0,0,40,0,0.0231796749,0.0,0,0,0.0,0.0,0.0,0,0,0,0,1,0,0,0,0,0.0,0.0,0.0,0,0,0,0,0,0,2,0,0,0,62558,-1,0,20,0.0,0.0,0,0,86282487.0,0.0,86282487,86282487,Benign,Friday,False,Normal
53,17,23/02/2018 04:13:24,486,1,1,36,52,36,36,36.0,0.0,52,52,52.0,0.0,181069.958847737,4115.2263374486,486.0,0.0,486,486,0,0.0,0.0,0,0,0,0.0,0.0,0,0,0,0,0,0,8,8,2057.6131687243,2057.6131687243,36,52,41.3333333333,9.237604307,85.3333333333,0,0,0,0,0,0,0,0,1,62.0,36.0,52.0,0,0,0,0,0,0,1,36,1,52,-1,-1,0,8,0.0,0.0,0,0,0.0,0.0,0,0,Benign,Friday,False,Normal
36286,6,23/02/2018 04:23:01,86059526,2,0,0,0,0,0,0.0,0.0,0,0,0.0,0.0,0.0,0.0232397283,86059526.0,0.0,86059526,86059526,86059526,86059526.0,0.0,86059526,86059526,0,0.0,0.0,0,0,0,0,0,0,40,0,0.0232397283,0.0,0,0,0.0,0.0,0.0,0,0,0,0,1,0,0,0,0,0.0,0.0,0.0,0,0,0,0,0,0,2,0,0,0,64000,-1,0,20,0.0,0.0,0,0,86059526.0,0.0,86059526,86059526,Benign,Friday,False,Normal
13486,6,23/02/2018 01:58:48,86423954,2,0,0,0,0,0,0.0,0.0,0,0,0.0,0.0,0.0,0.0231417322,86423954.0,0.0,86423954,86423954,86423954,86423954.0,0.0,86423954,86423954,0,0.0,0.0,0,0,0,0,0,0,40,0,0.0231417322,0.0,0,0,0.0,0.0,0.0,0,0,0,0,1,0,0,0,0,0.0,0.0,0.0,0,0,0,0,0,0,2,0,0,0,62558,-1,0,20,0.0,0.0,0,0,86423954.0,0.0,86423954,86423954,Benign,Friday,False,Normal
51824,6,23/02/2018 05:28:18,55,1,1,0,0,0,0,0.0,0.0,0,0,0.0,0.0,0.0,36363.6363636364,55.0,0.0,55,55,0,0.0,0.0,0,0,0,0.0,0.0,0,0,0,0,0,0,20,20,18181.8181818182,18181.8181818182,0,0,0.0,0.0,0.0,0,0,0,0,1,1,0,0,1,0.0,0.0,0.0,0,0,0,0,0,0,1,0,1,0,64240,63801,0,20,0.0,0.0,0,0,0.0,0.0,0,0,Benign,Friday,False,Normal
53,17,23/02/2018 08:43:21,1205,1,1,50,132,50,50,50.0,0.0,132,132,132.0,0.0,151037.34439834,1659.7510373444,1205.0,0.0,1205,1205,0,0.0,0.0,0,0,0,0.0,0.0,0,0,0,0,0,0,8,8,829.8755186722,829.8755186722,50,132,77.3333333333,47.3427220735,2241.3333333333,0,0,0,0,0,0,0,0,1,116.0,50.0,132.0,0,0,0,0,0,0,1,50,1,132,-1,-1,0,8,0.0,0.0,0,0,0.0,0.0,0,0,Benign,Friday,False,Normal
45822,6,23/02/2018 02:58:40,86279693,2,0,0,0,0,0,0.0,0.0,0,0,0.0,0.0,0.0,0.0231804255,86279693.0,0.0,86279693,86279693,86279693,86279693.0,0.0,86279693,86279693,0,0.0,0.0,0,0,0,0,0,0,40,0,0.0231804255,0.0,0,0,0.0,0.0,0.0,0,0,0,0,1,0,0,0,0,0.0,0.0,0.0,0,0,0,0,0,0,2,0,0,0,62559,-1,0,20,0.0,0.0,0,0,86279693.0,0.0,86279693,86279693,Benign,Friday,False,Normal
443,6,23/02/2018 10:23:04,60107702,8,6,1117,3869,787,0,139.625,272.789786937,1460,0,644.8333333333,686.8733265069,82.9511000104,0.2329152427,4623669.38461539,16624180.3378413,59952254,1,60107702,8586814.57142857,22650046.9651237,59952254,246,72386,14477.2,13216.1470633464,24335,1,0,0,0,0,172,132,0.1330944244,0.0998208183,0,1460,332.4,525.992232425,276667.828571429,0,0,0,1,0,0,0,0,0,356.1428571429,139.625,644.8333333333,0,0,0,0,0,0,8,1117,6,3869,8192,1022,3,20,0.0,0.0,0,0,0.0,0.0,0,0,Benign,Friday,False,Normal
80,6,23/02/2018 12:21:36,80,2,0,0,0,0,0,0.0,0.0,0,0,0.0,0.0,0.0,25000.0,80.0,0.0,80,80,80,80.0,0.0,80,80,0,0.0,0.0,0,0,0,0,0,0,40,0,25000.0,0.0,0,0,0.0,0.0,0.0,0,0,0,0,1,0,0,0,0,0.0,0.0,0.0,0,0,0,0,0,0,2,0,0,0,279,-1,0,20,0.0,0.0,0,0,0.0,0.0,0,0,Benign,Friday,False,Normal
443,6,23/02/2018 01:17:01,60366596,11,9,3256,4556,821,0,296.0,348.713636097,1460,0,506.2222222222,603.9734633611,129.4093176962,0.3313090571,3177189.26315789,13748747.9970167,59952184,1,60366596,6036659.6,18944101.4765342,59952184,267,336053,42006.625,52892.2977161744,159622,1,0,0,0,0,232,192,0.1822199814,0.1490890757,0,1460,372.0,474.2543621307,224917.2,0,0,0,1,0,0,0,0,0,390.6,296.0,506.2222222222,0,0,0,0,0,0,11,3256,9,4556,8192,513,6,20,0.0,0.0,0,0,0.0,0.0,0,0,Benign,Friday,False,Normal
443,6,23/02/2018 05:11:21,46596,6,7,737,3762,374,0,122.8333333333,155.8158100665,1460,0,537.4285714286,643.3360597031,96553.3522190746,278.9939050562,3883.0,5022.0863285003,12018,1,34616,6923.2,6475.308849777,15055,310,34578,5763.0,7793.8552976047,18532,1,0,0,0,0,132,152,128.7664177183,150.227487338,0,1460,321.3571428571,501.630358415,251633.016483516,0,0,0,1,0,0,0,0,1,346.0769230769,122.8333333333,537.4285714286,0,0,0,0,0,0,6,737,7,3762,8192,245,3,20,0.0,0.0,0,0,0.0,0.0,0,0,Benign,Friday,False,Normal
445,6,23/02/2018 05:17:17,165346,7,4,619,806,428,0,88.4285714286,158.4548906817,409,0,201.5,211.7836946824,8618.2913405828,66.5271612256,16534.6,19848.7334899624,45916,55,165346,27557.6666666667,19786.9348679038,46326,1030,119375,39791.6666666667,246.6927914093,40027,39535,0,0,0,0,232,136,42.3354662344,24.1916949911,0,428,118.75,174.0251418617,30284.75,0,0,0,1,0,0,0,0,0,129.5454545455,88.4285714286,201.5,0,0,0,0,0,0,7,619,4,806,29200,257,3,32,0.0,0.0,0,0,0.0,0.0,0,0,Benign,Friday,False,Normal
443,6,23/02/2018 05:20:10,135,2,0,0,0,0,0,0.0,0.0,0,0,0.0,0.0,0.0,14814.8148148148,135.0,0.0,135,135,135,135.0,0.0,135,135,0,0.0,0.0,0,0,0,0,0,0,40,0,14814.8148148148,0.0,0,0,0.0,0.0,0.0,0,0,0,0,1,0,0,0,0,0.0,0.0,0.0,0,0,0,0,0,0,2,0,0,0,256,-1,0,20,0.0,0.0,0,0,0.0,0.0,0,0,Benign,Friday,False,Normal
53,17,23/02/2018 11:23:27,709,1,1,32,60,32,32,32.0,0.0,60,60,60.0,0.0,129760.225669958,2820.874471086,709.0,0.0,709,709,0,0.0,0.0,0,0,0,0.0,0.0,0,0,0,0,0,0,8,8,1410.437235543,1410.437235543,32,60,41.3333333333,16.1658075373,261.3333333333,0,0,0,0,0,0,0,0,1,62.0,32.0,60.0,0,0,0,0,0,0,1,32,1,60,-1,-1,0,8,0.0,0.0,0,0,0.0,0.0,0,0,Benign,Friday,False,Normal
5355,17,23/02/2018 10:57:51,413908,2,0,44,0,22,22,22.0,0.0,0,0,0.0,0.0,106.303816307,4.8319916503,413908.0,0.0,413908,413908,413908,413908.0,0.0,413908,413908,0,0.0,0.0,0,0,0,0,0,0,16,0,4.8319916503,0.0,22,22,22.0,0.0,0.0,0,0,0,0,0,0,0,0,0,33.0,22.0,0.0,0,0,0,0,0,0,2,44,0,0,-1,-1,1,8,0.0,0.0,0,0,0.0,0.0,0,0,Benign,Friday,False,Normal
49821,6,23/02/2018 09:09:06,31,1,1,0,0,0,0,0.0,0.0,0,0,0.0,0.0,0.0,64516.1290322581,31.0,0.0,31,31,0,0.0,0.0,0,0,0,0.0,0.0,0,0,0,0,0,0,20,20,32258.064516129,32258.064516129,0,0,0.0,0.0,0.0,0,0,0,0,1,1,0,0,1,0.0,0.0,0.0,0,0,0,0,0,0,1,0,1,0,193,258,0,20,0.0,0.0,0,0,0.0,0.0,0,0,Benign,Friday,False,Normal
3389,6,23/02/2018 10:44:13,1943052,8,7,1144,1581,677,0,143.0,227.9699228282,1173,0,225.8571428571,430.0986044197,1402.4328736442,7.7198139834,138789.428571429,245765.881940427,953129,53,1943052,277578.857142857,394897.461730016,1163326,53,1791406,298567.666666667,321386.805651176,953129,153340,0,0,0,0,172,152,4.1172341245,3.6025798589,0,1173,170.3125,319.402717323,102018.095833333,0,0,1,1,0,0,0,1,0,181.6666666667,143.0,225.8571428571,0,0,0,0,0,0,8,1144,7,1581,8192,62856,5,20,0.0,0.0,0,0,0.0,0.0,0,0,Benign,Friday,False,Normal
61340,6,23/02/2018 09:29:28,155,2,0,0,0,0,0,0.0,0.0,0,0,0.0,0.0,0.0,12903.2258064516,155.0,0.0,155,155,155,155.0,0.0,155,155,0,0.0,0.0,0,0,0,0,0,0,40,0,12903.2258064516,0.0,0,0,0.0,0.0,0.0,0,0,0,0,1,0,0,0,0,0.0,0.0,0.0,0,0,0,0,0,0,2,0,0,0,255,-1,0,20,0.0,0.0,0,0,0.0,0.0,0,0,Benign,Friday,False,Normal
3389,6,23/02/2018 01:08:59,2136516,8,7,1148,1581,677,0,143.5,228.129662379,1173,0,225.8571428571,430.0986044197,1277.3131584318,7.02077588,152608.285714286,243303.994845457,937517,4,2136516,305216.571428571,395933.536585312,1188690,4,1949896,324982.666666667,301309.18862369,937517,187205,0,0,0,0,172,152,3.7444138027,3.2763620773,0,1173,170.5625,319.433241591,102037.595833333,0,0,1,1,0,0,0,1,0,181.9333333333,143.5,225.8571428571,0,0,0,0,0,0,8,1148,7,1581,8192,62852,5,20,0.0,0.0,0,0,0.0,0.0,0,0,Benign,Friday,False,Normal
53,17,23/02/2018 09:06:14,247,1,1,35,131,35,35,35.0,0.0,131,131,131.0,0.0,672064.777327935,8097.1659919028,247.0,0.0,247,247,0,0.0,0.0,0,0,0,0.0,0.0,0,0,0,0,0,0,8,8,4048.5829959514,4048.5829959514,35,131,67.0,55.4256258422,3072.0,0,0,0,0,0,0,0,0,1,100.5,35.0,131.0,0,0,0,0,0,0,1,35,1,131,-1,-1,0,8,0.0,0.0,0,0,0.0,0.0,0,0,Benign,Friday,False,Normal
3389,6,23/02/2018 08:41:40,2683413,10,7,1144,1581,677,0,114.4,209.8969059112,1173,0,225.8571428571,430.0986044197,1015.4978007485,6.3352156377,167713.3125,275609.474400698,953375,2,2683413,298157.0,371292.574396526,1111227,2,2578202,429700.333333333,398105.478556961,953375,107291,0,0,0,0,212,152,3.7265974339,2.6086182038,0,1173,151.3888888889,305.0398506056,93049.3104575164,0,0,1,1,0,0,0,1,0,160.2941176471,114.4,225.8571428571,0,0,0,0,0,0,10,1144,7,1581,8192,62856,5,20,0.0,0.0,0,0,0.0,0.0,0,0,Benign,Friday,False,Normal
443,6,23/02/2018 09:28:32,63690994,21,23,1548,16812,294,0,73.7142857143,94.9379496604,1460,0,730.9565217391,670.118136007,288.2668152424,0.6908355049,1481185.90697674,8952018.4433721,58771130,0,63690994,3184549.7,13093493.5878355,58771130,32,63627278,2892149.0,12526536.7825948,58925672,0,0,0,0,0,432,472,0.3297169455,0.3611185594,0,1460,408.0,583.3215626518,340264.045454545,0,0,0,1,0,0,0,0,1,417.2727272727,73.7142857143,730.9565217391,0,0,0,0,0,0,21,1548,23,16812,8192,72,10,20,4857711.0,0.0,4857711,4857711,58771130.0,0.0,58771130,58771130,Benign,Friday,False,Normal
80,6,23/02/2018 09:33:00,752,3,4,161,488,161,0,53.6666666667,92.9533933395,488,0,122.0,244.0,863031.914893617,9308.5106382979,125.3333333333,83.8252149813,251,34,436,218.0,127.2792206136,308,128,501,167.0,186.3571839238,380,34,0,0,0,0,72,92,3989.3617021277,5319.1489361702,0,488,81.125,173.7875858627,30202.125,0,0,0,1,0,0,0,0,1,92.7142857143,53.6666666667,122.0,0,0,0,0,0,0,3,161,4,488,8192,149,1,20,0.0,0.0,0,0,0.0,0.0,0,0,Benign,Friday,False,Normal
443,6,23/02/2018 09:51:02,405124,9,7,553,3589,202,0,61.4444444444,87.5344376676,1410,0,512.7142857143,631.0178851891,10224.0301734778,39.4940808246,27008.2666666667,82353.6604412134,322623,9,405124,50640.5,110457.620753715,322623,18,65790,10965.0,19369.6125722741,48102,16,0,0,0,0,192,152,22.2154204639,17.2786603608,0,1410,243.6470588235,455.2007717997,207207.742647059,0,0,0,1,0,0,0,0,0,258.875,61.4444444444,512.7142857143,0,0,0,0,0,0,9,553,7,3589,8192,115,4,20,0.0,0.0,0,0,0.0,0.0,0,0,Benign,Friday,False,Normal
80,6,23/02/2018 10:45:01,47217,3,4,436,859,436,0,145.3333333333,251.7247173667,859,0,214.75,429.5,27426.5624669081,148.2516890103,7869.5,11943.8387422135,23329,52,23639,11819.5,16350.4301013765,23381,258,23888,7962.6666666667,13506.2350539791,23558,78,0,0,0,0,72,92,63.5364381473,84.715250863,0,859,161.875,320.3455444628,102621.267857143,0,0,0,1,0,0,0,0,1,185.0,145.3333333333,214.75,0,0,0,0,0,0,3,436,4,859,8192,31,1,20,0.0,0.0,0,0,0.0,0.0,0,0,Benign,Friday,False,Normal
443,6,23/02/2018 10:44:59,116896118,168,266,3296,281888,1075,0,19.619047619,130.970893577,1380,0,1059.7293233083,483.1160746156,2439.636190485,3.7126981411,269967.939953811,1596007.92150559,10008487,0,116896118,699976.754491018,2522825.90216728,10041013,6,111316457,420062.101886792,2004138.4557544,10035559,0,0,0,0,0,4204,5328,1.437173474,2.2755246671,0,1380,655.5954022989,637.7889528409,406774.748365909,0,0,0,1,0,0,0,0,1,657.1059907834,19.619047619,1059.7293233083,0,0,0,0,0,0,168,3296,266,281888,8192,9211,17,20,107974.75,279971.500524648,997001,26811,9633367.08333333,1285022.60062251,10008487,5552875,Benign,Friday,False,Normal
80,6,23/02/2018 11:42:40,5798629,4,4,97,231,97,0,24.25,48.5,231,0,57.75,115.5,56.5650949561,1.3796364623,828375.571428571,2164435.8185926,5736583,40,62046,20682.0,35545.1777460741,61726,113,5798462,1932820.66666667,3347204.92955904,5797840,239,0,0,0,0,92,92,0.6898182312,0.6898182312,0,231,36.4444444444,79.6996096463,6352.0277777778,0,0,0,1,0,0,0,0,1,41.0,24.25,57.75,0,0,0,0,0,0,4,97,4,231,8192,141,1,20,0.0,0.0,0,0,0.0,0.0,0,0,Benign,Friday,False,Normal
445,6,23/02/2018 12:02:17,1637542,7,5,364,582,103,0,52.0,49.2172056636,409,0,116.4,167.0353256051,577.6951064461,7.3280563186,148867.454545455,161395.774225575,348603,55,1637542,272923.666666667,108938.188436685,348677,70031,1310236,327559.0,21996.3625326249,348673,299132,0,0,0,0,152,112,4.2746995192,3.0533567994,0,409,72.7692307692,109.5332170669,11997.5256410256,0,0,0,1,0,0,0,0,0,78.8333333333,52.0,116.4,0,0,0,0,0,0,7,364,5,582,8192,255,4,20,0.0,0.0,0,0,0.0,0.0,0,0,Benign,Friday,False,Normal
0,0,23/02/2018 12:41:29,112640714,3,0,0,0,0,0,0.0,0.0,0,0,0.0,0.0,0.0,0.0266333539,56320357.0,43.8406204336,56320388,56320326,112640714,56320357.0,43.8406204336,56320388,56320326,0,0.0,0.0,0,0,0,0,0,0,0,0,0.0266333539,0.0,0,0,0.0,0.0,0.0,0,0,0,0,0,0,0,0,0,0.0,0.0,0.0,0,0,0,0,0,0,3,0,0,0,-1,-1,0,0,0.0,0.0,0,0,56320357.0,43.8406204336,56320388,56320326,Benign,Friday,False,Normal
80,6,23/02/2018 12:56:17,604,3,4,161,488,161,0,53.6666666667,92.9533933395,488,0,122.0,244.0,1074503.31125828,11589.4039735099,100.6666666667,64.3542280403,183,24,344,172.0,63.6396103068,217,127,421,140.3333333333,152.5133873905,313,24,0,0,0,0,72,92,4966.8874172186,6622.5165562914,0,488,81.125,173.7875858627,30202.125,0,0,0,1,0,0,0,0,1,92.7142857143,53.6666666667,122.0,0,0,0,0,0,0,3,161,4,488,8192,149,1,20,0.0,0.0,0,0,0.0,0.0,0,0,Benign,Friday,False,Normal
80,6,23/02/2018 02:36:31,88,2,0,0,0,0,0,0.0,0.0,0,0,0.0,0.0,0.0,22727.2727272727,88.0,0.0,88,88,88,88.0,0.0,88,88,0,0.0,0.0,0,0,0,0,0,0,40,0,22727.2727272727,0.0,0,0,0.0,0.0,0.0,0,0,0,0,1,0,0,0,0,0.0,0.0,0.0,0,0,0,0,0,0,2,0,0,0,279,-1,0,20,0.0,0.0,0,0,0.0,0.0,0,0,Benign,Friday,False,Normal
445,6,23/02/2018 02:51:15,1351522,7,5,364,582,103,0,52.0,49.2172056636,409,0,116.4,167.0353256051,699.9516101107,8.8788787752,122865.636363636,140263.933817837,270452,38,1351522,225253.666666667,109651.489862503,273035,1454,1082607,270651.75,2023.4527216287,273345,268443,0,0,0,0,152,112,5.1793459522,3.699532823,0,409,72.7692307692,109.5332170669,11997.5256410256,0,0,0,1,0,0,0,0,0,78.8333333333,52.0,116.4,0,0,0,0,0,0,7,364,5,582,8192,259,4,20,0.0,0.0,0,0,0.0,0.0,0,0,Benign,Friday,False,Normal
3389,6,23/02/2018 02:58:02,3962968,13,8,1460,1731,741,0,112.3076923077,200.6391390097,1179,0,216.375,405.4647906151,805.204584039,5.2990586853,198148.4,238999.943013735,937533,61,3962968,330247.333333333,321783.530941457,1222396,26168,3824697,546385.285714286,290534.500510533,937533,169999,0,0,0,0,272,172,3.2803696623,2.018689023,0,1179,145.0454545455,285.3201171738,81407.5692640693,0,0,1,1,0,0,0,1,0,151.9523809524,112.3076923077,216.375,0,0,0,0,0,0,13,1460,8,1731,8192,62625,7,20,0.0,0.0,0,0,0.0,0.0,0,0,Benign,Friday,False,Normal
3389,6,23/02/2018 03:17:15,3888688,14,8,1441,1731,725,0,102.9285714286,191.1489408352,1179,0,216.375,405.4647906151,815.6992795514,5.6574351041,185175.619047619,240008.436424947,937547,84,3888688,299129.846153846,313106.91436575,1170941,21183,3816108,545158.285714286,303511.220544213,937547,168327,0,0,0,0,292,172,3.6001859753,2.0572491288,0,1179,137.9130434783,278.894719961,77782.2648221344,0,0,1,1,0,0,0,1,0,144.1818181818,102.9285714286,216.375,0,0,0,0,0,0,14,1441,8,1731,8192,62644,7,20,0.0,0.0,0,0,0.0,0.0,0,0,Benign,Friday,False,Normal
80,6,23/02/2018 03:42:04,90,2,0,0,0,0,0,0.0,0.0,0,0,0.0,0.0,0.0,22222.2222222222,90.0,0.0,90,90,90,90.0,0.0,90,90,0,0.0,0.0,0,0,0,0,0,0,40,0,22222.2222222222,0.0,0,0,0.0,0.0,0.0,0,0,0,0,1,0,0,0,0,0.0,0.0,0.0,0,0,0,0,0,0,2,0,0,0,278,-1,0,20,0.0,0.0,0,0,0.0,0.0,0,0,Benign,Friday,False,Normal
0,0,23/02/2018 03:47:20,112640766,3,0,0,0,0,0,0.0,0.0,0,0,0.0,0.0,0.0,0.0266333416,56320383.0,12.7279220614,56320392,56320374,112640766,56320383.0,12.7279220614,56320392,56320374,0,0.0,0.0,0,0,0,0,0,0,0,0,0.0266333416,0.0,0,0,0.0,0.0,0.0,0,0,0,0,0,0,0,0,0,0.0,0.0,0.0,0,0,0,0,0,0,3,0,0,0,-1,-1,0,0,0.0,0.0,0,0,56320383.0,12.7279220614,56320392,56320374,Benign,Friday,False,Normal
53,17,23/02/2018 09:19:30,15552,1,1,42,155,42,42,42.0,0.0,155,155,155.0,0.0,12667.1810699588,128.6008230453,15552.0,0.0,15552,15552,0,0.0,0.0,0,0,0,0.0,0.0,0,0,0,0,0,0,8,8,64.3004115226,64.3004115226,42,155,79.6666666667,65.2405804184,4256.3333333333,0,0,0,0,0,0,0,0,1,119.5,42.0,155.0,0,0,0,0,0,0,1,42,1,155,-1,-1,0,8,0.0,0.0,0,0,0.0,0.0,0,0,Benign,Friday,False,Normal
445,6,23/02/2018 04:24:36,193276,7,5,364,582,103,0,52.0,49.2172056636,409,0,116.4,167.0353256051,4894.5549369813,62.0873776361,17570.5454545455,19632.6044699303,38397,3,193276,32212.6666666667,15818.9504919469,40858,3,155396,38849.0,1538.3833505773,41151,37957,0,0,0,0,152,112,36.2176369544,25.8697406817,0,409,72.7692307692,109.5332170669,11997.5256410256,0,0,0,1,0,0,0,0,0,78.8333333333,52.0,116.4,0,0,0,0,0,0,7,364,5,582,8192,255,4,20,0.0,0.0,0,0,0.0,0.0,0,0,Benign,Friday,False,Normal
53,17,23/02/2018 01:42:44,40872,2,2,66,98,33,33,33.0,0.0,49,49,49.0,0.0,4012.5269132903,97.8665100803,13624.0,15928.6853506496,31152,33,31152,31152.0,0.0,31152,31152,33,33.0,0.0,33,33,0,0,0,0,16,16,48.9332550401,48.9332550401,33,49,39.4,8.7635609201,76.8,0,0,0,0,0,0,0,0,1,49.25,33.0,49.0,0,0,0,0,0,0,2,66,2,98,-1,-1,1,8,0.0,0.0,0,0,0.0,0.0,0,0,Benign,Friday,False,Normal
53,17,23/02/2018 01:13:32,353,1,1,40,56,40,40,40.0,0.0,56,56,56.0,0.0,271954.674220963,5665.7223796034,353.0,0.0,353,353,0,0.0,0.0,0,0,0,0.0,0.0,0,0,0,0,0,0,8,8,2832.8611898017,2832.8611898017,40,56,45.3333333333,9.237604307,85.3333333333,0,0,0,0,0,0,0,0,1,68.0,40.0,56.0,0,0,0,0,0,0,1,40,1,56,-1,-1,0,8,0.0,0.0,0,0,0.0,0.0,0,0,Benign,Friday,False,Normal
53,17,23/02/2018 04:02:16,350,1,1,32,48,32,32,32.0,0.0,48,48,48.0,0.0,228571.428571429,5714.2857142857,350.0,0.0,350,350,0,0.0,0.0,0,0,0,0.0,0.0,0,0,0,0,0,0,8,8,2857.1428571429,2857.1428571429,32,48,37.3333333333,9.237604307,85.3333333333,0,0,0,0,0,0,0,0,1,56.0,32.0,48.0,0,0,0,0,0,0,1,32,1,48,-1,-1,0,8,0.0,0.0,0,0,0.0,0.0,0,0,Benign,Friday,False,Normal
53,17,23/02/2018 04:02:22,109996,2,2,60,264,30,30,30.0,0.0,132,132,132.0,0.0,2945.5616567875,36.3649587258,36665.3333333333,39222.9805258771,78050,38,78050,78050.0,0.0,78050,78050,38,38.0,0.0,38,38,0,0,0,0,16,16,18.1824793629,18.1824793629,30,132,70.8,55.8677008655,3121.2,0,0,0,0,0,0,0,0,1,88.5,30.0,132.0,0,0,0,0,0,0,2,60,2,264,-1,-1,1,8,0.0,0.0,0,0,0.0,0.0,0,0,Benign,Friday,False,Normal
3389,6,23/02/2018 11:00:36,3397548,8,7,1128,1581,661,0,141.0,222.62332056,1173,0,225.8571428571,430.0986044197,797.3397285336,4.414948663,242682.0,283459.762928872,953184,3,3397548,485364.0,433873.974277478,1406449,3,2995549,499258.166666667,226229.531572177,953184,367458,0,0,0,0,172,152,2.3546392869,2.0603093761,0,1173,169.3125,317.7312740352,100953.1625,0,0,1,1,0,0,0,1,0,180.6,141.0,225.8571428571,0,0,0,0,0,0,8,1128,7,1581,8192,62872,5,20,0.0,0.0,0,0,0.0,0.0,0,0,Benign,Friday,False,Normal
53,17,23/02/2018 12:39:51,18916,1,1,30,225,30,30,30.0,0.0,225,225,225.0,0.0,13480.6513004864,105.7305984352,18916.0,0.0,18916,18916,0,0.0,0.0,0,0,0,0.0,0.0,0,0,0,0,0,0,8,8,52.8652992176,52.8652992176,30,225,95.0,112.583302492,12675.0,0,0,0,0,0,0,0,0,1,142.5,30.0,225.0,0,0,0,0,0,0,1,30,1,225,-1,-1,0,8,0.0,0.0,0,0,0.0,0.0,0,0,Benign,Friday,False,Normal
53,17,23/02/2018 10:38:17,24011,2,2,76,188,38,38,38.0,0.0,94,94,94.0,0.0,10994.9606430386,166.5903127733,8003.6666666667,11257.1359738316,20880,25,20880,20880.0,0.0,20880,20880,25,25.0,0.0,25,25,0,0,0,0,16,16,83.2951563867,83.2951563867,38,94,60.4,30.6724632203,940.8,0,0,0,0,0,0,0,0,1,75.5,38.0,94.0,0,0,0,0,0,0,2,76,2,188,-1,-1,1,8,0.0,0.0,0,0,0.0,0.0,0,0,Benign,Friday,False,Normal
53,17,23/02/2018 10:51:53,2128,1,1,30,132,30,30,30.0,0.0,132,132,132.0,0.0,76127.8195488722,939.8496240602,2128.0,0.0,2128,2128,0,0.0,0.0,0,0,0,0.0,0.0,0,0,0,0,0,0,8,8,469.9248120301,469.9248120301,30,132,64.0,58.8897274573,3468.0,0,0,0,0,0,0,0,0,1,96.0,30.0,132.0,0,0,0,0,0,0,1,30,1,132,-1,-1,0,8,0.0,0.0,0,0,0.0,0.0,0,0,Benign,Friday,False,Normal
53,17,23/02/2018 09:29:32,24324,2,2,88,144,44,44,44.0,0.0,72,72,72.0,0.0,9537.9049498438,164.4466370663,8108.0,13104.3563748854,23238,352,23972,23972.0,0.0,23972,23972,23590,23590.0,0.0,23590,23590,0,0,0,0,16,16,82.2233185331,82.2233185331,44,72,55.2,15.3362316101,235.2,0,0,0,0,0,0,0,0,1,69.0,44.0,72.0,0,0,0,0,0,0,2,88,2,144,-1,-1,1,8,0.0,0.0,0,0,0.0,0.0,0,0,Benign,Friday,False,Normal
50069,6,23/02/2018 09:37:33,25,1,1,0,0,0,0,0.0,0.0,0,0,0.0,0.0,0.0,80000.0,25.0,0.0,25,25,0,0.0,0.0,0,0,0,0.0,0.0,0,0,0,0,0,0,20,20,40000.0,40000.0,0,0,0.0,0.0,0.0,0,0,0,0,1,1,0,0,1,0.0,0.0,0.0,0,0,0,0,0,0,1,0,1,0,124,252,0,20,0.0,0.0,0,0,0.0,0.0,0,0,Benign,Friday,False,Normal
3389,6,23/02/2018 09:45:36,3576849,10,7,1144,1581,677,0,114.4,209.8969059112,1173,0,225.8571428571,430.0986044197,761.8437345272,4.7527866007,223553.0625,324798.531796039,1033257,4,3576849,397427.666666667,411974.584962774,1151388,4,3438131,573021.833333333,515704.449720736,1411530,140902,0,0,0,0,212,152,2.795756824,1.9570297768,0,1173,151.3888888889,305.0398506056,93049.3104575164,0,0,0,1,0,0,0,0,0,160.2941176471,114.4,225.8571428571,0,0,0,0,0,0,10,1144,7,1581,8192,62856,5,20,0.0,0.0,0,0,0.0,0.0,0,0,Benign,Friday,False,Normal
53,17,23/02/2018 02:00:51,326,1,1,55,119,55,55,55.0,0.0,119,119,119.0,0.0,533742.331288344,6134.9693251534,326.0,0.0,326,326,0,0.0,0.0,0,0,0,0.0,0.0,0,0,0,0,0,0,8,8,3067.4846625767,3067.4846625767,55,119,76.3333333333,36.9504172281,1365.3333333333,0,0,0,0,0,0,0,0,1,114.5,55.0,119.0,0,0,0,0,0,0,1,55,1,119,-1,-1,0,8,0.0,0.0,0,0,0.0,0.0,0,0,Benign,Friday,False,Normal
443,6,23/02/2018 08:30:39,10585623,9,18,1349,5911,485,0,149.8888888889,206.2107201653,1460,0,328.3888888889,548.9050211305,685.8358738073,2.5506292828,407139.346153846,1223557.81706981,4527939,0,10585623,1323202.875,2026801.29371349,4592681,321,6075960,357409.411764706,1115892.18790902,4527939,0,0,0,0,0,192,372,0.8502097609,1.7004195218,0,1460,259.2857142857,460.3991711824,211967.396825397,0,0,0,1,0,0,0,0,2,268.8888888889,149.8888888889,328.3888888889,0,0,0,0,0,0,9,1349,18,5911,8192,252,4,20,0.0,0.0,0,0,0.0,0.0,0,0,Benign,Friday,False,Normal
3389,6,23/02/2018 08:53:28,3995517,14,8,1441,1731,725,0,102.9285714286,191.1489408352,1179,0,216.375,405.4647906151,793.8897519395,5.5061710412,190262.714285714,241713.339565516,953135,54,3995517,307347.461538462,328858.251615752,1244677,4439,3870868,552981.142857143,316062.707556285,953135,165233,0,0,0,0,292,172,3.5039270262,2.002244015,0,1179,137.9130434783,278.894719961,77782.2648221344,0,0,1,1,0,0,0,1,0,144.1818181818,102.9285714286,216.375,0,0,0,0,0,0,14,1441,8,1731,8192,62644,7,20,0.0,0.0,0,0,0.0,0.0,0,0,Benign,Friday,False,Normal
445,6,23/02/2018 09:02:11,211802,3,1,0,0,0,0,0.0,0.0,0,0,0.0,0.0,0.0,18.8855629314,70600.6666666667,122222.458780428,211731,1,211802,105901.0,149765.216255311,211801,1,0,0.0,0.0,0,0,0,0,0,0,72,32,14.1641721986,4.7213907329,0,0,0.0,0.0,0.0,0,0,0,1,0,0,0,0,0,0.0,0.0,0.0,0,0,0,0,0,0,3,0,1,0,8192,8192,0,20,0.0,0.0,0,0,0.0,0.0,0,0,Benign,Friday,False,Normal
3389,6,23/02/2018 10:23:44,3868787,13,8,1440,1731,725,0,110.7692307692,196.5787178402,1179,0,216.375,405.4647906151,819.636749193,5.4280579417,193439.35,276916.576824003,953622,35,3868787,322398.916666667,391580.23394039,1317060,1643,3835518,547931.142857143,429473.722216478,1112442,108626,0,0,0,0,272,172,3.3602263448,2.0678315968,0,1179,144.1363636364,283.8113550959,80548.8852813853,0,0,1,1,0,0,0,1,0,151.0,110.7692307692,216.375,0,0,0,0,0,0,13,1440,8,1731,8192,62560,7,20,0.0,0.0,0,0,0.0,0.0,0,0,Benign,Friday,False,Normal
443,6,23/02/2018 11:17:32,316639,9,7,1716,4796,890,0,190.6666666667,308.8952087683,1460,0,685.1428571429,665.365671034,20566.007345905,50.5307305796,21109.2666666667,26598.7983199743,61111,1,316639,39579.875,33926.8653069153,91348,45,190352,31725.3333333333,34128.4589612052,64442,1,0,0,0,0,192,152,28.423535951,22.1071946286,0,1460,383.0588235294,532.5791573311,283640.558823529,0,0,0,1,0,0,0,0,0,407.0,190.6666666667,685.1428571429,0,0,0,0,0,0,9,1716,7,4796,8192,1026,4,20,0.0,0.0,0,0,0.0,0.0,0,0,Benign,Friday,False,Normal
10821,6,23/02/2018 10:41:10,86204739,2,0,0,0,0,0,0.0,0.0,0,0,0.0,0.0,0.0,0.0232005807,86204739.0,0.0,86204739,86204739,86204739,86204739.0,0.0,86204739,86204739,0,0.0,0.0,0,0,0,0,0,0,40,0,0.0232005807,0.0,0,0,0.0,0.0,0.0,0,0,0,0,1,0,0,0,0,0.0,0.0,0.0,0,0,0,0,0,0,2,0,0,0,62561,-1,0,20,0.0,0.0,0,0,86204739.0,0.0,86204739,86204739,Benign,Friday,False,Normal
53,17,23/02/2018 11:30:49,811,1,1,45,105,45,45,45.0,0.0,105,105,105.0,0.0,184956.843403206,2466.0912453761,811.0,0.0,811,811,0,0.0,0.0,0,0,0,0.0,0.0,0,0,0,0,0,0,8,8,1233.045622688,1233.045622688,45,105,65.0,34.6410161514,1200.0,0,0,0,0,0,0,0,0,1,97.5,45.0,105.0,0,0,0,0,0,0,1,45,1,105,-1,-1,0,8,0.0,0.0,0,0,0.0,0.0,0,0,Benign,Friday,False,Normal
55339,6,23/02/2018 09:19:27,86217385,2,0,0,0,0,0,0.0,0.0,0,0,0.0,0.0,0.0,0.0231971777,86217385.0,0.0,86217385,86217385,86217385,86217385.0,0.0,86217385,86217385,0,0.0,0.0,0,0,0,0,0,0,40,0,0.0231971777,0.0,0,0,0.0,0.0,0.0,0,0,0,0,1,0,0,0,0,0.0,0.0,0.0,0,0,0,0,0,0,2,0,0,0,64000,-1,0,20,0.0,0.0,0,0,86217385.0,0.0,86217385,86217385,Benign,Friday,False,Normal
43306,6,23/02/2018 10:05:19,86196538,2,0,0,0,0,0,0.0,0.0,0,0,0.0,0.0,0.0,0.023202788,86196538.0,0.0,86196538,86196538,86196538,86196538.0,0.0,86196538,86196538,0,0.0,0.0,0,0,0,0,0,0,40,0,0.023202788,0.0,0,0,0.0,0.0,0.0,0,0,0,0,1,0,0,0,0,0.0,0.0,0.0,0,0,0,0,0,0,2,0,0,0,62561,-1,0,20,0.0,0.0,0,0,86196538.0,0.0,86196538,86196538,Benign,Friday,False,Normal
53,17,23/02/2018 10:58:44,31569,2,2,94,214,47,47,47.0,0.0,107,107,107.0,0.0,9756.4066014128,126.7065792391,10523.0,10561.710514874,21123,0,21123,21123.0,0.0,21123,21123,0,0.0,0.0,0,0,0,0,0,0,16,16,63.3532896196,63.3532896196,47,107,71.0,32.8633534503,1080.0,0,0,0,0,0,0,0,0,1,88.75,47.0,107.0,0,0,0,0,0,0,2,94,2,214,-1,-1,1,8,0.0,0.0,0,0,0.0,0.0,0,0,Benign,Friday,False,Normal
51906,6,23/02/2018 10:10:55,86358161,2,0,0,0,0,0,0.0,0.0,0,0,0.0,0.0,0.0,0.023159363,86358161.0,0.0,86358161,86358161,86358161,86358161.0,0.0,86358161,86358161,0,0.0,0.0,0,0,0,0,0,0,40,0,0.023159363,0.0,0,0,0.0,0.0,0.0,0,0,0,0,1,0,0,0,0,0.0,0.0,0.0,0,0,0,0,0,0,2,0,0,0,62559,-1,0,20,0.0,0.0,0,0,86358161.0,0.0,86358161,86358161,Benign,Friday,False,Normal
53094,6,23/02/2018 08:25:13,86156089,2,0,0,0,0,0,0.0,0.0,0,0,0.0,0.0,0.0,0.0232136814,86156089.0,0.0,86156089,86156089,86156089,86156089.0,0.0,86156089,86156089,0,0.0,0.0,0,0,0,0,0,0,40,0,0.0232136814,0.0,0,0,0.0,0.0,0.0,0,0,0,0,1,0,0,0,0,0.0,0.0,0.0,0,0,0,0,0,0,2,0,0,0,62558,-1,0,20,0.0,0.0,0,0,86156089.0,0.0,86156089,86156089,Benign,Friday,False,Normal
53,17,23/02/2018 11:28:39,515,1,1,40,56,40,40,40.0,0.0,56,56,56.0,0.0,186407.766990291,3883.4951456311,515.0,0.0,515,515,0,0.0,0.0,0,0,0,0.0,0.0,0,0,0,0,0,0,8,8,1941.7475728155,1941.7475728155,40,56,45.3333333333,9.237604307,85.3333333333,0,0,0,0,0,0,0,0,1,68.0,40.0,56.0,0,0,0,0,0,0,1,40,1,56,-1,-1,0,8,0.0,0.0,0,0,0.0,0.0,0,0,Benign,Friday,False,Normal
53,17,23/02/2018 11:25:35,1379,1,1,33,97,33,33,33.0,0.0,97,97,97.0,0.0,94271.2110224801,1450.3263234228,1379.0,0.0,1379,1379,0,0.0,0.0,0,0,0,0.0,0.0,0,0,0,0,0,0,8,8,725.1631617114,725.1631617114,33,97,54.3333333333,36.9504172281,1365.3333333333,0,0,0,0,0,0,0,0,1,81.5,33.0,97.0,0,0,0,0,0,0,1,33,1,97,-1,-1,0,8,0.0,0.0,0,0,0.0,0.0,0,0,Benign,Friday,False,Normal
23796,6,23/02/2018 10:29:24,86433009,2,0,0,0,0,0,0.0,0.0,0,0,0.0,0.0,0.0,0.0231393078,86433009.0,0.0,86433009,86433009,86433009,86433009.0,0.0,86433009,86433009,0,0.0,0.0,0,0,0,0,0,0,40,0,0.0231393078,0.0,0,0,0.0,0.0,0.0,0,0,0,0,1,0,0,0,0,0.0,0.0,0.0,0,0,0,0,0,0,2,0,0,0,62558,-1,0,20,0.0,0.0,0,0,86433009.0,0.0,86433009,86433009,Benign,Friday,False,Normal
49476,6,23/02/2018 08:19:47,0,2,0,0,0,0,0,0.0,0.0,0,0,0.0,0.0,788.1881481705,46.3644477415,0.0,0.0,0,0,0,0.0,0.0,0,0,0,0.0,0.0,0,0,0,0,0,0,40,0,0.0,0.0,0,0,0.0,0.0,0.0,0,0,0,0,1,0,0,0,0,0.0,0.0,0.0,0,0,0,0,0,0,2,0,0,0,31,-1,0,20,0.0,0.0,0,0,0.0,0.0,0,0,Benign,Friday,False,Normal
3389,6,23/02/2018 10:10:25,3952107,14,8,1441,1731,725,0,102.9285714286,191.1489408352,1179,0,216.375,405.4647906151,802.609848367,5.5666509029,188195.571428571,271329.170526424,953167,5,3952107,304008.230769231,351746.200920767,1183307,5,3834526,547789.428571429,405958.172995633,999908,107038,0,0,0,0,292,172,3.542414211,2.024236692,0,1179,137.9130434783,278.894719961,77782.2648221344,0,0,1,1,0,0,0,1,0,144.1818181818,102.9285714286,216.375,0,0,0,0,0,0,14,1441,8,1731,8192,62644,7,20,0.0,0.0,0,0,0.0,0.0,0,0,Benign,Friday,False,Normal
445,6,23/02/2018 10:35:30,344302,7,5,364,582,103,0,52.0,49.2172056636,409,0,116.4,167.0353256051,2747.5878734367,34.8531231303,31300.1818181818,35376.5636257062,68490,3,344302,57383.6666666667,28135.5051112765,71203,3,276211,69052.75,1301.585283414,70983,68133,0,0,0,0,152,112,20.3309884927,14.5221346376,0,409,72.7692307692,109.5332170669,11997.5256410256,0,0,0,1,0,0,0,0,0,78.8333333333,52.0,116.4,0,0,0,0,0,0,7,364,5,582,8192,255,4,20,0.0,0.0,0,0,0.0,0.0,0,0,Benign,Friday,False,Normal
3389,6,23/02/2018 10:55:27,4143100,14,8,1432,1727,725,0,102.2857142857,191.0168855087,1175,0,215.875,404.1083438528,762.4725447129,5.3100335498,197290.476190476,259461.924559003,953113,36,4143100,318700.0,345292.565465143,1245551,200,4114352,587764.571428571,372787.931985402,953113,106982,0,0,0,0,292,172,3.3791122589,1.9309212908,0,1175,137.347826087,278.2142092796,77403.1462450593,0,0,1,1,0,0,0,1,0,143.5909090909,102.2857142857,215.875,0,0,0,0,0,0,14,1432,8,1727,8192,62568,7,20,0.0,0.0,0,0,0.0,0.0,0,0,Benign,Friday,False,Normal
3389,6,23/02/2018 12:10:27,4211677,13,9,1459,1731,741,0,112.2307692308,200.6664537012,1179,0,192.3333333333,386.0744746807,757.4180071264,5.2235724629,200556.047619048,248746.821039481,953299,73,4211677,350973.083333333,323024.20452413,1211853,96610,4067975,508496.875,367660.873908255,1007949,109413,0,0,0,0,272,192,3.0866564554,2.1369160076,0,1179,138.6956521739,280.4109702793,78630.3122529645,0,0,1,1,0,0,0,1,0,145.0,112.2307692308,192.3333333333,0,0,0,0,0,0,13,1459,9,1731,8192,62541,7,20,0.0,0.0,0,0,0.0,0.0,0,0,Benign,Friday,False,Normal
80,6,23/02/2018 12:22:53,54552963,2,0,0,0,0,0,0.0,0.0,0,0,0.0,0.0,0.0,0.03666162,54552963.0,0.0,54552963,54552963,54552963,54552963.0,0.0,54552963,54552963,0,0.0,0.0,0,0,0,0,0,0,40,0,0.03666162,0.0,0,0,0.0,0.0,0.0,0,0,0,0,1,0,0,0,0,0.0,0.0,0.0,0,0,0,0,0,0,2,0,0,0,279,-1,0,20,0.0,0.0,0,0,0.0,0.0,0,0,Benign,Friday,False,Normal
445,6,23/02/2018 12:38:51,112772,3,1,0,0,0,0,0.0,0.0,0,0,0.0,0.0,0.0,35.4697974675,37590.6666666667,65024.0917839944,112674,1,112772,56386.0,79740.431714407,112771,1,0,0.0,0.0,0,0,0,0,0,0,72,32,26.6023481006,8.8674493669,0,0,0.0,0.0,0.0,0,0,0,1,0,0,0,0,0,0.0,0.0,0.0,0,0,0,0,0,0,3,0,1,0,8192,8192,0,20,0.0,0.0,0,0,0.0,0.0,0,0,Benign,Friday,False,Normal
445,6,23/02/2018 03:05:50,252515,3,1,0,0,0,0,0.0,0.0,0,0,0.0,0.0,0.0,15.8406431301,84171.6666666667,145657.10153073,252362,69,252515,126257.5,178436.274912082,252431,84,0,0.0,0.0,0,0,0,0,0,0,72,32,11.8804823476,3.9601607825,0,0,0.0,0.0,0.0,0,0,0,1,0,0,0,0,0,0.0,0.0,0.0,0,0,0,0,0,0,3,0,1,0,8192,8192,0,20,0.0,0.0,0,0,0.0,0.0,0,0,Benign,Friday,False,Normal
80,6,23/02/2018 05:28:11,51340,3,4,437,860,437,0,145.6666666667,252.3020676359,860,0,215.0,430.0,25262.9528632645,136.3459291001,8556.6666666667,12629.5306748377,25919,46,26158,13079.0,18223.5559647397,25965,193,25421,8473.6666666667,13434.6943520623,23970,102,0,0,0,0,72,92,58.4339696143,77.9119594858,0,860,162.125,320.7787121099,102898.982142857,0,0,0,1,0,0,0,0,1,185.2857142857,145.6666666667,215.0,0,0,0,0,0,0,3,437,4,860,8192,31,1,20,0.0,0.0,0,0,0.0,0.0,0,0,Benign,Friday,False,Normal
49349,6,23/02/2018 11:29:19,133,2,0,0,0,0,0,0.0,0.0,0,0,0.0,0.0,0.0,15037.5939849624,133.0,0.0,133,133,133,133.0,0.0,133,133,0,0.0,0.0,0,0,0,0,0,0,40,0,15037.5939849624,0.0,0,0,0.0,0.0,0.0,0,0,0,0,1,0,0,0,0,0.0,0.0,0.0,0,0,0,0,0,0,2,0,0,0,257,-1,0,20,0.0,0.0,0,0,0.0,0.0,0,0,Benign,Friday,False,Normal
14042,6,23/02/2018 10:28:35,85903383,2,0,0,0,0,0,0.0,0.0,0,0,0.0,0.0,0.0,0.0232819702,85903383.0,0.0,85903383,85903383,85903383,85903383.0,0.0,85903383,85903383,0,0.0,0.0,0,0,0,0,0,0,40,0,0.0232819702,0.0,0,0,0.0,0.0,0.0,0,0,0,0,1,0,0,0,0,0.0,0.0,0.0,0,0,0,0,0,0,2,0,0,0,62568,-1,0,20,0.0,0.0,0,0,85903383.0,0.0,85903383,85903383,Benign,Friday,False,Normal
53542,6,23/02/2018 12:27:05,86064367,2,0,0,0,0,0,0.0,0.0,0,0,0.0,0.0,0.0,0.0232384211,86064367.0,0.0,86064367,86064367,86064367,86064367.0,0.0,86064367,86064367,0,0.0,0.0,0,0,0,0,0,0,40,0,0.0232384211,0.0,0,0,0.0,0.0,0.0,0,0,0,0,1,0,0,0,0,0.0,0.0,0.0,0,0,0,0,0,0,2,0,0,0,62559,-1,0,20,0.0,0.0,0,0,86064367.0,0.0,86064367,86064367,Benign,Friday,False,Normal
53,17,23/02/2018 05:28:11,467,1,1,74,202,74,74,74.0,0.0,202,202,202.0,0.0,591006.423982869,4282.6552462527,467.0,0.0,467,467,0,0.0,0.0,0,0,0,0.0,0.0,0,0,0,0,0,0,8,8,2141.3276231263,2141.3276231263,74,202,116.6666666667,73.9008344563,5461.3333333333,0,0,0,0,0,0,0,0,1,175.0,74.0,202.0,0,0,0,0,0,0,1,74,1,202,-1,-1,0,8,0.0,0.0,0,0,0.0,0.0,0,0,Benign,Friday,False,Normal
445,6,23/02/2018 08:45:00,1092058,6,5,455,338,140,0,75.8333333333,62.9362110924,145,0,67.6,69.7588704037,726.1519076826,10.072725075,109205.8,141248.013695218,299857,3,1091984,218396.8,123075.108302613,299969,3,1092004,273001.0,17953.7492648936,299931,263911,0,0,0,0,132,112,5.4942136773,4.5785113977,0,145,66.0833333333,63.40269328,4019.9015151515,0,0,0,1,0,0,0,0,0,72.0909090909,75.8333333333,67.6,0,0,0,0,0,0,6,455,5,338,8192,0,4,20,0.0,0.0,0,0,0.0,0.0,0,0,Benign,Friday,False,Normal
53,17,23/02/2018 08:16:56,375,1,1,39,55,39,39,39.0,0.0,55,55,55.0,0.0,250666.666666667,5333.3333333333,375.0,0.0,375,375,0,0.0,0.0,0,0,0,0.0,0.0,0,0,0,0,0,0,8,8,2666.6666666667,2666.6666666667,39,55,44.3333333333,9.237604307,85.3333333333,0,0,0,0,0,0,0,0,1,66.5,39.0,55.0,0,0,0,0,0,0,1,39,1,55,-1,-1,0,8,0.0,0.0,0,0,0.0,0.0,0,0,Benign,Friday,False,Normal
52419,6,23/02/2018 04:08:48,28,1,1,0,0,0,0,0.0,0.0,0,0,0.0,0.0,0.0,71428.5714285714,28.0,0.0,28,28,0,0.0,0.0,0,0,0,0.0,0.0,0,0,0,0,0,0,20,20,35714.2857142857,35714.2857142857,0,0,0.0,0.0,0.0,0,0,0,0,1,1,0,0,1,0.0,0.0,0.0,0,0,0,0,0,0,1,0,1,0,154,253,0,20,0.0,0.0,0,0,0.0,0.0,0,0,Benign,Friday,False,Normal
21713,6,23/02/2018 10:58:17,85947767,2,0,0,0,0,0,0.0,0.0,0,0,0.0,0.0,0.0,0.0232699472,85947767.0,0.0,85947767,85947767,85947767,85947767.0,0.0,85947767,85947767,0,0.0,0.0,0,0,0,0,0,0,40,0,0.0232699472,0.0,0,0,0.0,0.0,0.0,0,0,0,0,1,0,0,0,0,0.0,0.0,0.0,0,0,0,0,0,0,2,0,0,0,62570,-1,0,20,0.0,0.0,0,0,85947767.0,0.0,85947767,85947767,Benign,Friday,False,Normal
53,17,23/02/2018 01:29:39,12236,1,1,54,115,54,54,54.0,0.0,115,115,115.0,0.0,13811.7031709709,163.4521085322,12236.0,0.0,12236,12236,0,0.0,0.0,0,0,0,0.0,0.0,0,0,0,0,0,0,8,8,81.7260542661,81.7260542661,54,115,74.3333333333,35.2183664206,1240.3333333333,0,0,0,0,0,0,0,0,1,111.5,54.0,115.0,0,0,0,0,0,0,1,54,1,115,-1,-1,0,8,0.0,0.0,0,0,0.0,0.0,0,0,Benign,Friday,False,Normal
53,17,23/02/2018 04:34:09,1375,1,1,36,97,36,36,36.0,0.0,97,97,97.0,0.0,96727.2727272727,1454.5454545455,1375.0,0.0,1375,1375,0,0.0,0.0,0,0,0,0.0,0.0,0,0,0,0,0,0,8,8,727.2727272727,727.2727272727,36,97,56.3333333333,35.2183664206,1240.3333333333,0,0,0,0,0,0,0,0,1,84.5,36.0,97.0,0,0,0,0,0,0,1,36,1,97,-1,-1,0,8,0.0,0.0,0,0,0.0,0.0,0,0,Benign,Friday,False,Normal
